ISO-10303-21;
HEADER;
FILE_DESCRIPTION(('ViewDefinition[DesignTransferView]'),'2;1');
FILE_NAME('s03-activity.ifc','2026-10-10T11:47:46+08:00',(''),(''),'IfcOpenShell 0.8.5-post1','Bonsai 0.8.5-post1','Nobody');
FILE_SCHEMA(('IFC4'));
ENDSEC;
DATA;
#1=IFCPROJECT('1AVY$rPTr8yfGhpig96EHH',$,'My Project',$,$,$,$,(#10,#22),#5);
#2=IFCSIUNIT(*,.LENGTHUNIT.,$,.METRE.);
#3=IFCSIUNIT(*,.AREAUNIT.,$,.SQUARE_METRE.);
#4=IFCSIUNIT(*,.VOLUMEUNIT.,$,.CUBIC_METRE.);
#5=IFCUNITASSIGNMENT((#4,#2,#3));
#6=IFCCARTESIANPOINT((0.,0.,0.));
#7=IFCDIRECTION((0.,0.,1.));
#8=IFCDIRECTION((1.,0.,0.));
#9=IFCAXIS2PLACEMENT3D(#6,#7,#8);
#10=IFCGEOMETRICREPRESENTATIONCONTEXT($,'Model',3,1.0000000000000001E-05,#9,$);
#11=IFCGEOMETRICREPRESENTATIONSUBCONTEXT('Body','Model',*,*,*,*,#10,$,.MODEL_VIEW.,$);
#12=IFCGEOMETRICREPRESENTATIONSUBCONTEXT('Axis','Model',*,*,*,*,#10,$,.GRAPH_VIEW.,$);
#13=IFCGEOMETRICREPRESENTATIONSUBCONTEXT('Box','Model',*,*,*,*,#10,$,.MODEL_VIEW.,$);
#14=IFCGEOMETRICREPRESENTATIONSUBCONTEXT('Annotation','Model',*,*,*,*,#10,$,.SECTION_VIEW.,$);
#15=IFCGEOMETRICREPRESENTATIONSUBCONTEXT('Annotation','Model',*,*,*,*,#10,$,.ELEVATION_VIEW.,$);
#16=IFCGEOMETRICREPRESENTATIONSUBCONTEXT('Annotation','Model',*,*,*,*,#10,$,.MODEL_VIEW.,$);
#17=IFCGEOMETRICREPRESENTATIONSUBCONTEXT('Annotation','Model',*,*,*,*,#10,$,.PLAN_VIEW.,$);
#18=IFCGEOMETRICREPRESENTATIONSUBCONTEXT('Profile','Model',*,*,*,*,#10,$,.ELEVATION_VIEW.,$);
#19=IFCCARTESIANPOINT((0.,0.));
#20=IFCDIRECTION((1.,0.));
#21=IFCAXIS2PLACEMENT2D(#19,#20);
#22=IFCGEOMETRICREPRESENTATIONCONTEXT($,'Plan',2,1.0000000000000001E-05,#21,$);
#23=IFCGEOMETRICREPRESENTATIONSUBCONTEXT('Axis','Plan',*,*,*,*,#22,$,.GRAPH_VIEW.,$);
#24=IFCGEOMETRICREPRESENTATIONSUBCONTEXT('Body','Plan',*,*,*,*,#22,$,.PLAN_VIEW.,$);
#25=IFCGEOMETRICREPRESENTATIONSUBCONTEXT('Annotation','Plan',*,*,*,*,#22,$,.PLAN_VIEW.,$);
#26=IFCGEOMETRICREPRESENTATIONSUBCONTEXT('Annotation','Plan',*,*,*,*,#22,$,.REFLECTED_PLAN_VIEW.,$);
#27=IFCSITE('3iJYH8Swr5n89ZHeIam2fA',$,'My Site',$,$,#50,$,$,$,$,$,$,$,$);
#33=IFCBUILDING('2rlyJuq697nuiE63NcBNqT',$,'My Building',$,$,#56,$,$,$,$,$,$);
#39=IFCBUILDINGSTOREY('2x6NRamxj2FPtzH3GuzclS',$,'2F',$,$,#18877,$,$,$,$);
#45=IFCRELAGGREGATES('31ZPjaiwrCReYSUphVJyBw',$,$,$,#1,(#27));
#46=IFCCARTESIANPOINT((0.,0.,0.));
#47=IFCDIRECTION((0.,0.,1.));
#48=IFCDIRECTION((1.,0.,0.));
#49=IFCAXIS2PLACEMENT3D(#46,#47,#48);
#50=IFCLOCALPLACEMENT($,#49);
#51=IFCRELAGGREGATES('0tGYQpT1X3dfg74Dw2R6p5',$,$,$,#27,(#33));
#52=IFCCARTESIANPOINT((0.,0.,0.));
#53=IFCDIRECTION((0.,0.,1.));
#54=IFCDIRECTION((1.,0.,0.));
#55=IFCAXIS2PLACEMENT3D(#52,#53,#54);
#56=IFCLOCALPLACEMENT(#50,#55);
#57=IFCRELAGGREGATES('2x_8UO7Bf80Bv09p08etzs',$,$,$,#33,(#18963,#39,#63));
#63=IFCBUILDINGSTOREY('1n18NJm791ROiGA8VKDMQr',$,'GF',$,$,#79,$,$,$,$);
#75=IFCCARTESIANPOINT((0.,0.,0.));
#76=IFCDIRECTION((0.,0.,1.));
#77=IFCDIRECTION((1.,0.,0.));
#78=IFCAXIS2PLACEMENT3D(#75,#76,#77);
#79=IFCLOCALPLACEMENT(#56,#78);
#80=IFCWALLTYPE('0rf9ZOuQz7tRd$y6i3Rbkc',$,'Unnamed',$,$,(#85),$,$,$,.SOLIDWALL.);
#81=IFCMATERIAL('Unknown',$,$);
#82=IFCMATERIALLAYERSET((#84),$,$);
#83=IFCRELASSOCIATESMATERIAL('2vzOTU80b8wODFRwF4DQhm',$,$,$,(#80),#82);
#84=IFCMATERIALLAYER(#81,0.10000000000000001,$,$,$,$,$);
#85=IFCPROPERTYSET('36amm4yDbFxRMSohT7k$yW',$,'EPset_Parametric',$,(#86));
#86=IFCPROPERTYSINGLEVALUE('LayerSetDirection',$,IFCLABEL('AXIS2'),$);
#87=IFCWALL('0dEGq5HZH9p9lDexsIClbk',$,'Wall',$,$,#787,#95,$,$);
#88=IFCRELCONTAINEDINSPATIALSTRUCTURE('0j85FadIj3P8vU48Yzik3F',$,$,$,(#1058,#127,#203,#611,#303,#4706,#328,#228,#3249,#18487,#3844,#15127,#1808,#87,#1284,#801,#253,#1415,#1033,#586,#278,#5022),#63);
#89=IFCRELDEFINESBYTYPE('3g2GpPQBr2qRiej9GrkgYZ',$,$,$,(#1058,#203,#6523,#6448,#303,#127,#611,#228,#10874,#328,#6223,#6373,#8896,#6143,#6835,#801,#253,#6298,#87,#1033,#6947,#6663,#278,#6104,#6588,#586,#11175,#8789),#80);
#90=IFCMATERIALLAYERSETUSAGE(#82,.AXIS2.,.POSITIVE.,0.,$);
#91=IFCRELASSOCIATESMATERIAL('1SJoEqOpvD1hhA6v_J1ZOZ',$,$,$,(#87),#90);
#95=IFCPRODUCTDEFINITIONSHAPE($,$,(#1264,#1261));
#111=IFCPROPERTYSET('3qKIS5STbCBP4YNg2lDv1c',$,'EPset_Parametric',$,(#113));
#112=IFCRELDEFINESBYPROPERTIES('0SLn90fhr8FAEycjtHDoN4',$,$,$,(#87),#111);
#113=IFCPROPERTYSINGLEVALUE('Engine',$,IFCLABEL('Bonsai.DumbLayer2'),$);
#127=IFCWALL('10A5UiUR91OPR2a_3DjFhS',$,'Wall',$,$,#138,#133,$,$);
#128=IFCMATERIALLAYERSETUSAGE(#82,.AXIS2.,.POSITIVE.,0.,$);
#129=IFCRELASSOCIATESMATERIAL('2IlC52_$1D5Qr6HS748uW3',$,$,$,(#127),#128);
#133=IFCPRODUCTDEFINITIONSHAPE($,$,(#5434,#5431));
#134=IFCCARTESIANPOINT((4.2174768447875977,-2.6000680923461914,0.));
#135=IFCDIRECTION((0.,0.,1.));
#136=IFCDIRECTION((7.5497901264043109E-08,0.99999999999999711,0.));
#137=IFCAXIS2PLACEMENT3D(#134,#135,#136);
#138=IFCLOCALPLACEMENT(#79,#137);
#149=IFCPROPERTYSET('0W6F6eJNj3ePjqwoIrhY06',$,'EPset_Parametric',$,(#151));
#150=IFCRELDEFINESBYPROPERTIES('22WmTYjPb8PfRs$F05KoIj',$,$,$,(#127),#149);
#151=IFCPROPERTYSINGLEVALUE('Engine',$,IFCLABEL('Bonsai.DumbLayer2'),$);
#203=IFCWALL('1E1tEcLLLB991EcQPHRKqM',$,'Wall',$,$,#5421,#209,$,$);
#204=IFCMATERIALLAYERSETUSAGE(#82,.AXIS2.,.POSITIVE.,0.,$);
#205=IFCRELASSOCIATESMATERIAL('0$0REDHfD7J812Q4HejyNm',$,$,$,(#203),#204);
#209=IFCPRODUCTDEFINITIONSHAPE($,$,(#5416,#5413));
#225=IFCPROPERTYSET('3Sx0M15PP24AteXrmP2OK5',$,'EPset_Parametric',$,(#227));
#226=IFCRELDEFINESBYPROPERTIES('1ckwdFdRvCRRin_El$PeLb',$,$,$,(#203),#225);
#227=IFCPROPERTYSINGLEVALUE('Engine',$,IFCLABEL('Bonsai.DumbLayer2'),$);
#228=IFCWALL('3QcZp0$uH0YuInQIcGmQE3',$,'Wall',$,$,#449,#234,$,$);
#229=IFCMATERIALLAYERSETUSAGE(#82,.AXIS2.,.POSITIVE.,0.,$);
#230=IFCRELASSOCIATESMATERIAL('0ZzFh_EAT3PQW1s6_qpVbe',$,$,$,(#228),#229);
#234=IFCPRODUCTDEFINITIONSHAPE($,$,(#489,#486));
#250=IFCPROPERTYSET('3WKnuYFijE6QnQvFkRzMtN',$,'EPset_Parametric',$,(#252));
#251=IFCRELDEFINESBYPROPERTIES('1tha5yGrn43gL0EX6QUiB6',$,$,$,(#228),#250);
#252=IFCPROPERTYSINGLEVALUE('Engine',$,IFCLABEL('Bonsai.DumbLayer2'),$);
#253=IFCWALL('2_DJFh8g558eqb8kdGm89$',$,'Wall.016',$,$,#264,#259,$,$);
#254=IFCMATERIALLAYERSETUSAGE(#82,.AXIS2.,.POSITIVE.,0.,$);
#255=IFCRELASSOCIATESMATERIAL('1lVhURvOL99uB3jPWQotfl',$,$,$,(#253),#254);
#259=IFCPRODUCTDEFINITIONSHAPE($,$,(#1032,#1029));
#260=IFCCARTESIANPOINT((0.81747877597808838,4.9999322891235352,0.));
#261=IFCDIRECTION((0.,0.,1.));
#262=IFCDIRECTION((-0.99999999999992428,3.8941436741876494E-07,0.));
#263=IFCAXIS2PLACEMENT3D(#260,#261,#262);
#264=IFCLOCALPLACEMENT(#79,#263);
#275=IFCPROPERTYSET('15HjYJd2P3PB1W5Qxl6P$B',$,'EPset_Parametric',$,(#277));
#276=IFCRELDEFINESBYPROPERTIES('04dwBKj196cAqMmnGDw74c',$,$,$,(#253),#275);
#277=IFCPROPERTYSINGLEVALUE('Engine',$,IFCLABEL('Bonsai.DumbLayer2'),$);
#278=IFCWALL('00OlOv8QbC6geTZJ1Y9sEE',$,'Wall',$,$,#508,#284,$,$);
#279=IFCMATERIALLAYERSETUSAGE(#82,.AXIS2.,.POSITIVE.,0.,$);
#280=IFCRELASSOCIATESMATERIAL('3F2amjLkbFnB$uZ72X0etp',$,$,$,(#278),#279);
#284=IFCPRODUCTDEFINITIONSHAPE($,$,(#768,#765));
#300=IFCPROPERTYSET('0xJbopGRfBV88BvxJtA$Ah',$,'EPset_Parametric',$,(#302));
#301=IFCRELDEFINESBYPROPERTIES('1qPxjLlf1Cav6acSwSi4re',$,$,$,(#278),#300);
#302=IFCPROPERTYSINGLEVALUE('Engine',$,IFCLABEL('Bonsai.DumbLayer2'),$);
#303=IFCWALL('0NeRvq_WfD$QanPDXGgHsW',$,'Wall',$,$,#540,#309,$,$);
#304=IFCMATERIALLAYERSETUSAGE(#82,.AXIS2.,.POSITIVE.,0.,$);
#305=IFCRELASSOCIATESMATERIAL('34RMcijynFrB_ky6vucpwi',$,$,$,(#303),#304);
#309=IFCPRODUCTDEFINITIONSHAPE($,$,(#585,#582));
#325=IFCPROPERTYSET('2DtQY$g3XASRKJVU2i17bf',$,'EPset_Parametric',$,(#327));
#326=IFCRELDEFINESBYPROPERTIES('254aE4lGfB5g3VMySv9wnQ',$,$,$,(#303),#325);
#327=IFCPROPERTYSINGLEVALUE('Engine',$,IFCLABEL('Bonsai.DumbLayer2'),$);
#328=IFCWALL('0KzP_vSAD2O8JJhFOhCgOh',$,'Wall',$,$,#572,#334,$,$);
#329=IFCMATERIALLAYERSETUSAGE(#82,.AXIS2.,.POSITIVE.,0.,$);
#330=IFCRELASSOCIATESMATERIAL('1EtbfVIR957QD_JnxSVCtA',$,$,$,(#328),#329);
#334=IFCPRODUCTDEFINITIONSHAPE($,$,(#1277,#1274));
#350=IFCPROPERTYSET('0vdpZ19WDA_QAHLovUgI21',$,'EPset_Parametric',$,(#352));
#351=IFCRELDEFINESBYPROPERTIES('3bTi0Fn4j15RIDGgphSe5Z',$,$,$,(#328),#350);
#352=IFCPROPERTYSINGLEVALUE('Engine',$,IFCLABEL('Bonsai.DumbLayer2'),$);
#431=IFCRELCONNECTSPATHELEMENTS('0Xd8cNqW961uC64jmikz8f',$,$,$,$,#228,#203,(),(),.ATEND.,.ATSTART.);
#445=IFCCARTESIANPOINT((0.8174786567687764,6.499932586360984,0.));
#446=IFCDIRECTION((0.,0.,1.));
#447=IFCDIRECTION((7.5497901264043123E-08,-0.99999999999999722,0.));
#448=IFCAXIS2PLACEMENT3D(#445,#446,#447);
#449=IFCLOCALPLACEMENT(#79,#448);
#463=IFCRELCONNECTSPATHELEMENTS('006EqkiHb1_8CvlgCH9yca',$,$,$,$,#253,#228,(),(),.ATEND.,.ATSTART.);
#477=IFCCARTESIANPOINTLIST2D(((0.,0.),(0.10000001629206913,0.10000000000000001),(1.6000003437286883,0.10000000000000001),(1.5000002972374507,0.)));
#478=IFCINDEXEDPOLYCURVE(#477,(IFCLINEINDEX((1,2,3,4,1))),$);
#479=IFCARBITRARYCLOSEDPROFILEDEF(.AREA.,$,#478);
#480=IFCCARTESIANPOINT((0.,0.,0.));
#481=IFCDIRECTION((0.,0.,1.));
#482=IFCDIRECTION((1.,0.,0.));
#483=IFCAXIS2PLACEMENT3D(#480,#481,#482);
#484=IFCDIRECTION((0.,0.,1.));
#485=IFCEXTRUDEDAREASOLID(#479,#483,#484,3.);
#486=IFCSHAPEREPRESENTATION(#11,'Body','SweptSolid',(#485));
#487=IFCCARTESIANPOINTLIST2D(((0.,0.),(1.5000002972374507,0.)));
#488=IFCINDEXEDPOLYCURVE(#487,$,$);
#489=IFCSHAPEREPRESENTATION(#23,'Axis','Curve2D',(#488));
#490=IFCRELCONNECTSPATHELEMENTS('2OMzJA0kj4Kflcw_DjBSGs',$,$,$,$,#278,#253,(),(),.ATEND.,.ATSTART.);
#504=IFCCARTESIANPOINT((-2.7825212478638393,4.9999336910152667,0.));
#505=IFCDIRECTION((0.,0.,1.));
#506=IFCDIRECTION((7.5497901264043123E-08,-0.99999999999999722,0.));
#507=IFCAXIS2PLACEMENT3D(#504,#505,#506);
#508=IFCLOCALPLACEMENT(#79,#507);
#522=IFCRELCONNECTSPATHELEMENTS('1z2$AJpe1ChgJ64SV5$z$9',$,$,$,$,#303,#278,(),(),.ATEND.,.ATSTART.);
#536=IFCCARTESIANPOINT((-2.7825208628244802,-0.100067138671875,0.));
#537=IFCDIRECTION((0.,0.,1.));
#538=IFCDIRECTION((1.,0.,0.));
#539=IFCAXIS2PLACEMENT3D(#536,#537,#538);
#540=IFCLOCALPLACEMENT(#79,#539);
#554=IFCRELCONNECTSPATHELEMENTS('1mnYuEBCzERg$fydYeI8uD',$,$,$,$,#328,#303,(),(),.ATEND.,.ATSTART.);
#568=IFCCARTESIANPOINT((0.21747922986722862,-0.100067138671875,0.));
#569=IFCDIRECTION((0.,0.,1.));
#570=IFCDIRECTION((0.003998940309823438,-0.99999200420623291,0.));
#571=IFCAXIS2PLACEMENT3D(#568,#569,#570);
#572=IFCLOCALPLACEMENT(#79,#571);
#573=IFCCARTESIANPOINTLIST2D(((0.,0.),(0.099999992450210171,0.10000000000000001),(3.0996009950490007,0.10000000000000001),(3.000000092691709,0.)));
#574=IFCINDEXEDPOLYCURVE(#573,(IFCLINEINDEX((1,2,3,4,1))),$);
#575=IFCARBITRARYCLOSEDPROFILEDEF(.AREA.,$,#574);
#576=IFCCARTESIANPOINT((0.,0.,0.));
#577=IFCDIRECTION((0.,0.,1.));
#578=IFCDIRECTION((1.,0.,0.));
#579=IFCAXIS2PLACEMENT3D(#576,#577,#578);
#580=IFCDIRECTION((0.,0.,1.));
#581=IFCEXTRUDEDAREASOLID(#575,#579,#580,3.);
#582=IFCSHAPEREPRESENTATION(#11,'Body','SweptSolid',(#581));
#583=IFCCARTESIANPOINTLIST2D(((0.,0.),(3.000000092691709,0.)));
#584=IFCINDEXEDPOLYCURVE(#583,$,$);
#585=IFCSHAPEREPRESENTATION(#23,'Axis','Curve2D',(#584));
#586=IFCWALL('05mMsCf_f0hxipKsoPchSX',$,'Wall',$,$,#597,#592,$,$);
#587=IFCMATERIALLAYERSETUSAGE(#82,.AXIS2.,.POSITIVE.,0.,$);
#588=IFCRELASSOCIATESMATERIAL('2sPJ_JtvT4LRJoDXU0H_$s',$,$,$,(#586),#587);
#592=IFCPRODUCTDEFINITIONSHAPE($,$,(#693,#690));
#593=IFCCARTESIANPOINT((0.31708014011383057,-6.7138142185285687E-05,0.));
#594=IFCDIRECTION((0.,0.,1.));
#595=IFCDIRECTION((7.5497901264043109E-08,0.99999999999999711,0.));
#596=IFCAXIS2PLACEMENT3D(#593,#594,#595);
#597=IFCLOCALPLACEMENT(#79,#596);
#608=IFCPROPERTYSET('2O2syMLsj6xuAgWW6Lg_L4',$,'EPset_Parametric',$,(#610));
#609=IFCRELDEFINESBYPROPERTIES('1f9sXY8ID2zvP2lBOHVSzo',$,$,$,(#586),#608);
#610=IFCPROPERTYSINGLEVALUE('Engine',$,IFCLABEL('Bonsai.DumbLayer2'),$);
#611=IFCWALL('2FAaw4YV97tOSIbIldYiad',$,'Wall.001',$,$,#680,#617,$,$);
#612=IFCMATERIALLAYERSETUSAGE(#82,.AXIS2.,.POSITIVE.,0.,$);
#613=IFCRELASSOCIATESMATERIAL('1PGohOyXr39xI0Vp1cdvh8',$,$,$,(#611),#612);
#617=IFCPRODUCTDEFINITIONSHAPE($,$,(#755,#752));
#633=IFCPROPERTYSET('0KC9rn7bL49eu2y7Gaupz3',$,'EPset_Parametric',$,(#635));
#634=IFCRELDEFINESBYPROPERTIES('3hYqhkBqP5TO85Q13H8hVj',$,$,$,(#611),#633);
#635=IFCPROPERTYSINGLEVALUE('Engine',$,IFCLABEL('Bonsai.DumbLayer2'),$);
#662=IFCRELCONNECTSPATHELEMENTS('3BszJLlLDFqRmTyJ0zZUD7',$,$,$,$,#611,#586,(),(),.ATEND.,.ATSTART.);
#676=IFCCARTESIANPOINT((0.31708033640835948,2.5999326705932599,0.));
#677=IFCDIRECTION((0.,0.,1.));
#678=IFCDIRECTION((-0.99999999999998868,-1.5099580252808492E-07,0.));
#679=IFCAXIS2PLACEMENT3D(#676,#677,#678);
#680=IFCLOCALPLACEMENT(#79,#679);
#681=IFCCARTESIANPOINTLIST2D(((0.,0.),(0.,0.10000000000000001),(2.4999997860860792,0.10000000000000001),(2.5999998087354523,0.)));
#682=IFCINDEXEDPOLYCURVE(#681,(IFCLINEINDEX((1,2,3,4,1))),$);
#683=IFCARBITRARYCLOSEDPROFILEDEF(.AREA.,$,#682);
#684=IFCCARTESIANPOINT((0.,0.,0.));
#685=IFCDIRECTION((0.,0.,1.));
#686=IFCDIRECTION((1.,0.,0.));
#687=IFCAXIS2PLACEMENT3D(#684,#685,#686);
#688=IFCDIRECTION((0.,0.,1.));
#689=IFCEXTRUDEDAREASOLID(#683,#687,#688,3.);
#690=IFCSHAPEREPRESENTATION(#11,'Body','SweptSolid',(#689));
#691=IFCCARTESIANPOINTLIST2D(((0.,0.),(2.5999998087354523,0.)));
#692=IFCINDEXEDPOLYCURVE(#691,$,$);
#693=IFCSHAPEREPRESENTATION(#23,'Axis','Curve2D',(#692));
#742=IFCRELCONNECTSPATHELEMENTS('2cquAx3nbDU8ieBF7zTyP2',$,$,$,$,#611,#278,(),(),.ATPATH.,.ATEND.);
#743=IFCCARTESIANPOINTLIST2D(((0.,0.),(0.10000002264937295,0.10000000000000001),(2.9996014106269486,0.10000000000000001),(2.9996014030771585,0.)));
#744=IFCINDEXEDPOLYCURVE(#743,(IFCLINEINDEX((1,2,3,4,1))),$);
#745=IFCARBITRARYCLOSEDPROFILEDEF(.AREA.,$,#744);
#746=IFCCARTESIANPOINT((0.,0.,0.));
#747=IFCDIRECTION((0.,0.,1.));
#748=IFCDIRECTION((1.,0.,0.));
#749=IFCAXIS2PLACEMENT3D(#746,#747,#748);
#750=IFCDIRECTION((0.,0.,1.));
#751=IFCEXTRUDEDAREASOLID(#745,#749,#750,3.);
#752=IFCSHAPEREPRESENTATION(#11,'Body','SweptSolid',(#751));
#753=IFCCARTESIANPOINTLIST2D(((0.,0.),(3.0996014030771586,0.)));
#754=IFCINDEXEDPOLYCURVE(#753,$,$);
#755=IFCSHAPEREPRESENTATION(#23,'Axis','Curve2D',(#754));
#756=IFCCARTESIANPOINTLIST2D(((0.,0.),(0.1000000464912377,0.10000000000000001),(5.0000008372369456,0.10000000000000001),(5.100000829687156,0.)));
#757=IFCINDEXEDPOLYCURVE(#756,(IFCLINEINDEX((1,2,3,4,1))),$);
#758=IFCARBITRARYCLOSEDPROFILEDEF(.AREA.,$,#757);
#759=IFCCARTESIANPOINT((0.,0.,0.));
#760=IFCDIRECTION((0.,0.,1.));
#761=IFCDIRECTION((1.,0.,0.));
#762=IFCAXIS2PLACEMENT3D(#759,#760,#761);
#763=IFCDIRECTION((0.,0.,1.));
#764=IFCEXTRUDEDAREASOLID(#758,#762,#763,3.);
#765=IFCSHAPEREPRESENTATION(#11,'Body','SweptSolid',(#764));
#766=IFCCARTESIANPOINTLIST2D(((0.,0.),(5.100000829687156,0.)));
#767=IFCINDEXEDPOLYCURVE(#766,$,$);
#768=IFCSHAPEREPRESENTATION(#23,'Axis','Curve2D',(#767));
#783=IFCCARTESIANPOINT((0.22747666439289854,-2.6000680923461914,0.));
#784=IFCDIRECTION((0.,0.,1.));
#785=IFCDIRECTION((1.,0.,0.));
#786=IFCAXIS2PLACEMENT3D(#783,#784,#785);
#787=IFCLOCALPLACEMENT(#79,#786);
#801=IFCWALL('1WMSuoggPEf9fSlv4jFJYe',$,'Wall',$,$,#1633,#807,$,$);
#802=IFCMATERIALLAYERSETUSAGE(#82,.AXIS2.,.POSITIVE.,0.,$);
#803=IFCRELASSOCIATESMATERIAL('0RwCuw1Qr1xvuCixuLboQ9',$,$,$,(#801),#802);
#807=IFCPRODUCTDEFINITIONSHAPE($,$,(#879,#876));
#823=IFCPROPERTYSET('2P$yme1_T5nBBfgdlpWCuf',$,'EPset_Parametric',$,(#825));
#824=IFCRELDEFINESBYPROPERTIES('2pnHdTSnT3DPowsQ$3HqcD',$,$,$,(#801),#823);
#825=IFCPROPERTYSINGLEVALUE('Engine',$,IFCLABEL('Bonsai.DumbLayer2'),$);
#866=IFCRELCONNECTSPATHELEMENTS('02lS8bAin6hvqH0ho$Yjr8',$,$,$,$,#801,#253,(),(),.ATPATH.,.ATEND.);
#867=IFCCARTESIANPOINTLIST2D(((0.,0.),(0.,0.10000000000000001),(2.299999844784189,0.10000000000000001),(2.2999998133925423,0.)));
#868=IFCINDEXEDPOLYCURVE(#867,(IFCLINEINDEX((1,2,3,4,1))),$);
#869=IFCARBITRARYCLOSEDPROFILEDEF(.AREA.,$,#868);
#870=IFCCARTESIANPOINT((0.,0.,0.));
#871=IFCDIRECTION((0.,0.,1.));
#872=IFCDIRECTION((1.,0.,0.));
#873=IFCAXIS2PLACEMENT3D(#870,#871,#872);
#874=IFCDIRECTION((0.,0.,1.));
#875=IFCEXTRUDEDAREASOLID(#869,#873,#874,3.);
#876=IFCSHAPEREPRESENTATION(#11,'Body','SweptSolid',(#875));
#877=IFCCARTESIANPOINTLIST2D(((0.,0.),(2.3999998133925473,0.)));
#878=IFCINDEXEDPOLYCURVE(#877,$,$);
#879=IFCSHAPEREPRESENTATION(#23,'Axis','Curve2D',(#878));
#1020=IFCCARTESIANPOINTLIST2D(((0.,0.),(-0.10000004649123768,0.10000000000000001),(3.499999971388525,0.10000000000000001),(3.6000000178797626,0.)));
#1021=IFCINDEXEDPOLYCURVE(#1020,(IFCLINEINDEX((1,2,3,4,1))),$);
#1022=IFCARBITRARYCLOSEDPROFILEDEF(.AREA.,$,#1021);
#1023=IFCCARTESIANPOINT((0.,0.,0.));
#1024=IFCDIRECTION((0.,0.,1.));
#1025=IFCDIRECTION((1.,0.,0.));
#1026=IFCAXIS2PLACEMENT3D(#1023,#1024,#1025);
#1027=IFCDIRECTION((0.,0.,1.));
#1028=IFCEXTRUDEDAREASOLID(#1022,#1026,#1027,3.);
#1029=IFCSHAPEREPRESENTATION(#11,'Body','SweptSolid',(#1028));
#1030=IFCCARTESIANPOINTLIST2D(((0.,0.),(3.6000000178797626,0.)));
#1031=IFCINDEXEDPOLYCURVE(#1030,$,$);
#1032=IFCSHAPEREPRESENTATION(#23,'Axis','Curve2D',(#1031));
#1033=IFCWALL('07Uae5EXH1KeoUY7znvCGz',$,'Wall',$,$,#1187,#1039,$,$);
#1034=IFCMATERIALLAYERSETUSAGE(#82,.AXIS2.,.POSITIVE.,0.,$);
#1035=IFCRELASSOCIATESMATERIAL('2vbW_fnN14S8vbHJw6HWXk',$,$,$,(#1033),#1034);
#1039=IFCPRODUCTDEFINITIONSHAPE($,$,(#1223,#1220));
#1055=IFCPROPERTYSET('0lpmcp13r6rgTwnlQ6lpBq',$,'EPset_Parametric',$,(#1057));
#1056=IFCRELDEFINESBYPROPERTIES('2crkfdJzLDD9M4lmVb_7GS',$,$,$,(#1033),#1055);
#1057=IFCPROPERTYSINGLEVALUE('Engine',$,IFCLABEL('Bonsai.DumbLayer2'),$);
#1058=IFCWALL('2iFtm3bMXAQQKJd0XLrivK',$,'Wall.015',$,$,#1210,#1064,$,$);
#1059=IFCMATERIALLAYERSETUSAGE(#82,.AXIS2.,.POSITIVE.,0.,$);
#1060=IFCRELASSOCIATESMATERIAL('1Tjra$O5XDofJuJnf10TKV',$,$,$,(#1058),#1059);
#1064=IFCPRODUCTDEFINITIONSHAPE($,$,(#1205,#1202));
#1080=IFCPROPERTYSET('1aFXG27CzE4Q_iAxtWNozG',$,'EPset_Parametric',$,(#1082));
#1081=IFCRELDEFINESBYPROPERTIES('0tV$wQ85fDb8IWrkVImdJH',$,$,$,(#1058),#1080);
#1082=IFCPROPERTYSINGLEVALUE('Engine',$,IFCLABEL('Bonsai.DumbLayer2'),$);
#1109=IFCRELCONNECTSPATHELEMENTS('3$n8E_2efF2wU4LeafeGAn',$,$,$,$,#1058,#1033,(),(),.ATEND.,.ATSTART.);
#1183=IFCCARTESIANPOINT((0.81747895479202271,4.8999323844909668,0.));
#1184=IFCDIRECTION((0.,0.,1.));
#1185=IFCDIRECTION((1.9470718370939353E-07,-0.99999999999998113,0.));
#1186=IFCAXIS2PLACEMENT3D(#1183,#1184,#1185);
#1187=IFCLOCALPLACEMENT(#79,#1186);
#1193=IFCCARTESIANPOINTLIST2D(((0.,0.),(-0.10000005841217217,0.10000000000000001),(2.0000001128480327,0.10000000000000001),(2.0000001128480327,0.)));
#1194=IFCINDEXEDPOLYCURVE(#1193,(IFCLINEINDEX((1,2,3,4,1))),$);
#1195=IFCARBITRARYCLOSEDPROFILEDEF(.AREA.,$,#1194);
#1196=IFCCARTESIANPOINT((0.,0.,0.));
#1197=IFCDIRECTION((0.,0.,1.));
#1198=IFCDIRECTION((1.,0.,0.));
#1199=IFCAXIS2PLACEMENT3D(#1196,#1197,#1198);
#1200=IFCDIRECTION((0.,0.,1.));
#1201=IFCEXTRUDEDAREASOLID(#1195,#1199,#1200,3.);
#1202=IFCSHAPEREPRESENTATION(#11,'Body','SweptSolid',(#1201));
#1203=IFCCARTESIANPOINTLIST2D(((0.,0.),(2.0000001128480327,0.)));
#1204=IFCINDEXEDPOLYCURVE(#1203,$,$);
#1205=IFCSHAPEREPRESENTATION(#23,'Axis','Curve2D',(#1204));
#1206=IFCCARTESIANPOINT((0.8174792079113522,3.5999324321746307,0.));
#1207=IFCDIRECTION((0.,0.,1.));
#1208=IFCDIRECTION((-0.99999999999992428,3.8941436741876494E-07,0.));
#1209=IFCAXIS2PLACEMENT3D(#1206,#1207,#1208);
#1210=IFCLOCALPLACEMENT(#79,#1209);
#1211=IFCCARTESIANPOINTLIST2D(((0.,0.),(0.,0.10000000000000001),(1.4000000107285324,0.10000000000000001),(1.2999999523163601,0.)));
#1212=IFCINDEXEDPOLYCURVE(#1211,(IFCLINEINDEX((1,2,3,4,1))),$);
#1213=IFCARBITRARYCLOSEDPROFILEDEF(.AREA.,$,#1212);
#1214=IFCCARTESIANPOINT((0.,0.,0.));
#1215=IFCDIRECTION((0.,0.,1.));
#1216=IFCDIRECTION((1.,0.,0.));
#1217=IFCAXIS2PLACEMENT3D(#1214,#1215,#1216);
#1218=IFCDIRECTION((0.,0.,1.));
#1219=IFCEXTRUDEDAREASOLID(#1213,#1217,#1218,3.);
#1220=IFCSHAPEREPRESENTATION(#11,'Body','SweptSolid',(#1219));
#1221=IFCCARTESIANPOINTLIST2D(((0.,0.),(1.2999999523163601,0.)));
#1222=IFCINDEXEDPOLYCURVE(#1221,$,$);
#1223=IFCSHAPEREPRESENTATION(#23,'Axis','Curve2D',(#1222));
#1224=IFCRELCONNECTSPATHELEMENTS('1G6nCrNajAkA78jNQAMjUo',$,$,$,$,#127,#87,(),(),.ATEND.,.ATSTART.);
#1251=IFCRELCONNECTSPATHELEMENTS('1NuIWWRhPBGwGtD3edn5EB',$,$,$,$,#87,#328,(),(),.ATEND.,.ATSTART.);
#1252=IFCCARTESIANPOINTLIST2D(((0.,0.),(0.099600902357291937,0.10000000000000001),(3.890000187944489,0.10000000000000001),(3.9900001803946989,0.)));
#1253=IFCINDEXEDPOLYCURVE(#1252,(IFCLINEINDEX((1,2,3,4,1))),$);
#1254=IFCARBITRARYCLOSEDPROFILEDEF(.AREA.,$,#1253);
#1255=IFCCARTESIANPOINT((0.,0.,0.));
#1256=IFCDIRECTION((0.,0.,1.));
#1257=IFCDIRECTION((1.,0.,0.));
#1258=IFCAXIS2PLACEMENT3D(#1255,#1256,#1257);
#1259=IFCDIRECTION((0.,0.,1.));
#1260=IFCEXTRUDEDAREASOLID(#1254,#1258,#1259,3.);
#1261=IFCSHAPEREPRESENTATION(#11,'Body','SweptSolid',(#1260));
#1262=IFCCARTESIANPOINTLIST2D(((0.,0.),(3.9900001803946989,0.)));
#1263=IFCINDEXEDPOLYCURVE(#1262,$,$);
#1264=IFCSHAPEREPRESENTATION(#23,'Axis','Curve2D',(#1263));
#1265=IFCCARTESIANPOINTLIST2D(((0.,0.),(-0.099600902357291923,0.10000000000000001),(2.4004200409689012,0.10000000000000001),(2.5000209433261928,0.)));
#1266=IFCINDEXEDPOLYCURVE(#1265,(IFCLINEINDEX((1,2,3,4,1))),$);
#1267=IFCARBITRARYCLOSEDPROFILEDEF(.AREA.,$,#1266);
#1268=IFCCARTESIANPOINT((0.,0.,0.));
#1269=IFCDIRECTION((0.,0.,1.));
#1270=IFCDIRECTION((1.,0.,0.));
#1271=IFCAXIS2PLACEMENT3D(#1268,#1269,#1270);
#1272=IFCDIRECTION((0.,0.,1.));
#1273=IFCEXTRUDEDAREASOLID(#1267,#1271,#1272,3.);
#1274=IFCSHAPEREPRESENTATION(#11,'Body','SweptSolid',(#1273));
#1275=IFCCARTESIANPOINTLIST2D(((0.,0.),(2.5000209433261928,0.)));
#1276=IFCINDEXEDPOLYCURVE(#1275,$,$);
#1277=IFCSHAPEREPRESENTATION(#23,'Axis','Curve2D',(#1276));
#1278=IFCSLABTYPE('3dG_SOtQr1uQxVnNgtDJSy',$,'Unnamed',$,$,(#1282),$,$,$,.FLOOR.);
#1279=IFCMATERIALLAYERSET((#1281),$,$);
#1280=IFCRELASSOCIATESMATERIAL('2G_HXqCQn7CQOK87H1UQwR',$,$,$,(#1278),#1279);
#1281=IFCMATERIALLAYER(#81,0.10000000000000001,$,$,$,$,$);
#1282=IFCPROPERTYSET('12dv27DmP90f04Ll_5StGt',$,'EPset_Parametric',$,(#1283));
#1283=IFCPROPERTYSINGLEVALUE('LayerSetDirection',$,IFCLABEL('AXIS3'),$);
#1284=IFCSLAB('04zy7Rm4P1lgJy0VmndDVn',$,'Slab',$,$,#1292,#1299,$,$);
#1285=IFCRELDEFINESBYTYPE('3qrdyUQaPFzAlrGoHvXjqR',$,$,$,(#1284,#15579),#1278);
#1286=IFCMATERIALLAYERSETUSAGE(#1279,.AXIS3.,.POSITIVE.,-0.10000000149011612,$);
#1287=IFCRELASSOCIATESMATERIAL('0Hg8nCZon45xEjugv2Bn$6',$,$,$,(#1284),#1286);
#1288=IFCCARTESIANPOINT((4.2174768447875977,-2.6000680923461914,0.));
#1289=IFCDIRECTION((0.,0.,1.));
#1290=IFCDIRECTION((1.,0.,0.));
#1291=IFCAXIS2PLACEMENT3D(#1288,#1289,#1290);
#1292=IFCLOCALPLACEMENT(#79,#1291);
#1293=IFCCARTESIANPOINTLIST2D(((0.,0.),(1.9073486328125E-06,9.1000003814697266),(-3.3999981880187988,9.1000003814697266),(-3.3999981880187988,7.6000003814697266),(-6.9999980926513672,7.6000018119812012),(-6.9999971389770508,2.5000009536743164),(-3.999997615814209,2.5000009536743164),(-3.9900002479553223,0.),(0.,0.)));
#1294=IFCINDEXEDPOLYCURVE(#1293,$,$);
#1295=IFCDIRECTION((0.,0.,1.));
#1296=IFCARBITRARYCLOSEDPROFILEDEF(.AREA.,$,#1294);
#1297=IFCEXTRUDEDAREASOLID(#1296,#1306,#1295,0.10000000000000001);
#1298=IFCSHAPEREPRESENTATION(#11,'Body','SweptSolid',(#1297));
#1299=IFCPRODUCTDEFINITIONSHAPE($,$,(#1298));
#1300=IFCPROPERTYSET('0QKsMS2IjBO8NPQJmKATbV',$,'EPset_Parametric',$,(#1302));
#1301=IFCRELDEFINESBYPROPERTIES('18FLJInbv37gRQcjJMKSR9',$,$,$,(#1284),#1300);
#1302=IFCPROPERTYSINGLEVALUE('Engine',$,IFCLABEL('Bonsai.DumbLayer3'),$);
#1303=IFCCARTESIANPOINT((-0.,-0.,-0.10000000149011612));
#1304=IFCDIRECTION((0.,0.,1.));
#1305=IFCDIRECTION((1.,0.,0.));
#1306=IFCAXIS2PLACEMENT3D(#1303,#1304,#1305);
#1307=IFCDOORTYPE('26S1_YhZf6XBnotaktSInI',$,'Main-GF',$,$,(#1308),(#1317,#1395,#1414),$,$,.DOOR.,.SINGLE_SWING_LEFT.,$,$);
#1308=IFCPROPERTYSET('1D9I29_M5AHw9n2smTRCWg',$,'BBIM_Door',$,(#1309));
#1309=IFCPROPERTYSINGLEVALUE('Data',$,IFCTEXT('{"door_type": "SINGLE_SWING_LEFT", "overall_height": 2.0, "overall_width": 1.119337558746338, "lining_properties": {"lining_depth": 0.05000000074505806, "lining_thickness": 0.05000000074505806, "lining_offset": 0.0, "lining_to_panel_offset_x": 0.02500000037252903, "lining_to_panel_offset_y": 0.02500000037252903, "transom_thickness": 0.0, "casing_thickness": 0.07500000298023224, "casing_depth": 0.004999999888241291, "threshold_thickness": 0.02500000037252903, "threshold_depth": 0.10000000149011612, "threshold_offset": 0.0}, "panel_properties": {"panel_depth": 0.03500000014901161, "panel_width_ratio": 1.0}}'),$);
#1313=IFCCARTESIANPOINT((0.,0.,0.));
#1314=IFCDIRECTION((1.,0.,0.));
#1315=IFCDIRECTION((0.,0.,1.));
#1316=IFCAXIS2PLACEMENT3D(#1313,#1315,#1314);
#1317=IFCREPRESENTATIONMAP(#1316,#1512);
#1391=IFCCARTESIANPOINT((0.,0.,0.));
#1392=IFCDIRECTION((1.,0.,0.));
#1393=IFCDIRECTION((0.,0.,1.));
#1394=IFCAXIS2PLACEMENT3D(#1391,#1393,#1392);
#1395=IFCREPRESENTATIONMAP(#1394,#1585);
#1410=IFCCARTESIANPOINT((0.,0.,0.));
#1411=IFCDIRECTION((1.,0.,0.));
#1412=IFCDIRECTION((0.,0.,1.));
#1413=IFCAXIS2PLACEMENT3D(#1410,#1412,#1411);
#1414=IFCREPRESENTATIONMAP(#1413,#1603);
#1415=IFCDOOR('1DriNwnl5Bb8vh$vKZU$YY',$,'Door',$,$,#1628,#1424,$,2.,1.1193375587463379,$,.SINGLE_SWING_LEFT.,$);
#1416=IFCRELDEFINESBYTYPE('3KtAMXbQrD_9s8$E1uXbYE',$,$,$,(#1415),#1307);
#1417=IFCCARTESIANPOINT((0.,0.,0.));
#1418=IFCDIRECTION((1.,0.,0.));
#1419=IFCDIRECTION((0.,1.,0.));
#1420=IFCDIRECTION((0.,0.,1.));
#1421=IFCCARTESIANTRANSFORMATIONOPERATOR3D(#1418,#1419,#1417,1.,#1420);
#1422=IFCMAPPEDITEM(#1317,#1421);
#1423=IFCSHAPEREPRESENTATION(#18,'Profile','MappedRepresentation',(#1422));
#1424=IFCPRODUCTDEFINITIONSHAPE($,$,(#1423,#1431,#1438));
#1425=IFCCARTESIANPOINT((0.,0.,0.));
#1426=IFCDIRECTION((1.,0.,0.));
#1427=IFCDIRECTION((0.,1.,0.));
#1428=IFCDIRECTION((0.,0.,1.));
#1429=IFCCARTESIANTRANSFORMATIONOPERATOR3D(#1426,#1427,#1425,1.,#1428);
#1430=IFCMAPPEDITEM(#1395,#1429);
#1431=IFCSHAPEREPRESENTATION(#11,'Body','MappedRepresentation',(#1430));
#1432=IFCCARTESIANPOINT((0.,0.,0.));
#1433=IFCDIRECTION((1.,0.,0.));
#1434=IFCDIRECTION((0.,1.,0.));
#1435=IFCDIRECTION((0.,0.,1.));
#1436=IFCCARTESIANTRANSFORMATIONOPERATOR3D(#1433,#1434,#1432,1.,#1435);
#1437=IFCMAPPEDITEM(#1414,#1436);
#1438=IFCSHAPEREPRESENTATION(#24,'Body','MappedRepresentation',(#1437));
#1439=IFCOPENINGELEMENT('2it_dgT2b3Cvq3MqJdoRkn',$,'Opening',$,$,#1623,#1467,$,.OPENING.);
#1455=IFCCARTESIANPOINT((0.,0.,0.));
#1456=IFCDIRECTION((1.,0.,0.));
#1457=IFCDIRECTION((0.,0.,1.));
#1458=IFCAXIS2PLACEMENT3D(#1455,#1457,#1456);
#1459=IFCREPRESENTATIONMAP(#1458,#1613);
#1460=IFCCARTESIANPOINT((0.,0.,0.));
#1461=IFCDIRECTION((1.,0.,0.));
#1462=IFCDIRECTION((0.,1.,0.));
#1463=IFCDIRECTION((0.,0.,1.));
#1464=IFCCARTESIANTRANSFORMATIONOPERATOR3D(#1461,#1462,#1460,1.,#1463);
#1465=IFCMAPPEDITEM(#1459,#1464);
#1466=IFCSHAPEREPRESENTATION(#11,'Body','MappedRepresentation',(#1465));
#1467=IFCPRODUCTDEFINITIONSHAPE($,$,(#1466));
#1468=IFCRELVOIDSELEMENT('1F2g$sIkr2iAT9c71uTxbE',$,$,$,#87,#1439);
#1474=IFCRELFILLSELEMENT('1tJ4Dd1Gj5ahiRt98d93Ts',$,$,$,#1439,#1415);
#1510=IFCCARTESIANPOINTLIST3D(((0.,0.,0.),(1.1193375587463379,0.,0.),(1.1193375587463379,0.,2.),(0.,0.,2.)));
#1511=IFCINDEXEDPOLYCURVE(#1510,(IFCLINEINDEX((1,2,3,4,1))),$);
#1512=IFCSHAPEREPRESENTATION(#18,'Profile','Curve3D',(#1511));
#1513=IFCCARTESIANPOINTLIST2D(((0.,0.),(0.,2.),(1.1193375587463379,2.),(1.1193375587463379,0.),(1.0943375583738089,0.),(1.0943375583738089,1.974999999627471),(0.02500000037252903,1.974999999627471),(0.02500000037252903,0.)));
#1514=IFCINDEXEDPOLYCURVE(#1513,(IFCLINEINDEX((1,2,3,4,5,6,7,8,1))),$);
#1515=IFCARBITRARYCLOSEDPROFILEDEF(.AREA.,$,#1514);
#1516=IFCCARTESIANPOINT((0.,0.02500000037252903,0.));
#1517=IFCDIRECTION((0.,-1.,0.));
#1518=IFCDIRECTION((1.,0.,0.));
#1519=IFCAXIS2PLACEMENT3D(#1516,#1517,#1518);
#1520=IFCDIRECTION((0.,0.,-1.));
#1521=IFCEXTRUDEDAREASOLID(#1515,#1519,#1520,0.02500000037252903);
#1522=IFCCARTESIANPOINTLIST2D(((0.,0.),(0.,2.),(1.1193375587463379,2.),(1.1193375587463379,0.),(1.0693375580012798,0.),(1.0693375580012798,1.9499999992549419),(0.05000000074505806,1.9499999992549419),(0.05000000074505806,0.)));
#1523=IFCINDEXEDPOLYCURVE(#1522,(IFCLINEINDEX((1,2,3,4,5,6,7,8,1))),$);
#1524=IFCARBITRARYCLOSEDPROFILEDEF(.AREA.,$,#1523);
#1525=IFCCARTESIANPOINT((0.,0.,0.));
#1526=IFCDIRECTION((0.,-1.,0.));
#1527=IFCDIRECTION((1.,0.,0.));
#1528=IFCAXIS2PLACEMENT3D(#1525,#1526,#1527);
#1529=IFCDIRECTION((0.,0.,-1.));
#1530=IFCEXTRUDEDAREASOLID(#1524,#1528,#1529,0.02500000037252903);
#1531=IFCCARTESIANPOINTLIST2D(((0.,0.),(1.0193375572562218,0.),(1.0193375572562218,0.10000000149011612),(0.,0.10000000149011612)));
#1532=IFCINDEXEDPOLYCURVE(#1531,(IFCLINEINDEX((1,2,3,4,1))),$);
#1533=IFCARBITRARYCLOSEDPROFILEDEF(.AREA.,$,#1532);
#1534=IFCCARTESIANPOINT((0.05000000074505806,0.,0.));
#1535=IFCDIRECTION((0.,0.,1.));
#1536=IFCDIRECTION((1.,0.,0.));
#1537=IFCAXIS2PLACEMENT3D(#1534,#1535,#1536);
#1538=IFCDIRECTION((0.,0.,1.));
#1539=IFCEXTRUDEDAREASOLID(#1533,#1537,#1538,0.02500000037252903);
#1540=IFCCARTESIANPOINTLIST2D(((0.,0.),(0.,2.0250000022351742),(1.1693375632166862,2.0250000022351742),(1.1693375632166862,0.),(1.094337560236454,0.),(1.094337560236454,1.9499999992549419),(0.075000002980232239,1.9499999992549419),(0.075000002980232239,0.)));
#1541=IFCINDEXEDPOLYCURVE(#1540,(IFCLINEINDEX((1,2,3,4,5,6,7,8,1))),$);
#1542=IFCARBITRARYCLOSEDPROFILEDEF(.AREA.,$,#1541);
#1543=IFCCARTESIANPOINT((-0.025000002235174179,-0.004999999888241291,0.));
#1544=IFCDIRECTION((0.,-1.,0.));
#1545=IFCDIRECTION((1.,0.,0.));
#1546=IFCAXIS2PLACEMENT3D(#1543,#1544,#1545);
#1547=IFCDIRECTION((0.,0.,-1.));
#1548=IFCEXTRUDEDAREASOLID(#1542,#1546,#1547,0.004999999888241291);
#1549=IFCCARTESIANPOINTLIST2D(((0.,0.),(0.,2.0250000022351742),(1.1693375632166862,2.0250000022351742),(1.1693375632166862,0.),(1.119337560608983,0.),(1.119337560608983,1.974999999627471),(0.050000002607703209,1.974999999627471),(0.050000002607703209,0.)));
#1550=IFCINDEXEDPOLYCURVE(#1549,(IFCLINEINDEX((1,2,3,4,5,6,7,8,1))),$);
#1551=IFCARBITRARYCLOSEDPROFILEDEF(.AREA.,$,#1550);
#1552=IFCCARTESIANPOINT((-0.025000002235174179,0.05000000074505806,0.));
#1553=IFCDIRECTION((0.,-1.,0.));
#1554=IFCDIRECTION((1.,0.,0.));
#1555=IFCAXIS2PLACEMENT3D(#1552,#1553,#1554);
#1556=IFCDIRECTION((0.,0.,-1.));
#1557=IFCEXTRUDEDAREASOLID(#1551,#1555,#1556,0.004999999888241291);
#1558=IFCCARTESIANPOINTLIST2D(((0.,0.),(1.0693375580012798,0.),(1.0693375580012798,0.035000000149011612),(0.,0.035000000149011612)));
#1559=IFCINDEXEDPOLYCURVE(#1558,(IFCLINEINDEX((1,2,3,4,1))),$);
#1560=IFCARBITRARYCLOSEDPROFILEDEF(.AREA.,$,#1559);
#1561=IFCCARTESIANPOINT((0.02500000037252903,0.02500000037252903,0.02500000037252903));
#1562=IFCDIRECTION((0.,0.,1.));
#1563=IFCDIRECTION((1.,0.,0.));
#1564=IFCAXIS2PLACEMENT3D(#1561,#1562,#1563);
#1565=IFCDIRECTION((0.,0.,1.));
#1566=IFCEXTRUDEDAREASOLID(#1560,#1564,#1565,1.9499999992549419);
#1567=IFCCARTESIANPOINTLIST2D(((0.,0.),(0.,-0.040000000000000001),(-0.11999999999999988,-0.040000000000000001),(-0.11999999999999988,-0.02),(-0.020000000000000018,-0.02),(-0.020000000000000018,0.)));
#1568=IFCINDEXEDPOLYCURVE(#1567,(IFCLINEINDEX((1,2,3,4,5,6,1))),$);
#1569=IFCARBITRARYCLOSEDPROFILEDEF(.AREA.,$,#1568);
#1570=IFCCARTESIANPOINT((1.0443375583738088,0.02500000037252903,1.015000000372529));
#1571=IFCDIRECTION((0.,0.,1.));
#1572=IFCDIRECTION((1.,0.,0.));
#1573=IFCAXIS2PLACEMENT3D(#1570,#1571,#1572);
#1574=IFCDIRECTION((0.,0.,1.));
#1575=IFCEXTRUDEDAREASOLID(#1569,#1573,#1574,0.02);
#1576=IFCEXTRUDEDAREASOLID(#1577,#1580,#1584,0.02);
#1577=IFCARBITRARYCLOSEDPROFILEDEF(.AREA.,$,#1578);
#1578=IFCINDEXEDPOLYCURVE(#1579,(IFCLINEINDEX((1,2,3,4,5,6,1))),$);
#1579=IFCCARTESIANPOINTLIST2D(((0.,0.),(0.,0.040000000000000008),(-0.11999999999999988,0.040000000000000008),(-0.11999999999999988,0.020000000000000004),(-0.020000000000000018,0.020000000000000004),(-0.020000000000000018,0.)));
#1580=IFCAXIS2PLACEMENT3D(#1581,#1582,#1583);
#1581=IFCCARTESIANPOINT((1.0443375583738088,0.060000000521540642,1.015000000372529));
#1582=IFCDIRECTION((0.,0.,1.));
#1583=IFCDIRECTION((1.,0.,0.));
#1584=IFCDIRECTION((0.,0.,1.));
#1585=IFCSHAPEREPRESENTATION(#11,'Body','SweptSolid',(#1521,#1530,#1566,#1575,#1576,#1539,#1548,#1557));
#1586=IFCSHAPEREPRESENTATION(#11,'Body','SweptSolid',(#1521,#1530,#1539,#1548,#1557));
#1587=IFCSHAPEASPECT((#1586),'Lining',$,.T.,#1424);
#1588=IFCSHAPEREPRESENTATION(#11,'Body','SweptSolid',(#1566,#1575,#1576));
#1589=IFCSHAPEASPECT((#1588),'Framing',$,.T.,#1424);
#1590=IFCCARTESIANPOINTLIST2D(((0.,0.),(0.,0.05000000074505806),(0.02500000037252903,0.05000000074505806),(0.02500000037252903,0.02500000037252903),(0.05000000074505806,0.02500000037252903),(0.05000000074505806,0.)));
#1591=IFCINDEXEDPOLYCURVE(#1590,(IFCLINEINDEX((1,2,3,4,5,6,1))),$);
#1592=IFCINDEXEDPOLYCURVE(#1593,(IFCLINEINDEX((1,2,3,4,5,6,1))),$);
#1593=IFCCARTESIANPOINTLIST2D(((1.1193375587463379,0.),(1.1193375587463379,0.05000000074505806),(1.0943375583738089,0.05000000074505806),(1.0943375583738089,0.02500000037252903),(1.0693375580012798,0.02500000037252903),(1.0693375580012798,0.)));
#1594=IFCDIRECTION((1.,0.));
#1595=IFCCARTESIANPOINT((0.060000000521540642,0.05000000074505806));
#1596=IFCAXIS2PLACEMENT2D(#1595,#1594);
#1597=IFCELLIPSE(#1596,1.0343375578522682,1.0693375580012798);
#1598=IFCCARTESIANPOINT((1.0943375583738089,0.05000000074505806));
#1599=IFCCARTESIANPOINT((0.060000000521540642,1.1193375587463379));
#1600=IFCTRIMMEDCURVE(#1597,(#1598),(#1599),.T.,.CARTESIAN.);
#1601=IFCCARTESIANPOINTLIST2D(((0.02500000037252903,0.05000000074505806),(0.060000000521540642,0.05000000074505806),(0.060000000521540642,1.1193375587463379),(0.02500000037252903,1.1193375587463379)));
#1602=IFCINDEXEDPOLYCURVE(#1601,(IFCLINEINDEX((1,2,3,4,1))),$);
#1603=IFCSHAPEREPRESENTATION(#24,'Body','Curve2D',(#1591,#1592,#1600,#1602));
#1604=IFCCARTESIANPOINTLIST2D(((0.,0.),(1.1193375587463379,0.),(1.1193375587463379,2.),(0.,2.)));
#1605=IFCINDEXEDPOLYCURVE(#1604,(IFCLINEINDEX((1,2,3,4,1))),$);
#1606=IFCARBITRARYCLOSEDPROFILEDEF(.AREA.,$,#1605);
#1607=IFCCARTESIANPOINT((0.,-0.60000002384185791,0.));
#1608=IFCDIRECTION((0.,-1.,0.));
#1609=IFCDIRECTION((1.,0.,0.));
#1610=IFCAXIS2PLACEMENT3D(#1607,#1608,#1609);
#1611=IFCDIRECTION((0.,0.,-1.));
#1612=IFCEXTRUDEDAREASOLID(#1606,#1610,#1611,1.2);
#1613=IFCSHAPEREPRESENTATION(#11,'Body','SweptSolid',(#1612));
#1619=IFCCARTESIANPOINT((0.18648581901316835,0.014999628067016602,0.));
#1620=IFCDIRECTION((0.,0.,1.));
#1621=IFCDIRECTION((0.99999999999988631,-4.7683715820307079E-07,0.));
#1622=IFCAXIS2PLACEMENT3D(#1619,#1620,#1621);
#1623=IFCLOCALPLACEMENT(#787,#1622);
#1624=IFCCARTESIANPOINT((0.,-4.4408920985006262E-16,0.));
#1625=IFCDIRECTION((0.,0.,1.));
#1626=IFCDIRECTION((1.,0.,0.));
#1627=IFCAXIS2PLACEMENT3D(#1624,#1625,#1626);
#1628=IFCLOCALPLACEMENT(#1623,#1627);
#1629=IFCCARTESIANPOINT((-1.1848709583282471,2.5999326705932617,0.));
#1630=IFCDIRECTION((0.,0.,1.));
#1631=IFCDIRECTION((1.9470718370939353E-07,0.99999999999998113,0.));
#1632=IFCAXIS2PLACEMENT3D(#1629,#1630,#1631);
#1633=IFCLOCALPLACEMENT(#79,#1632);
#1634=IFCDOORTYPE('2ohXqsE2j6NA9Uc6PkS1bJ',$,'Guest-GF',$,$,(#1635),(#1637,#1645,#1723),$,$,.DOOR.,.SINGLE_SWING_LEFT.,$,$);
#1635=IFCPROPERTYSET('35mPdKOST489NBo0VYGlWF',$,'BBIM_Door',$,(#1636));
#1636=IFCPROPERTYSINGLEVALUE('Data',$,IFCTEXT('{"door_type": "SINGLE_SWING_RIGHT", "overall_height": 2.0, "overall_width": 0.9111452102661133, "lining_properties": {"lining_depth": 0.05000000074505806, "lining_thickness": 0.05000000074505806, "lining_offset": 0.0, "lining_to_panel_offset_x": 0.02500000037252903, "lining_to_panel_offset_y": 0.02500000037252903, "transom_thickness": 0.0, "casing_thickness": 0.07500000298023224, "casing_depth": 0.004999999888241291, "threshold_thickness": 0.02500000037252903, "threshold_depth": 0.10000000149011612, "threshold_offset": 0.0}, "panel_properties": {"panel_depth": 0.03500000014901161, "panel_width_ratio": 1.0}}'),$);
#1637=IFCREPRESENTATIONMAP(#1638,#1994);
#1638=IFCAXIS2PLACEMENT3D(#1639,#1640,#1641);
#1639=IFCCARTESIANPOINT((0.,0.,0.));
#1640=IFCDIRECTION((0.,0.,1.));
#1641=IFCDIRECTION((1.,0.,0.));
#1645=IFCREPRESENTATIONMAP(#1646,#2067);
#1646=IFCAXIS2PLACEMENT3D(#1647,#1648,#1649);
#1647=IFCCARTESIANPOINT((0.,0.,0.));
#1648=IFCDIRECTION((0.,0.,1.));
#1649=IFCDIRECTION((1.,0.,0.));
#1723=IFCREPRESENTATIONMAP(#1724,#2081);
#1724=IFCAXIS2PLACEMENT3D(#1725,#1726,#1727);
#1725=IFCCARTESIANPOINT((0.,0.,0.));
#1726=IFCDIRECTION((0.,0.,1.));
#1727=IFCDIRECTION((1.,0.,0.));
#1744=IFCRELDEFINESBYTYPE('33mUYEUr9AWeuw3MIqiFUa',$,$,$,(#1808),#1634);
#1783=IFCCARTESIANPOINT((0.,0.,0.));
#1784=IFCDIRECTION((1.,0.,0.));
#1785=IFCDIRECTION((0.,0.,1.));
#1786=IFCAXIS2PLACEMENT3D(#1783,#1785,#1784);
#1787=IFCREPRESENTATIONMAP(#1786,#2091);
#1808=IFCDOOR('1dNMdGg3f2d88winbU8qrD',$,'Door',$,$,#2106,#1817,$,2.,0.91114521026611328,$,.SINGLE_SWING_RIGHT.,$);
#1810=IFCCARTESIANPOINT((0.,0.,0.));
#1811=IFCDIRECTION((1.,0.,0.));
#1812=IFCDIRECTION((0.,1.,0.));
#1813=IFCDIRECTION((0.,0.,1.));
#1814=IFCCARTESIANTRANSFORMATIONOPERATOR3D(#1811,#1812,#1810,1.,#1813);
#1815=IFCMAPPEDITEM(#1637,#1814);
#1816=IFCSHAPEREPRESENTATION(#18,'Profile','MappedRepresentation',(#1815));
#1817=IFCPRODUCTDEFINITIONSHAPE($,$,(#1816,#1824,#1831));
#1818=IFCCARTESIANPOINT((0.,0.,0.));
#1819=IFCDIRECTION((1.,0.,0.));
#1820=IFCDIRECTION((0.,1.,0.));
#1821=IFCDIRECTION((0.,0.,1.));
#1822=IFCCARTESIANTRANSFORMATIONOPERATOR3D(#1819,#1820,#1818,1.,#1821);
#1823=IFCMAPPEDITEM(#1645,#1822);
#1824=IFCSHAPEREPRESENTATION(#11,'Body','MappedRepresentation',(#1823));
#1825=IFCCARTESIANPOINT((0.,0.,0.));
#1826=IFCDIRECTION((1.,0.,0.));
#1827=IFCDIRECTION((0.,1.,0.));
#1828=IFCDIRECTION((0.,0.,1.));
#1829=IFCCARTESIANTRANSFORMATIONOPERATOR3D(#1826,#1827,#1825,1.,#1828);
#1830=IFCMAPPEDITEM(#1723,#1829);
#1831=IFCSHAPEREPRESENTATION(#24,'Body','MappedRepresentation',(#1830));
#1832=IFCOPENINGELEMENT('21R_nMTLn71e1N_NBwKJl6',$,'Opening',$,$,#2101,#1845,$,.OPENING.);
#1838=IFCCARTESIANPOINT((0.,0.,0.));
#1839=IFCDIRECTION((1.,0.,0.));
#1840=IFCDIRECTION((0.,1.,0.));
#1841=IFCDIRECTION((0.,0.,1.));
#1842=IFCCARTESIANTRANSFORMATIONOPERATOR3D(#1839,#1840,#1838,1.,#1841);
#1843=IFCMAPPEDITEM(#1787,#1842);
#1844=IFCSHAPEREPRESENTATION(#11,'Body','MappedRepresentation',(#1843));
#1845=IFCPRODUCTDEFINITIONSHAPE($,$,(#1844));
#1846=IFCRELVOIDSELEMENT('0FfuM4trT2API$T4NuJsWy',$,$,$,#586,#1832);
#1852=IFCRELFILLSELEMENT('0Y4JcXipn5afO3vU5QanBI',$,$,$,#1832,#1808);
#1876=IFCCARTESIANPOINTLIST2D(((0.,0.),(0.,2.),(0.91114521026611328,2.),(0.91114521026611328,0.),(0.88614520989358425,0.),(0.88614520989358425,1.974999999627471),(0.02500000037252903,1.974999999627471),(0.02500000037252903,0.)));
#1877=IFCINDEXEDPOLYCURVE(#1876,(IFCLINEINDEX((1,2,3,4,5,6,7,8,1))),$);
#1878=IFCARBITRARYCLOSEDPROFILEDEF(.AREA.,$,#1877);
#1879=IFCCARTESIANPOINT((0.,0.02500000037252903,0.));
#1880=IFCDIRECTION((0.,-1.,0.));
#1881=IFCDIRECTION((1.,0.,0.));
#1882=IFCAXIS2PLACEMENT3D(#1879,#1880,#1881);
#1883=IFCDIRECTION((0.,0.,-1.));
#1884=IFCEXTRUDEDAREASOLID(#1878,#1882,#1883,0.02500000037252903);
#1885=IFCCARTESIANPOINTLIST2D(((0.,0.),(0.,2.),(0.91114521026611328,2.),(0.91114521026611328,0.),(0.86114520952105522,0.),(0.86114520952105522,1.9499999992549419),(0.05000000074505806,1.9499999992549419),(0.05000000074505806,0.)));
#1886=IFCINDEXEDPOLYCURVE(#1885,(IFCLINEINDEX((1,2,3,4,5,6,7,8,1))),$);
#1887=IFCARBITRARYCLOSEDPROFILEDEF(.AREA.,$,#1886);
#1888=IFCCARTESIANPOINT((0.,0.,0.));
#1889=IFCDIRECTION((0.,-1.,0.));
#1890=IFCDIRECTION((1.,0.,0.));
#1891=IFCAXIS2PLACEMENT3D(#1888,#1889,#1890);
#1892=IFCDIRECTION((0.,0.,-1.));
#1893=IFCEXTRUDEDAREASOLID(#1887,#1891,#1892,0.02500000037252903);
#1894=IFCCARTESIANPOINTLIST2D(((0.,0.),(0.81114520877599716,0.),(0.81114520877599716,0.10000000149011612),(0.,0.10000000149011612)));
#1895=IFCINDEXEDPOLYCURVE(#1894,(IFCLINEINDEX((1,2,3,4,1))),$);
#1896=IFCARBITRARYCLOSEDPROFILEDEF(.AREA.,$,#1895);
#1897=IFCCARTESIANPOINT((0.05000000074505806,0.,0.));
#1898=IFCDIRECTION((0.,0.,1.));
#1899=IFCDIRECTION((1.,0.,0.));
#1900=IFCAXIS2PLACEMENT3D(#1897,#1898,#1899);
#1901=IFCDIRECTION((0.,0.,1.));
#1902=IFCEXTRUDEDAREASOLID(#1896,#1900,#1901,0.02500000037252903);
#1903=IFCCARTESIANPOINTLIST2D(((0.,0.),(0.,2.0250000022351742),(0.96114521473646164,2.0250000022351742),(0.96114521473646164,0.),(0.8861452117562294,0.),(0.8861452117562294,1.9499999992549419),(0.075000002980232239,1.9499999992549419),(0.075000002980232239,0.)));
#1904=IFCINDEXEDPOLYCURVE(#1903,(IFCLINEINDEX((1,2,3,4,5,6,7,8,1))),$);
#1905=IFCARBITRARYCLOSEDPROFILEDEF(.AREA.,$,#1904);
#1906=IFCCARTESIANPOINT((-0.025000002235174179,-0.004999999888241291,0.));
#1907=IFCDIRECTION((0.,-1.,0.));
#1908=IFCDIRECTION((1.,0.,0.));
#1909=IFCAXIS2PLACEMENT3D(#1906,#1907,#1908);
#1910=IFCDIRECTION((0.,0.,-1.));
#1911=IFCEXTRUDEDAREASOLID(#1905,#1909,#1910,0.004999999888241291);
#1912=IFCCARTESIANPOINTLIST2D(((0.,0.),(0.,2.0250000022351742),(0.96114521473646164,2.0250000022351742),(0.96114521473646164,0.),(0.91114521212875843,0.),(0.91114521212875843,1.974999999627471),(0.050000002607703209,1.974999999627471),(0.050000002607703209,0.)));
#1913=IFCINDEXEDPOLYCURVE(#1912,(IFCLINEINDEX((1,2,3,4,5,6,7,8,1))),$);
#1914=IFCARBITRARYCLOSEDPROFILEDEF(.AREA.,$,#1913);
#1915=IFCCARTESIANPOINT((-0.025000002235174179,0.05000000074505806,0.));
#1916=IFCDIRECTION((0.,-1.,0.));
#1917=IFCDIRECTION((1.,0.,0.));
#1918=IFCAXIS2PLACEMENT3D(#1915,#1916,#1917);
#1919=IFCDIRECTION((0.,0.,-1.));
#1920=IFCEXTRUDEDAREASOLID(#1914,#1918,#1919,0.004999999888241291);
#1921=IFCCARTESIANPOINTLIST2D(((0.,0.),(0.86114520952105522,0.),(0.86114520952105522,0.035000000149011612),(0.,0.035000000149011612)));
#1922=IFCINDEXEDPOLYCURVE(#1921,(IFCLINEINDEX((1,2,3,4,1))),$);
#1923=IFCARBITRARYCLOSEDPROFILEDEF(.AREA.,$,#1922);
#1924=IFCCARTESIANPOINT((0.02500000037252903,0.02500000037252903,0.02500000037252903));
#1925=IFCDIRECTION((0.,0.,1.));
#1926=IFCDIRECTION((1.,0.,0.));
#1927=IFCAXIS2PLACEMENT3D(#1924,#1925,#1926);
#1928=IFCDIRECTION((0.,0.,1.));
#1929=IFCEXTRUDEDAREASOLID(#1923,#1927,#1928,1.9499999992549419);
#1930=IFCCARTESIANPOINTLIST2D(((0.,0.),(0.,-0.040000000000000001),(-0.11999999999999988,-0.040000000000000001),(-0.11999999999999988,-0.02),(-0.020000000000000018,-0.02),(-0.020000000000000018,0.)));
#1931=IFCINDEXEDPOLYCURVE(#1930,(IFCLINEINDEX((1,2,3,4,5,6,1))),$);
#1932=IFCARBITRARYCLOSEDPROFILEDEF(.AREA.,$,#1931);
#1933=IFCCARTESIANPOINT((0.83614520989358421,0.02500000037252903,1.015000000372529));
#1934=IFCDIRECTION((0.,0.,1.));
#1935=IFCDIRECTION((1.,0.,0.));
#1936=IFCAXIS2PLACEMENT3D(#1933,#1934,#1935);
#1937=IFCDIRECTION((0.,0.,1.));
#1938=IFCEXTRUDEDAREASOLID(#1932,#1936,#1937,0.02);
#1939=IFCEXTRUDEDAREASOLID(#1940,#1943,#1947,0.02);
#1940=IFCARBITRARYCLOSEDPROFILEDEF(.AREA.,$,#1941);
#1941=IFCINDEXEDPOLYCURVE(#1942,(IFCLINEINDEX((1,2,3,4,5,6,1))),$);
#1942=IFCCARTESIANPOINTLIST2D(((0.,0.),(0.,0.040000000000000008),(-0.11999999999999988,0.040000000000000008),(-0.11999999999999988,0.020000000000000004),(-0.020000000000000018,0.020000000000000004),(-0.020000000000000018,0.)));
#1943=IFCAXIS2PLACEMENT3D(#1944,#1945,#1946);
#1944=IFCCARTESIANPOINT((0.83614520989358421,0.060000000521540642,1.015000000372529));
#1945=IFCDIRECTION((0.,0.,1.));
#1946=IFCDIRECTION((1.,0.,0.));
#1947=IFCDIRECTION((0.,0.,1.));
#1949=IFCSHAPEREPRESENTATION(#11,'Body','SweptSolid',(#1920,#2003,#1911,#1884,#2030,#2039,#2021,#1902,#2012,#1893));
#1950=IFCSHAPEASPECT((#1949),'Lining',$,.T.,#1817);
#1951=IFCSHAPEREPRESENTATION(#11,'Body','SweptSolid',(#1938,#2058,#1939,#2048,#1929,#2057));
#1952=IFCSHAPEASPECT((#1951),'Framing',$,.T.,#1817);
#1992=IFCCARTESIANPOINTLIST3D(((0.,0.,0.),(0.91114521026611328,0.,0.),(0.91114521026611328,0.,2.),(0.,0.,2.)));
#1993=IFCINDEXEDPOLYCURVE(#1992,(IFCLINEINDEX((1,2,3,4,1))),$);
#1994=IFCSHAPEREPRESENTATION(#18,'Profile','Curve3D',(#1993));
#1995=IFCCARTESIANPOINTLIST2D(((0.,0.),(0.,2.),(0.91114521026611328,2.),(0.91114521026611328,0.),(0.88614520989358425,0.),(0.88614520989358425,1.974999999627471),(0.02500000037252903,1.974999999627471),(0.02500000037252903,0.)));
#1996=IFCINDEXEDPOLYCURVE(#1995,(IFCLINEINDEX((1,2,3,4,5,6,7,8,1))),$);
#1997=IFCARBITRARYCLOSEDPROFILEDEF(.AREA.,$,#1996);
#1998=IFCCARTESIANPOINT((0.,0.02500000037252903,0.));
#1999=IFCDIRECTION((0.,-1.,0.));
#2000=IFCDIRECTION((1.,0.,0.));
#2001=IFCAXIS2PLACEMENT3D(#1998,#1999,#2000);
#2002=IFCDIRECTION((0.,0.,-1.));
#2003=IFCEXTRUDEDAREASOLID(#1997,#2001,#2002,0.02500000037252903);
#2004=IFCCARTESIANPOINTLIST2D(((0.,0.),(0.,2.),(0.91114521026611328,2.),(0.91114521026611328,0.),(0.86114520952105522,0.),(0.86114520952105522,1.9499999992549419),(0.05000000074505806,1.9499999992549419),(0.05000000074505806,0.)));
#2005=IFCINDEXEDPOLYCURVE(#2004,(IFCLINEINDEX((1,2,3,4,5,6,7,8,1))),$);
#2006=IFCARBITRARYCLOSEDPROFILEDEF(.AREA.,$,#2005);
#2007=IFCCARTESIANPOINT((0.,0.,0.));
#2008=IFCDIRECTION((0.,-1.,0.));
#2009=IFCDIRECTION((1.,0.,0.));
#2010=IFCAXIS2PLACEMENT3D(#2007,#2008,#2009);
#2011=IFCDIRECTION((0.,0.,-1.));
#2012=IFCEXTRUDEDAREASOLID(#2006,#2010,#2011,0.02500000037252903);
#2013=IFCCARTESIANPOINTLIST2D(((0.,0.),(0.81114520877599716,0.),(0.81114520877599716,0.10000000149011612),(0.,0.10000000149011612)));
#2014=IFCINDEXEDPOLYCURVE(#2013,(IFCLINEINDEX((1,2,3,4,1))),$);
#2015=IFCARBITRARYCLOSEDPROFILEDEF(.AREA.,$,#2014);
#2016=IFCCARTESIANPOINT((0.05000000074505806,0.,0.));
#2017=IFCDIRECTION((0.,0.,1.));
#2018=IFCDIRECTION((1.,0.,0.));
#2019=IFCAXIS2PLACEMENT3D(#2016,#2017,#2018);
#2020=IFCDIRECTION((0.,0.,1.));
#2021=IFCEXTRUDEDAREASOLID(#2015,#2019,#2020,0.02500000037252903);
#2022=IFCCARTESIANPOINTLIST2D(((0.,0.),(0.,2.0250000022351742),(0.96114521473646164,2.0250000022351742),(0.96114521473646164,0.),(0.8861452117562294,0.),(0.8861452117562294,1.9499999992549419),(0.075000002980232239,1.9499999992549419),(0.075000002980232239,0.)));
#2023=IFCINDEXEDPOLYCURVE(#2022,(IFCLINEINDEX((1,2,3,4,5,6,7,8,1))),$);
#2024=IFCARBITRARYCLOSEDPROFILEDEF(.AREA.,$,#2023);
#2025=IFCCARTESIANPOINT((-0.025000002235174179,-0.004999999888241291,0.));
#2026=IFCDIRECTION((0.,-1.,0.));
#2027=IFCDIRECTION((1.,0.,0.));
#2028=IFCAXIS2PLACEMENT3D(#2025,#2026,#2027);
#2029=IFCDIRECTION((0.,0.,-1.));
#2030=IFCEXTRUDEDAREASOLID(#2024,#2028,#2029,0.004999999888241291);
#2031=IFCCARTESIANPOINTLIST2D(((0.,0.),(0.,2.0250000022351742),(0.96114521473646164,2.0250000022351742),(0.96114521473646164,0.),(0.91114521212875843,0.),(0.91114521212875843,1.974999999627471),(0.050000002607703209,1.974999999627471),(0.050000002607703209,0.)));
#2032=IFCINDEXEDPOLYCURVE(#2031,(IFCLINEINDEX((1,2,3,4,5,6,7,8,1))),$);
#2033=IFCARBITRARYCLOSEDPROFILEDEF(.AREA.,$,#2032);
#2034=IFCCARTESIANPOINT((-0.025000002235174179,0.05000000074505806,0.));
#2035=IFCDIRECTION((0.,-1.,0.));
#2036=IFCDIRECTION((1.,0.,0.));
#2037=IFCAXIS2PLACEMENT3D(#2034,#2035,#2036);
#2038=IFCDIRECTION((0.,0.,-1.));
#2039=IFCEXTRUDEDAREASOLID(#2033,#2037,#2038,0.004999999888241291);
#2040=IFCCARTESIANPOINTLIST2D(((0.,0.),(0.86114520952105522,0.),(0.86114520952105522,0.035000000149011612),(0.,0.035000000149011612)));
#2041=IFCINDEXEDPOLYCURVE(#2040,(IFCLINEINDEX((1,2,3,4,1))),$);
#2042=IFCARBITRARYCLOSEDPROFILEDEF(.AREA.,$,#2041);
#2043=IFCCARTESIANPOINT((0.02500000037252903,0.02500000037252903,0.02500000037252903));
#2044=IFCDIRECTION((0.,0.,1.));
#2045=IFCDIRECTION((1.,0.,0.));
#2046=IFCAXIS2PLACEMENT3D(#2043,#2044,#2045);
#2047=IFCDIRECTION((0.,0.,1.));
#2048=IFCEXTRUDEDAREASOLID(#2042,#2046,#2047,1.9499999992549419);
#2049=IFCCARTESIANPOINTLIST2D(((0.,0.),(0.,-0.040000000000000001),(0.12,-0.040000000000000001),(0.12,-0.02),(0.02,-0.02),(0.02,0.)));
#2050=IFCINDEXEDPOLYCURVE(#2049,(IFCLINEINDEX((1,2,3,4,5,6,1))),$);
#2051=IFCARBITRARYCLOSEDPROFILEDEF(.AREA.,$,#2050);
#2052=IFCCARTESIANPOINT((0.075000000372529033,0.02500000037252903,1.015000000372529));
#2053=IFCDIRECTION((0.,0.,1.));
#2054=IFCDIRECTION((1.,0.,0.));
#2055=IFCAXIS2PLACEMENT3D(#2052,#2053,#2054);
#2056=IFCDIRECTION((0.,0.,1.));
#2057=IFCEXTRUDEDAREASOLID(#2051,#2055,#2056,0.02);
#2058=IFCEXTRUDEDAREASOLID(#2059,#2062,#2066,0.02);
#2059=IFCARBITRARYCLOSEDPROFILEDEF(.AREA.,$,#2060);
#2060=IFCINDEXEDPOLYCURVE(#2061,(IFCLINEINDEX((1,2,3,4,5,6,1))),$);
#2061=IFCCARTESIANPOINTLIST2D(((0.,0.),(0.,0.040000000000000008),(0.11999999999999998,0.040000000000000008),(0.11999999999999998,0.020000000000000004),(0.020000000000000004,0.020000000000000004),(0.020000000000000004,0.)));
#2062=IFCAXIS2PLACEMENT3D(#2063,#2064,#2065);
#2063=IFCCARTESIANPOINT((0.075000000372529033,0.060000000521540642,1.015000000372529));
#2064=IFCDIRECTION((0.,0.,1.));
#2065=IFCDIRECTION((1.,0.,0.));
#2066=IFCDIRECTION((0.,0.,1.));
#2067=IFCSHAPEREPRESENTATION(#11,'Body','SweptSolid',(#2003,#2012,#2048,#2057,#2058,#2021,#2030,#2039));
#2068=IFCCARTESIANPOINTLIST2D(((0.,0.),(0.,0.05000000074505806),(0.02500000037252903,0.05000000074505806),(0.02500000037252903,0.02500000037252903),(0.05000000074505806,0.02500000037252903),(0.05000000074505806,0.)));
#2069=IFCINDEXEDPOLYCURVE(#2068,(IFCLINEINDEX((1,2,3,4,5,6,1))),$);
#2070=IFCINDEXEDPOLYCURVE(#2071,(IFCLINEINDEX((1,2,3,4,5,6,1))),$);
#2071=IFCCARTESIANPOINTLIST2D(((0.91114521026611328,0.),(0.91114521026611328,0.05000000074505806),(0.88614520989358425,0.05000000074505806),(0.88614520989358425,0.02500000037252903),(0.86114520952105522,0.02500000037252903),(0.86114520952105522,0.)));
#2072=IFCDIRECTION((1.,0.));
#2073=IFCCARTESIANPOINT((0.85114520974457264,0.05000000074505806));
#2074=IFCAXIS2PLACEMENT2D(#2073,#2072);
#2075=IFCELLIPSE(#2074,0.82614520937204361,0.86114520952105522);
#2076=IFCCARTESIANPOINT((0.85114520974457264,0.91114521026611328));
#2077=IFCCARTESIANPOINT((0.02500000037252903,0.05000000074505806));
#2078=IFCTRIMMEDCURVE(#2075,(#2076),(#2077),.T.,.CARTESIAN.);
#2079=IFCCARTESIANPOINTLIST2D(((0.88614520989358425,0.05000000074505806),(0.85114520974457264,0.05000000074505806),(0.85114520974457264,0.91114521026611328),(0.88614520989358425,0.91114521026611328)));
#2080=IFCINDEXEDPOLYCURVE(#2079,(IFCLINEINDEX((1,2,3,4,1))),$);
#2081=IFCSHAPEREPRESENTATION(#24,'Body','Curve2D',(#2069,#2070,#2078,#2080));
#2082=IFCCARTESIANPOINTLIST2D(((0.,0.),(0.91114521026611328,0.),(0.91114521026611328,2.),(0.,2.)));
#2083=IFCINDEXEDPOLYCURVE(#2082,(IFCLINEINDEX((1,2,3,4,1))),$);
#2084=IFCARBITRARYCLOSEDPROFILEDEF(.AREA.,$,#2083);
#2085=IFCCARTESIANPOINT((0.,-0.60000002384185791,0.));
#2086=IFCDIRECTION((0.,-1.,0.));
#2087=IFCDIRECTION((1.,0.,0.));
#2088=IFCAXIS2PLACEMENT3D(#2085,#2086,#2087);
#2089=IFCDIRECTION((0.,0.,-1.));
#2090=IFCEXTRUDEDAREASOLID(#2084,#2088,#2089,1.2);
#2091=IFCSHAPEREPRESENTATION(#11,'Body','SweptSolid',(#2090));
#2097=IFCCARTESIANPOINT((1.5330673677989251,0.014999743810385435,0.));
#2098=IFCDIRECTION((0.,0.,1.));
#2099=IFCDIRECTION((0.99999999999997147,-2.384185719961227E-07,0.));
#2100=IFCAXIS2PLACEMENT3D(#2097,#2098,#2099);
#2101=IFCLOCALPLACEMENT(#597,#2100);
#2102=IFCCARTESIANPOINT((-6.6613381477509392E-16,-5.5511151231257827E-17,0.));
#2103=IFCDIRECTION((0.,0.,1.));
#2104=IFCDIRECTION((1.,0.,0.));
#2105=IFCAXIS2PLACEMENT3D(#2102,#2103,#2104);
#2106=IFCLOCALPLACEMENT(#2101,#2105);
#3168=IFCWINDOWTYPE('2sWNr_0mrDbgz1lGlUBFMd',$,'Living-GF',$,$,(#3169),(#3178,#3226,#3248),$,$,.WINDOW.,.SINGLE_PANEL.,$,$);
#3169=IFCPROPERTYSET('18BUKtPab76gEa6cSaPxsv',$,'BBIM_Window',$,(#3170));
#3170=IFCPROPERTYSINGLEVALUE('Data',$,IFCTEXT('{"window_type": "SINGLE_PANEL", "overall_height": 0.8999999761581421, "overall_width": 0.6453529596328735, "lining_properties": {"lining_depth": 0.05000000074505806, "lining_thickness": 0.05000000074505806, "lining_offset": 0.05000000074505806, "lining_to_panel_offset_x": 0.02500000037252903, "lining_to_panel_offset_y": 0.02500000037252903}, "panel_properties": {"frame_depth": [0.03500000014901161, 0.03500000014901161, 0.03500000014901161], "frame_thickness": [0.03500000014901161, 0.03500000014901161, 0.03500000014901161]}}'),$);
#3174=IFCCARTESIANPOINT((0.,0.,0.));
#3175=IFCDIRECTION((1.,0.,0.));
#3176=IFCDIRECTION((0.,0.,1.));
#3177=IFCAXIS2PLACEMENT3D(#3174,#3176,#3175);
#3178=IFCREPRESENTATIONMAP(#3177,#3662);
#3222=IFCCARTESIANPOINT((0.,0.,0.));
#3223=IFCDIRECTION((1.,0.,0.));
#3224=IFCDIRECTION((0.,0.,1.));
#3225=IFCAXIS2PLACEMENT3D(#3222,#3224,#3223);
#3226=IFCREPRESENTATIONMAP(#3225,#3705);
#3244=IFCCARTESIANPOINT((0.,0.,0.));
#3245=IFCDIRECTION((1.,0.,0.));
#3246=IFCDIRECTION((0.,0.,1.));
#3247=IFCAXIS2PLACEMENT3D(#3244,#3246,#3245);
#3248=IFCREPRESENTATIONMAP(#3247,#3722);
#3249=IFCWINDOW('0HbqP0G_H57u_ospXgRwA8',$,'Window',$,$,#4111,#3259,$,0.89999997615814209,0.64535295963287354,$,.SINGLE_PANEL.,$);
#3251=IFCRELDEFINESBYTYPE('3_2yLjW558mPj8qjcRHNgP',$,$,$,(#3249),#3168);
#3252=IFCCARTESIANPOINT((0.,0.,0.));
#3253=IFCDIRECTION((1.,0.,0.));
#3254=IFCDIRECTION((0.,1.,0.));
#3255=IFCDIRECTION((0.,0.,1.));
#3256=IFCCARTESIANTRANSFORMATIONOPERATOR3D(#3253,#3254,#3252,1.,#3255);
#3257=IFCMAPPEDITEM(#3178,#3256);
#3258=IFCSHAPEREPRESENTATION(#18,'Profile','MappedRepresentation',(#3257));
#3259=IFCPRODUCTDEFINITIONSHAPE($,$,(#3258,#3266,#3273));
#3260=IFCCARTESIANPOINT((0.,0.,0.));
#3261=IFCDIRECTION((1.,0.,0.));
#3262=IFCDIRECTION((0.,1.,0.));
#3263=IFCDIRECTION((0.,0.,1.));
#3264=IFCCARTESIANTRANSFORMATIONOPERATOR3D(#3261,#3262,#3260,1.,#3263);
#3265=IFCMAPPEDITEM(#3226,#3264);
#3266=IFCSHAPEREPRESENTATION(#11,'Body','MappedRepresentation',(#3265));
#3267=IFCCARTESIANPOINT((0.,0.,0.));
#3268=IFCDIRECTION((1.,0.,0.));
#3269=IFCDIRECTION((0.,1.,0.));
#3270=IFCDIRECTION((0.,0.,1.));
#3271=IFCCARTESIANTRANSFORMATIONOPERATOR3D(#3268,#3269,#3267,1.,#3270);
#3272=IFCMAPPEDITEM(#3248,#3271);
#3273=IFCSHAPEREPRESENTATION(#24,'Body','MappedRepresentation',(#3272));
#3274=IFCOPENINGELEMENT('16LnLgkWrE5e8vTNmFikGl',$,'Opening',$,$,#3757,#3302,$,.OPENING.);
#3290=IFCCARTESIANPOINT((0.,0.,0.));
#3291=IFCDIRECTION((1.,0.,0.));
#3292=IFCDIRECTION((0.,0.,1.));
#3293=IFCAXIS2PLACEMENT3D(#3290,#3292,#3291);
#3294=IFCREPRESENTATIONMAP(#3293,#3732);
#3295=IFCCARTESIANPOINT((0.,0.,0.));
#3296=IFCDIRECTION((1.,0.,0.));
#3297=IFCDIRECTION((0.,1.,0.));
#3298=IFCDIRECTION((0.,0.,1.));
#3299=IFCCARTESIANTRANSFORMATIONOPERATOR3D(#3296,#3297,#3295,1.,#3298);
#3300=IFCMAPPEDITEM(#3294,#3299);
#3301=IFCSHAPEREPRESENTATION(#11,'Body','MappedRepresentation',(#3300));
#3302=IFCPRODUCTDEFINITIONSHAPE($,$,(#3301));
#3303=IFCRELVOIDSELEMENT('0NTwBQXFL6cA7jsvjnyrqo',$,$,$,#87,#3274);
#3309=IFCRELFILLSELEMENT('3vrss4xRPFwQ2vV6s5Ap6C',$,$,$,#3274,#3249);
#3333=IFCCARTESIANPOINTLIST2D(((0.,0.),(1.8730963468551636,0.),(1.8730963468551636,0.89999997615814209),(0.,0.89999997615814209)));
#3334=IFCINDEXEDPOLYCURVE(#3333,(IFCLINEINDEX((1,2,3,4,1))),$);
#3335=IFCCARTESIANPOINTLIST2D(((0.02500000037252903,0.02500000037252903),(1.8480963464826345,0.02500000037252903),(1.8480963464826345,0.87499997578561306),(0.02500000037252903,0.87499997578561306)));
#3336=IFCINDEXEDPOLYCURVE(#3335,(IFCLINEINDEX((1,2,3,4,1))),$);
#3337=IFCARBITRARYPROFILEDEFWITHVOIDS(.AREA.,$,#3334,(#3336));
#3338=IFCCARTESIANPOINT((0.,0.090000001713633537,0.));
#3339=IFCDIRECTION((0.,-1.,0.));
#3340=IFCDIRECTION((1.,0.,0.));
#3341=IFCAXIS2PLACEMENT3D(#3338,#3339,#3340);
#3342=IFCDIRECTION((0.,0.,-1.));
#3343=IFCEXTRUDEDAREASOLID(#3337,#3341,#3342,0.0099999997764825821);
#3344=IFCCARTESIANPOINTLIST2D(((0.,0.),(1.8730963468551636,0.),(1.8730963468551636,0.89999997615814209),(0.,0.89999997615814209)));
#3345=IFCINDEXEDPOLYCURVE(#3344,(IFCLINEINDEX((1,2,3,4,1))),$);
#3346=IFCCARTESIANPOINTLIST2D(((0.05000000074505806,0.05000000074505806),(1.8230963461101055,0.05000000074505806),(1.8230963461101055,0.84999997541308403),(0.05000000074505806,0.84999997541308403)));
#3347=IFCINDEXEDPOLYCURVE(#3346,(IFCLINEINDEX((1,2,3,4,1))),$);
#3348=IFCARBITRARYPROFILEDEFWITHVOIDS(.AREA.,$,#3345,(#3347));
#3349=IFCCARTESIANPOINT((0.,0.05000000074505806,0.));
#3350=IFCDIRECTION((0.,-1.,0.));
#3351=IFCDIRECTION((1.,0.,0.));
#3352=IFCAXIS2PLACEMENT3D(#3349,#3350,#3351);
#3353=IFCDIRECTION((0.,0.,-1.));
#3354=IFCEXTRUDEDAREASOLID(#3348,#3352,#3353,0.040000000968575478);
#3355=IFCCARTESIANPOINTLIST2D(((0.,0.),(1.8230963461101055,0.),(1.8230963461101055,0.84999997541308403),(0.,0.84999997541308403)));
#3356=IFCINDEXEDPOLYCURVE(#3355,(IFCLINEINDEX((1,2,3,4,1))),$);
#3357=IFCCARTESIANPOINTLIST2D(((0.035000000149011612,0.035000000149011612),(1.7880963459610939,0.035000000149011612),(1.7880963459610939,0.81499997526407242),(0.035000000149011612,0.81499997526407242)));
#3358=IFCINDEXEDPOLYCURVE(#3357,(IFCLINEINDEX((1,2,3,4,1))),$);
#3359=IFCARBITRARYPROFILEDEFWITHVOIDS(.AREA.,$,#3356,(#3358));
#3360=IFCCARTESIANPOINT((0.02500000037252903,0.090000001713633537,0.02500000037252903));
#3361=IFCDIRECTION((0.,-1.,0.));
#3362=IFCDIRECTION((1.,0.,0.));
#3363=IFCAXIS2PLACEMENT3D(#3360,#3361,#3362);
#3364=IFCDIRECTION((0.,0.,-1.));
#3365=IFCEXTRUDEDAREASOLID(#3359,#3363,#3364,0.035000000149011612);
#3366=IFCINDEXEDPOLYCURVE(#3367,(IFCLINEINDEX((1,2,3,4,1))),$);
#3367=IFCCARTESIANPOINTLIST2D(((0.035000000149011612,0.035000000149011612),(1.7880963459610939,0.035000000149011612),(1.7880963459610939,0.81499997526407242),(0.035000000149011612,0.81499997526407242)));
#3368=IFCARBITRARYCLOSEDPROFILEDEF(.AREA.,$,#3366);
#3369=IFCCARTESIANPOINT((0.02500000037252903,0.10250000178813934,0.02500000037252903));
#3370=IFCDIRECTION((0.,-1.,0.));
#3371=IFCDIRECTION((1.,0.,0.));
#3372=IFCAXIS2PLACEMENT3D(#3369,#3370,#3371);
#3373=IFCDIRECTION((0.,0.,-1.));
#3374=IFCEXTRUDEDAREASOLID(#3368,#3372,#3373,0.01);
#3376=IFCSHAPEREPRESENTATION(#11,'Body','SweptSolid',(#3463,#3452,#3581,#3343,#3354,#3684,#3673,#3570));
#3377=IFCSHAPEASPECT((#3376),'Lining',$,.T.,#3259);
#3378=IFCSHAPEREPRESENTATION(#11,'Body','SweptSolid',(#3592,#3365,#3474,#3695));
#3379=IFCSHAPEASPECT((#3378),'Framing',$,.T.,#3259);
#3380=IFCSHAPEREPRESENTATION(#11,'Body','SweptSolid',(#3601,#3704,#3374,#3483));
#3381=IFCSHAPEASPECT((#3380),'Glazing',$,.T.,#3259);
#3442=IFCCARTESIANPOINTLIST2D(((0.,0.),(1.6522866487503052,0.),(1.6522866487503052,0.89999997615814209),(0.,0.89999997615814209)));
#3443=IFCINDEXEDPOLYCURVE(#3442,(IFCLINEINDEX((1,2,3,4,1))),$);
#3444=IFCCARTESIANPOINTLIST2D(((0.02500000037252903,0.02500000037252903),(1.6272866483777761,0.02500000037252903),(1.6272866483777761,0.87499997578561306),(0.02500000037252903,0.87499997578561306)));
#3445=IFCINDEXEDPOLYCURVE(#3444,(IFCLINEINDEX((1,2,3,4,1))),$);
#3446=IFCARBITRARYPROFILEDEFWITHVOIDS(.AREA.,$,#3443,(#3445));
#3447=IFCCARTESIANPOINT((0.,0.090000001713633537,0.));
#3448=IFCDIRECTION((0.,-1.,0.));
#3449=IFCDIRECTION((1.,0.,0.));
#3450=IFCAXIS2PLACEMENT3D(#3447,#3448,#3449);
#3451=IFCDIRECTION((0.,0.,-1.));
#3452=IFCEXTRUDEDAREASOLID(#3446,#3450,#3451,0.0099999997764825821);
#3453=IFCCARTESIANPOINTLIST2D(((0.,0.),(1.6522866487503052,0.),(1.6522866487503052,0.89999997615814209),(0.,0.89999997615814209)));
#3454=IFCINDEXEDPOLYCURVE(#3453,(IFCLINEINDEX((1,2,3,4,1))),$);
#3455=IFCCARTESIANPOINTLIST2D(((0.05000000074505806,0.05000000074505806),(1.6022866480052471,0.05000000074505806),(1.6022866480052471,0.84999997541308403),(0.05000000074505806,0.84999997541308403)));
#3456=IFCINDEXEDPOLYCURVE(#3455,(IFCLINEINDEX((1,2,3,4,1))),$);
#3457=IFCARBITRARYPROFILEDEFWITHVOIDS(.AREA.,$,#3454,(#3456));
#3458=IFCCARTESIANPOINT((0.,0.05000000074505806,0.));
#3459=IFCDIRECTION((0.,-1.,0.));
#3460=IFCDIRECTION((1.,0.,0.));
#3461=IFCAXIS2PLACEMENT3D(#3458,#3459,#3460);
#3462=IFCDIRECTION((0.,0.,-1.));
#3463=IFCEXTRUDEDAREASOLID(#3457,#3461,#3462,0.040000000968575478);
#3464=IFCCARTESIANPOINTLIST2D(((0.,0.),(1.6022866480052471,0.),(1.6022866480052471,0.84999997541308403),(0.,0.84999997541308403)));
#3465=IFCINDEXEDPOLYCURVE(#3464,(IFCLINEINDEX((1,2,3,4,1))),$);
#3466=IFCCARTESIANPOINTLIST2D(((0.035000000149011612,0.035000000149011612),(1.5672866478562355,0.035000000149011612),(1.5672866478562355,0.81499997526407242),(0.035000000149011612,0.81499997526407242)));
#3467=IFCINDEXEDPOLYCURVE(#3466,(IFCLINEINDEX((1,2,3,4,1))),$);
#3468=IFCARBITRARYPROFILEDEFWITHVOIDS(.AREA.,$,#3465,(#3467));
#3469=IFCCARTESIANPOINT((0.02500000037252903,0.090000001713633537,0.02500000037252903));
#3470=IFCDIRECTION((0.,-1.,0.));
#3471=IFCDIRECTION((1.,0.,0.));
#3472=IFCAXIS2PLACEMENT3D(#3469,#3470,#3471);
#3473=IFCDIRECTION((0.,0.,-1.));
#3474=IFCEXTRUDEDAREASOLID(#3468,#3472,#3473,0.035000000149011612);
#3475=IFCINDEXEDPOLYCURVE(#3476,(IFCLINEINDEX((1,2,3,4,1))),$);
#3476=IFCCARTESIANPOINTLIST2D(((0.035000000149011612,0.035000000149011612),(1.5672866478562355,0.035000000149011612),(1.5672866478562355,0.81499997526407242),(0.035000000149011612,0.81499997526407242)));
#3477=IFCARBITRARYCLOSEDPROFILEDEF(.AREA.,$,#3475);
#3478=IFCCARTESIANPOINT((0.02500000037252903,0.10250000178813934,0.02500000037252903));
#3479=IFCDIRECTION((0.,-1.,0.));
#3480=IFCDIRECTION((1.,0.,0.));
#3481=IFCAXIS2PLACEMENT3D(#3478,#3479,#3480);
#3482=IFCDIRECTION((0.,0.,-1.));
#3483=IFCEXTRUDEDAREASOLID(#3477,#3481,#3482,0.01);
#3560=IFCCARTESIANPOINTLIST2D(((0.,0.),(0.75544142723083496,0.),(0.75544142723083496,0.89999997615814209),(0.,0.89999997615814209)));
#3561=IFCINDEXEDPOLYCURVE(#3560,(IFCLINEINDEX((1,2,3,4,1))),$);
#3562=IFCCARTESIANPOINTLIST2D(((0.02500000037252903,0.02500000037252903),(0.73044142685830593,0.02500000037252903),(0.73044142685830593,0.87499997578561306),(0.02500000037252903,0.87499997578561306)));
#3563=IFCINDEXEDPOLYCURVE(#3562,(IFCLINEINDEX((1,2,3,4,1))),$);
#3564=IFCARBITRARYPROFILEDEFWITHVOIDS(.AREA.,$,#3561,(#3563));
#3565=IFCCARTESIANPOINT((0.,0.090000001713633537,0.));
#3566=IFCDIRECTION((0.,-1.,0.));
#3567=IFCDIRECTION((1.,0.,0.));
#3568=IFCAXIS2PLACEMENT3D(#3565,#3566,#3567);
#3569=IFCDIRECTION((0.,0.,-1.));
#3570=IFCEXTRUDEDAREASOLID(#3564,#3568,#3569,0.0099999997764825821);
#3571=IFCCARTESIANPOINTLIST2D(((0.,0.),(0.75544142723083496,0.),(0.75544142723083496,0.89999997615814209),(0.,0.89999997615814209)));
#3572=IFCINDEXEDPOLYCURVE(#3571,(IFCLINEINDEX((1,2,3,4,1))),$);
#3573=IFCCARTESIANPOINTLIST2D(((0.05000000074505806,0.05000000074505806),(0.7054414264857769,0.05000000074505806),(0.7054414264857769,0.84999997541308403),(0.05000000074505806,0.84999997541308403)));
#3574=IFCINDEXEDPOLYCURVE(#3573,(IFCLINEINDEX((1,2,3,4,1))),$);
#3575=IFCARBITRARYPROFILEDEFWITHVOIDS(.AREA.,$,#3572,(#3574));
#3576=IFCCARTESIANPOINT((0.,0.05000000074505806,0.));
#3577=IFCDIRECTION((0.,-1.,0.));
#3578=IFCDIRECTION((1.,0.,0.));
#3579=IFCAXIS2PLACEMENT3D(#3576,#3577,#3578);
#3580=IFCDIRECTION((0.,0.,-1.));
#3581=IFCEXTRUDEDAREASOLID(#3575,#3579,#3580,0.040000000968575478);
#3582=IFCCARTESIANPOINTLIST2D(((0.,0.),(0.7054414264857769,0.),(0.7054414264857769,0.84999997541308403),(0.,0.84999997541308403)));
#3583=IFCINDEXEDPOLYCURVE(#3582,(IFCLINEINDEX((1,2,3,4,1))),$);
#3584=IFCCARTESIANPOINTLIST2D(((0.035000000149011612,0.035000000149011612),(0.67044142633676529,0.035000000149011612),(0.67044142633676529,0.81499997526407242),(0.035000000149011612,0.81499997526407242)));
#3585=IFCINDEXEDPOLYCURVE(#3584,(IFCLINEINDEX((1,2,3,4,1))),$);
#3586=IFCARBITRARYPROFILEDEFWITHVOIDS(.AREA.,$,#3583,(#3585));
#3587=IFCCARTESIANPOINT((0.02500000037252903,0.090000001713633537,0.02500000037252903));
#3588=IFCDIRECTION((0.,-1.,0.));
#3589=IFCDIRECTION((1.,0.,0.));
#3590=IFCAXIS2PLACEMENT3D(#3587,#3588,#3589);
#3591=IFCDIRECTION((0.,0.,-1.));
#3592=IFCEXTRUDEDAREASOLID(#3586,#3590,#3591,0.035000000149011612);
#3593=IFCINDEXEDPOLYCURVE(#3594,(IFCLINEINDEX((1,2,3,4,1))),$);
#3594=IFCCARTESIANPOINTLIST2D(((0.035000000149011612,0.035000000149011612),(0.67044142633676529,0.035000000149011612),(0.67044142633676529,0.81499997526407242),(0.035000000149011612,0.81499997526407242)));
#3595=IFCARBITRARYCLOSEDPROFILEDEF(.AREA.,$,#3593);
#3596=IFCCARTESIANPOINT((0.02500000037252903,0.10250000178813934,0.02500000037252903));
#3597=IFCDIRECTION((0.,-1.,0.));
#3598=IFCDIRECTION((1.,0.,0.));
#3599=IFCAXIS2PLACEMENT3D(#3596,#3597,#3598);
#3600=IFCDIRECTION((0.,0.,-1.));
#3601=IFCEXTRUDEDAREASOLID(#3595,#3599,#3600,0.01);
#3660=IFCCARTESIANPOINTLIST3D(((0.,0.,0.),(0.64535295963287354,0.,0.),(0.64535295963287354,0.,0.89999997615814209),(0.,0.,0.89999997615814209)));
#3661=IFCINDEXEDPOLYCURVE(#3660,(IFCLINEINDEX((1,2,3,4,1))),$);
#3662=IFCSHAPEREPRESENTATION(#18,'Profile','Curve3D',(#3661));
#3663=IFCCARTESIANPOINTLIST2D(((0.,0.),(0.64535295963287354,0.),(0.64535295963287354,0.89999997615814209),(0.,0.89999997615814209)));
#3664=IFCINDEXEDPOLYCURVE(#3663,(IFCLINEINDEX((1,2,3,4,1))),$);
#3665=IFCCARTESIANPOINTLIST2D(((0.02500000037252903,0.02500000037252903),(0.62035295926034451,0.02500000037252903),(0.62035295926034451,0.87499997578561306),(0.02500000037252903,0.87499997578561306)));
#3666=IFCINDEXEDPOLYCURVE(#3665,(IFCLINEINDEX((1,2,3,4,1))),$);
#3667=IFCARBITRARYPROFILEDEFWITHVOIDS(.AREA.,$,#3664,(#3666));
#3668=IFCCARTESIANPOINT((0.,0.090000001713633537,0.));
#3669=IFCDIRECTION((0.,-1.,0.));
#3670=IFCDIRECTION((1.,0.,0.));
#3671=IFCAXIS2PLACEMENT3D(#3668,#3669,#3670);
#3672=IFCDIRECTION((0.,0.,-1.));
#3673=IFCEXTRUDEDAREASOLID(#3667,#3671,#3672,0.0099999997764825821);
#3674=IFCCARTESIANPOINTLIST2D(((0.,0.),(0.64535295963287354,0.),(0.64535295963287354,0.89999997615814209),(0.,0.89999997615814209)));
#3675=IFCINDEXEDPOLYCURVE(#3674,(IFCLINEINDEX((1,2,3,4,1))),$);
#3676=IFCCARTESIANPOINTLIST2D(((0.05000000074505806,0.05000000074505806),(0.59535295888781548,0.05000000074505806),(0.59535295888781548,0.84999997541308403),(0.05000000074505806,0.84999997541308403)));
#3677=IFCINDEXEDPOLYCURVE(#3676,(IFCLINEINDEX((1,2,3,4,1))),$);
#3678=IFCARBITRARYPROFILEDEFWITHVOIDS(.AREA.,$,#3675,(#3677));
#3679=IFCCARTESIANPOINT((0.,0.05000000074505806,0.));
#3680=IFCDIRECTION((0.,-1.,0.));
#3681=IFCDIRECTION((1.,0.,0.));
#3682=IFCAXIS2PLACEMENT3D(#3679,#3680,#3681);
#3683=IFCDIRECTION((0.,0.,-1.));
#3684=IFCEXTRUDEDAREASOLID(#3678,#3682,#3683,0.040000000968575478);
#3685=IFCCARTESIANPOINTLIST2D(((0.,0.),(0.59535295888781548,0.),(0.59535295888781548,0.84999997541308403),(0.,0.84999997541308403)));
#3686=IFCINDEXEDPOLYCURVE(#3685,(IFCLINEINDEX((1,2,3,4,1))),$);
#3687=IFCCARTESIANPOINTLIST2D(((0.035000000149011612,0.035000000149011612),(0.56035295873880386,0.035000000149011612),(0.56035295873880386,0.81499997526407242),(0.035000000149011612,0.81499997526407242)));
#3688=IFCINDEXEDPOLYCURVE(#3687,(IFCLINEINDEX((1,2,3,4,1))),$);
#3689=IFCARBITRARYPROFILEDEFWITHVOIDS(.AREA.,$,#3686,(#3688));
#3690=IFCCARTESIANPOINT((0.02500000037252903,0.090000001713633537,0.02500000037252903));
#3691=IFCDIRECTION((0.,-1.,0.));
#3692=IFCDIRECTION((1.,0.,0.));
#3693=IFCAXIS2PLACEMENT3D(#3690,#3691,#3692);
#3694=IFCDIRECTION((0.,0.,-1.));
#3695=IFCEXTRUDEDAREASOLID(#3689,#3693,#3694,0.035000000149011612);
#3696=IFCINDEXEDPOLYCURVE(#3697,(IFCLINEINDEX((1,2,3,4,1))),$);
#3697=IFCCARTESIANPOINTLIST2D(((0.035000000149011612,0.035000000149011612),(0.56035295873880386,0.035000000149011612),(0.56035295873880386,0.81499997526407242),(0.035000000149011612,0.81499997526407242)));
#3698=IFCARBITRARYCLOSEDPROFILEDEF(.AREA.,$,#3696);
#3699=IFCCARTESIANPOINT((0.02500000037252903,0.10250000178813934,0.02500000037252903));
#3700=IFCDIRECTION((0.,-1.,0.));
#3701=IFCDIRECTION((1.,0.,0.));
#3702=IFCAXIS2PLACEMENT3D(#3699,#3700,#3701);
#3703=IFCDIRECTION((0.,0.,-1.));
#3704=IFCEXTRUDEDAREASOLID(#3698,#3702,#3703,0.01);
#3705=IFCSHAPEREPRESENTATION(#11,'Body','SweptSolid',(#3673,#3684,#3695,#3704));
#3706=IFCCARTESIANPOINTLIST2D(((0.05000000074505806,0.05000000074505806),(0.59535295888781548,0.05000000074505806)));
#3707=IFCINDEXEDPOLYCURVE(#3706,$,$);
#3708=IFCCARTESIANPOINTLIST2D(((0.,0.10000000149011612),(0.02500000037252903,0.10000000149011612),(0.02500000037252903,0.090000001713633537),(0.05000000074505806,0.090000001713633537),(0.05000000074505806,0.05000000074505806),(0.,0.05000000074505806)));
#3709=IFCINDEXEDPOLYCURVE(#3708,(IFCLINEINDEX((1,2,3,4,5,6,1))),$);
#3710=IFCCARTESIANPOINTLIST2D(((0.64535295963287354,0.10000000149011612),(0.62035295926034451,0.10000000149011612),(0.62035295926034451,0.090000001713633537),(0.59535295888781548,0.090000001713633537),(0.59535295888781548,0.05000000074505806),(0.64535295963287354,0.05000000074505806)));
#3711=IFCINDEXEDPOLYCURVE(#3710,(IFCLINEINDEX((1,2,3,4,5,6,1))),$);
#3712=IFCCARTESIANPOINTLIST2D(((0.02500000037252903,0.090000001713633537),(0.060000000521540642,0.090000001713633537),(0.060000000521540642,0.12500000186264515),(0.02500000037252903,0.12500000186264515)));
#3713=IFCINDEXEDPOLYCURVE(#3712,(IFCLINEINDEX((1,2,3,4,1))),$);
#3714=IFCINDEXEDPOLYCURVE(#3715,(IFCLINEINDEX((1,2,3,4,1))),$);
#3715=IFCCARTESIANPOINTLIST2D(((0.62035295926034451,0.090000001713633537),(0.58535295911133289,0.090000001713633537),(0.58535295911133289,0.12500000186264515),(0.62035295926034451,0.12500000186264515)));
#3716=IFCCARTESIANPOINTLIST2D(((0.060000000521540642,0.090000001713633537),(0.58535295911133289,0.090000001713633537)));
#3717=IFCINDEXEDPOLYCURVE(#3716,$,$);
#3718=IFCINDEXEDPOLYCURVE(#3719,$,$);
#3719=IFCCARTESIANPOINTLIST2D(((0.060000000521540642,0.12500000186264515),(0.58535295911133289,0.12500000186264515)));
#3720=IFCINDEXEDPOLYCURVE(#3721,$,$);
#3721=IFCCARTESIANPOINTLIST2D(((0.060000000521540642,0.10750000178813934),(0.58535295911133289,0.10750000178813934)));
#3722=IFCSHAPEREPRESENTATION(#24,'Body','Curve2D',(#3707,#3709,#3711,#3713,#3714,#3717,#3718,#3720));
#3723=IFCCARTESIANPOINTLIST2D(((0.,0.),(0.64535295963287354,0.),(0.64535295963287354,0.89999997615814209),(0.,0.89999997615814209)));
#3724=IFCINDEXEDPOLYCURVE(#3723,(IFCLINEINDEX((1,2,3,4,1))),$);
#3725=IFCARBITRARYCLOSEDPROFILEDEF(.AREA.,$,#3724);
#3726=IFCCARTESIANPOINT((0.,-0.60000002384185791,0.));
#3727=IFCDIRECTION((0.,-1.,0.));
#3728=IFCDIRECTION((1.,0.,0.));
#3729=IFCAXIS2PLACEMENT3D(#3726,#3727,#3728);
#3730=IFCDIRECTION((0.,0.,-1.));
#3731=IFCEXTRUDEDAREASOLID(#3725,#3729,#3730,1.2);
#3732=IFCSHAPEREPRESENTATION(#11,'Body','SweptSolid',(#3731));
#3753=IFCCARTESIANPOINT((1.773747615010788,2.86102294921875E-06,1.));
#3754=IFCDIRECTION((0.,0.,1.));
#3755=IFCDIRECTION((0.9999999999997442,-7.1525573730450454E-07,0.));
#3756=IFCAXIS2PLACEMENT3D(#3753,#3754,#3755);
#3757=IFCLOCALPLACEMENT(#787,#3756);
#3763=IFCWINDOWTYPE('2lYtFaZHH2F8fz8QsVOa7l',$,'Guest-GF-1',$,$,(#3764),(#3766,#3774,#3822),$,$,.WINDOW.,.SINGLE_PANEL.,$,$);
#3764=IFCPROPERTYSET('2A1BKCRoLBqeaeena3JFnX',$,'BBIM_Window',$,(#3765));
#3765=IFCPROPERTYSINGLEVALUE('Data',$,IFCTEXT('{"window_type": "DOUBLE_PANEL_VERTICAL", "overall_height": 0.8999999761581421, "overall_width": 1.2257635593414307, "lining_properties": {"lining_depth": 0.05000000074505806, "lining_thickness": 0.05000000074505806, "lining_offset": 0.05000000074505806, "lining_to_panel_offset_x": 0.02500000037252903, "lining_to_panel_offset_y": 0.02500000037252903, "mullion_thickness": 0.05000000074505806, "first_mullion_offset": 0.6186720728874207}, "panel_properties": {"frame_depth": [0.03500000014901161, 0.03500000014901161, 0.03500000014901161], "frame_thickness": [0.03500000014901161, 0.03500000014901161, 0.03500000014901161]}}'),$);
#3766=IFCREPRESENTATIONMAP(#3767,#4374);
#3767=IFCAXIS2PLACEMENT3D(#3768,#3769,#3770);
#3768=IFCCARTESIANPOINT((0.,0.,0.));
#3769=IFCDIRECTION((0.,0.,1.));
#3770=IFCDIRECTION((1.,0.,0.));
#3774=IFCREPRESENTATIONMAP(#3775,#4455);
#3775=IFCAXIS2PLACEMENT3D(#3776,#3777,#3778);
#3776=IFCCARTESIANPOINT((0.,0.,0.));
#3777=IFCDIRECTION((0.,0.,1.));
#3778=IFCDIRECTION((1.,0.,0.));
#3822=IFCREPRESENTATIONMAP(#3823,#4488);
#3823=IFCAXIS2PLACEMENT3D(#3824,#3825,#3826);
#3824=IFCCARTESIANPOINT((0.,0.,0.));
#3825=IFCDIRECTION((0.,0.,1.));
#3826=IFCDIRECTION((1.,0.,0.));
#3844=IFCWINDOW('3YFJQaTO9CdQdTbhpF2OZk',$,'Window',$,$,#4513,#3854,$,0.89999997615814209,1.2257635593414307,$,.DOUBLE_PANEL_VERTICAL.,$);
#3846=IFCRELDEFINESBYTYPE('1XrCUbzf9A5f7T0aDTyA2I',$,$,$,(#3844),#3763);
#3847=IFCCARTESIANPOINT((0.,0.,0.));
#3848=IFCDIRECTION((1.,0.,0.));
#3849=IFCDIRECTION((0.,1.,0.));
#3850=IFCDIRECTION((0.,0.,1.));
#3851=IFCCARTESIANTRANSFORMATIONOPERATOR3D(#3848,#3849,#3847,1.,#3850);
#3852=IFCMAPPEDITEM(#3766,#3851);
#3853=IFCSHAPEREPRESENTATION(#18,'Profile','MappedRepresentation',(#3852));
#3854=IFCPRODUCTDEFINITIONSHAPE($,$,(#3853,#3861,#3868));
#3855=IFCCARTESIANPOINT((0.,0.,0.));
#3856=IFCDIRECTION((1.,0.,0.));
#3857=IFCDIRECTION((0.,1.,0.));
#3858=IFCDIRECTION((0.,0.,1.));
#3859=IFCCARTESIANTRANSFORMATIONOPERATOR3D(#3856,#3857,#3855,1.,#3858);
#3860=IFCMAPPEDITEM(#3774,#3859);
#3861=IFCSHAPEREPRESENTATION(#11,'Body','MappedRepresentation',(#3860));
#3862=IFCCARTESIANPOINT((0.,0.,0.));
#3863=IFCDIRECTION((1.,0.,0.));
#3864=IFCDIRECTION((0.,1.,0.));
#3865=IFCDIRECTION((0.,0.,1.));
#3866=IFCCARTESIANTRANSFORMATIONOPERATOR3D(#3863,#3864,#3862,1.,#3865);
#3867=IFCMAPPEDITEM(#3822,#3866);
#3868=IFCSHAPEREPRESENTATION(#24,'Body','MappedRepresentation',(#3867));
#3869=IFCOPENINGELEMENT('31niCJO_r2ZAjlRCnIed1$',$,'Opening',$,$,#4508,#3897,$,.OPENING.);
#3885=IFCCARTESIANPOINT((0.,0.,0.));
#3886=IFCDIRECTION((1.,0.,0.));
#3887=IFCDIRECTION((0.,0.,1.));
#3888=IFCAXIS2PLACEMENT3D(#3885,#3887,#3886);
#3889=IFCREPRESENTATIONMAP(#3888,#4498);
#3890=IFCCARTESIANPOINT((0.,0.,0.));
#3891=IFCDIRECTION((1.,0.,0.));
#3892=IFCDIRECTION((0.,1.,0.));
#3893=IFCDIRECTION((0.,0.,1.));
#3894=IFCCARTESIANTRANSFORMATIONOPERATOR3D(#3891,#3892,#3890,1.,#3893);
#3895=IFCMAPPEDITEM(#3889,#3894);
#3896=IFCSHAPEREPRESENTATION(#11,'Body','MappedRepresentation',(#3895));
#3897=IFCPRODUCTDEFINITIONSHAPE($,$,(#3896));
#3898=IFCRELVOIDSELEMENT('2lNgVl7mH6H9AZh6S3HTCf',$,$,$,#303,#3869);
#3904=IFCRELFILLSELEMENT('1rzmjL3dXAmApCe4vmtlpl',$,$,$,#3869,#3844);
#3913=IFCCARTESIANPOINTLIST2D(((0.,0.),(1.2257635593414307,0.),(1.2257635593414307,0.89999997615814209),(0.,0.89999997615814209)));
#3914=IFCINDEXEDPOLYCURVE(#3913,(IFCLINEINDEX((1,2,3,4,1))),$);
#3915=IFCCARTESIANPOINTLIST2D(((0.02500000037252903,0.02500000037252903),(1.2007635589689016,0.02500000037252903),(1.2007635589689016,0.87499997578561306),(0.02500000037252903,0.87499997578561306)));
#3916=IFCINDEXEDPOLYCURVE(#3915,(IFCLINEINDEX((1,2,3,4,1))),$);
#3917=IFCARBITRARYPROFILEDEFWITHVOIDS(.AREA.,$,#3914,(#3916));
#3918=IFCCARTESIANPOINT((0.,0.090000001713633537,0.));
#3919=IFCDIRECTION((0.,-1.,0.));
#3920=IFCDIRECTION((1.,0.,0.));
#3921=IFCAXIS2PLACEMENT3D(#3918,#3919,#3920);
#3922=IFCDIRECTION((0.,0.,-1.));
#3923=IFCEXTRUDEDAREASOLID(#3917,#3921,#3922,0.0099999997764825821);
#3924=IFCCARTESIANPOINTLIST2D(((0.,0.),(1.2257635593414307,0.),(1.2257635593414307,0.89999997615814209),(0.,0.89999997615814209)));
#3925=IFCINDEXEDPOLYCURVE(#3924,(IFCLINEINDEX((1,2,3,4,1))),$);
#3926=IFCCARTESIANPOINTLIST2D(((0.05000000074505806,0.05000000074505806),(1.1757635585963726,0.05000000074505806),(1.1757635585963726,0.84999997541308403),(0.05000000074505806,0.84999997541308403)));
#3927=IFCINDEXEDPOLYCURVE(#3926,(IFCLINEINDEX((1,2,3,4,1))),$);
#3928=IFCARBITRARYPROFILEDEFWITHVOIDS(.AREA.,$,#3925,(#3927));
#3929=IFCCARTESIANPOINT((0.,0.05000000074505806,0.));
#3930=IFCDIRECTION((0.,-1.,0.));
#3931=IFCDIRECTION((1.,0.,0.));
#3932=IFCAXIS2PLACEMENT3D(#3929,#3930,#3931);
#3933=IFCDIRECTION((0.,0.,-1.));
#3934=IFCEXTRUDEDAREASOLID(#3928,#3932,#3933,0.040000000968575478);
#3935=IFCCARTESIANPOINTLIST2D(((0.,0.),(1.1757635585963726,0.),(1.1757635585963726,0.84999997541308403),(0.,0.84999997541308403)));
#3936=IFCINDEXEDPOLYCURVE(#3935,(IFCLINEINDEX((1,2,3,4,1))),$);
#3937=IFCCARTESIANPOINTLIST2D(((0.035000000149011612,0.035000000149011612),(1.140763558447361,0.035000000149011612),(1.140763558447361,0.81499997526407242),(0.035000000149011612,0.81499997526407242)));
#3938=IFCINDEXEDPOLYCURVE(#3937,(IFCLINEINDEX((1,2,3,4,1))),$);
#3939=IFCARBITRARYPROFILEDEFWITHVOIDS(.AREA.,$,#3936,(#3938));
#3940=IFCCARTESIANPOINT((0.02500000037252903,0.090000001713633537,0.02500000037252903));
#3941=IFCDIRECTION((0.,-1.,0.));
#3942=IFCDIRECTION((1.,0.,0.));
#3943=IFCAXIS2PLACEMENT3D(#3940,#3941,#3942);
#3944=IFCDIRECTION((0.,0.,-1.));
#3945=IFCEXTRUDEDAREASOLID(#3939,#3943,#3944,0.035000000149011612);
#3946=IFCINDEXEDPOLYCURVE(#3947,(IFCLINEINDEX((1,2,3,4,1))),$);
#3947=IFCCARTESIANPOINTLIST2D(((0.035000000149011612,0.035000000149011612),(1.140763558447361,0.035000000149011612),(1.140763558447361,0.81499997526407242),(0.035000000149011612,0.81499997526407242)));
#3948=IFCARBITRARYCLOSEDPROFILEDEF(.AREA.,$,#3946);
#3949=IFCCARTESIANPOINT((0.02500000037252903,0.10250000178813934,0.02500000037252903));
#3950=IFCDIRECTION((0.,-1.,0.));
#3951=IFCDIRECTION((1.,0.,0.));
#3952=IFCAXIS2PLACEMENT3D(#3949,#3950,#3951);
#3953=IFCDIRECTION((0.,0.,-1.));
#3954=IFCEXTRUDEDAREASOLID(#3948,#3952,#3953,0.01);
#3956=IFCSHAPEREPRESENTATION(#11,'Body','SweptSolid',(#4241,#4043,#3934,#4423,#4434,#4281,#4292,#4032,#4383,#4394,#3923,#4252));
#3957=IFCSHAPEASPECT((#3956),'Lining',$,.T.,#3854);
#3958=IFCSHAPEREPRESENTATION(#11,'Body','SweptSolid',(#4445,#4405,#4263,#3945,#4054,#4303));
#3959=IFCSHAPEASPECT((#3958),'Framing',$,.T.,#3854);
#3960=IFCSHAPEREPRESENTATION(#11,'Body','SweptSolid',(#4312,#3954,#4454,#4272,#4063,#4414));
#3961=IFCSHAPEASPECT((#3960),'Glazing',$,.T.,#3854);
#4022=IFCCARTESIANPOINTLIST2D(((0.,0.),(1.2257635593414307,0.),(1.2257635593414307,0.89999997615814209),(0.,0.89999997615814209)));
#4023=IFCINDEXEDPOLYCURVE(#4022,(IFCLINEINDEX((1,2,3,4,1))),$);
#4024=IFCCARTESIANPOINTLIST2D(((0.02500000037252903,0.02500000037252903),(1.2007635589689016,0.02500000037252903),(1.2007635589689016,0.87499997578561306),(0.02500000037252903,0.87499997578561306)));
#4025=IFCINDEXEDPOLYCURVE(#4024,(IFCLINEINDEX((1,2,3,4,1))),$);
#4026=IFCARBITRARYPROFILEDEFWITHVOIDS(.AREA.,$,#4023,(#4025));
#4027=IFCCARTESIANPOINT((0.,0.090000001713633537,0.));
#4028=IFCDIRECTION((0.,-1.,0.));
#4029=IFCDIRECTION((1.,0.,0.));
#4030=IFCAXIS2PLACEMENT3D(#4027,#4028,#4029);
#4031=IFCDIRECTION((0.,0.,-1.));
#4032=IFCEXTRUDEDAREASOLID(#4026,#4030,#4031,0.0099999997764825821);
#4033=IFCCARTESIANPOINTLIST2D(((0.,0.),(1.2257635593414307,0.),(1.2257635593414307,0.89999997615814209),(0.,0.89999997615814209)));
#4034=IFCINDEXEDPOLYCURVE(#4033,(IFCLINEINDEX((1,2,3,4,1))),$);
#4035=IFCCARTESIANPOINTLIST2D(((0.05000000074505806,0.05000000074505806),(1.1757635585963726,0.05000000074505806),(1.1757635585963726,0.84999997541308403),(0.05000000074505806,0.84999997541308403)));
#4036=IFCINDEXEDPOLYCURVE(#4035,(IFCLINEINDEX((1,2,3,4,1))),$);
#4037=IFCARBITRARYPROFILEDEFWITHVOIDS(.AREA.,$,#4034,(#4036));
#4038=IFCCARTESIANPOINT((0.,0.05000000074505806,0.));
#4039=IFCDIRECTION((0.,-1.,0.));
#4040=IFCDIRECTION((1.,0.,0.));
#4041=IFCAXIS2PLACEMENT3D(#4038,#4039,#4040);
#4042=IFCDIRECTION((0.,0.,-1.));
#4043=IFCEXTRUDEDAREASOLID(#4037,#4041,#4042,0.040000000968575478);
#4044=IFCCARTESIANPOINTLIST2D(((0.,0.),(1.1757635585963726,0.),(1.1757635585963726,0.84999997541308403),(0.,0.84999997541308403)));
#4045=IFCINDEXEDPOLYCURVE(#4044,(IFCLINEINDEX((1,2,3,4,1))),$);
#4046=IFCCARTESIANPOINTLIST2D(((0.035000000149011612,0.035000000149011612),(1.140763558447361,0.035000000149011612),(1.140763558447361,0.81499997526407242),(0.035000000149011612,0.81499997526407242)));
#4047=IFCINDEXEDPOLYCURVE(#4046,(IFCLINEINDEX((1,2,3,4,1))),$);
#4048=IFCARBITRARYPROFILEDEFWITHVOIDS(.AREA.,$,#4045,(#4047));
#4049=IFCCARTESIANPOINT((0.02500000037252903,0.090000001713633537,0.02500000037252903));
#4050=IFCDIRECTION((0.,-1.,0.));
#4051=IFCDIRECTION((1.,0.,0.));
#4052=IFCAXIS2PLACEMENT3D(#4049,#4050,#4051);
#4053=IFCDIRECTION((0.,0.,-1.));
#4054=IFCEXTRUDEDAREASOLID(#4048,#4052,#4053,0.035000000149011612);
#4055=IFCINDEXEDPOLYCURVE(#4056,(IFCLINEINDEX((1,2,3,4,1))),$);
#4056=IFCCARTESIANPOINTLIST2D(((0.035000000149011612,0.035000000149011612),(1.140763558447361,0.035000000149011612),(1.140763558447361,0.81499997526407242),(0.035000000149011612,0.81499997526407242)));
#4057=IFCARBITRARYCLOSEDPROFILEDEF(.AREA.,$,#4055);
#4058=IFCCARTESIANPOINT((0.02500000037252903,0.10250000178813934,0.02500000037252903));
#4059=IFCDIRECTION((0.,-1.,0.));
#4060=IFCDIRECTION((1.,0.,0.));
#4061=IFCAXIS2PLACEMENT3D(#4058,#4059,#4060);
#4062=IFCDIRECTION((0.,0.,-1.));
#4063=IFCEXTRUDEDAREASOLID(#4057,#4061,#4062,0.01);
#4107=IFCCARTESIANPOINT((-4.4408920985006262E-16,0.,0.));
#4108=IFCDIRECTION((0.,0.,1.));
#4109=IFCDIRECTION((1.,0.,0.));
#4110=IFCAXIS2PLACEMENT3D(#4107,#4108,#4109);
#4111=IFCLOCALPLACEMENT(#3757,#4110);
#4233=IFCCARTESIANPOINTLIST2D(((0.30000001192092896,0.),(0.,0.),(0.,0.89999997615814209),(0.30000001192092896,0.89999997615814209),(0.30000001192092896,0.87499997578561306),(0.02500000037252903,0.87499997578561306),(0.02500000037252903,0.02500000037252903),(0.30000001192092896,0.02500000037252903)));
#4234=IFCINDEXEDPOLYCURVE(#4233,(IFCLINEINDEX((1,2,3,4,5,6,7,8,1))),$);
#4235=IFCARBITRARYCLOSEDPROFILEDEF(.AREA.,$,#4234);
#4236=IFCCARTESIANPOINT((0.,0.090000001713633537,0.));
#4237=IFCDIRECTION((0.,-1.,0.));
#4238=IFCDIRECTION((1.,0.,0.));
#4239=IFCAXIS2PLACEMENT3D(#4236,#4237,#4238);
#4240=IFCDIRECTION((0.,0.,-1.));
#4241=IFCEXTRUDEDAREASOLID(#4235,#4239,#4240,0.0099999997764825821);
#4242=IFCCARTESIANPOINTLIST2D(((0.,0.),(0.30000001192092896,0.),(0.30000001192092896,0.89999997615814209),(0.,0.89999997615814209)));
#4243=IFCINDEXEDPOLYCURVE(#4242,(IFCLINEINDEX((1,2,3,4,1))),$);
#4244=IFCCARTESIANPOINTLIST2D(((0.05000000074505806,0.05000000074505806),(0.27500001154839993,0.05000000074505806),(0.27500001154839993,0.84999997541308403),(0.05000000074505806,0.84999997541308403)));
#4245=IFCINDEXEDPOLYCURVE(#4244,(IFCLINEINDEX((1,2,3,4,1))),$);
#4246=IFCARBITRARYPROFILEDEFWITHVOIDS(.AREA.,$,#4243,(#4245));
#4247=IFCCARTESIANPOINT((0.,0.05000000074505806,0.));
#4248=IFCDIRECTION((0.,-1.,0.));
#4249=IFCDIRECTION((1.,0.,0.));
#4250=IFCAXIS2PLACEMENT3D(#4247,#4248,#4249);
#4251=IFCDIRECTION((0.,0.,-1.));
#4252=IFCEXTRUDEDAREASOLID(#4246,#4250,#4251,0.040000000968575478);
#4253=IFCCARTESIANPOINTLIST2D(((0.,0.),(0.27500001154839993,0.),(0.27500001154839993,0.84999997541308403),(0.,0.84999997541308403)));
#4254=IFCINDEXEDPOLYCURVE(#4253,(IFCLINEINDEX((1,2,3,4,1))),$);
#4255=IFCCARTESIANPOINTLIST2D(((0.035000000149011612,0.035000000149011612),(0.24000001139938831,0.035000000149011612),(0.24000001139938831,0.81499997526407242),(0.035000000149011612,0.81499997526407242)));
#4256=IFCINDEXEDPOLYCURVE(#4255,(IFCLINEINDEX((1,2,3,4,1))),$);
#4257=IFCARBITRARYPROFILEDEFWITHVOIDS(.AREA.,$,#4254,(#4256));
#4258=IFCCARTESIANPOINT((0.02500000037252903,0.090000001713633537,0.02500000037252903));
#4259=IFCDIRECTION((0.,-1.,0.));
#4260=IFCDIRECTION((1.,0.,0.));
#4261=IFCAXIS2PLACEMENT3D(#4258,#4259,#4260);
#4262=IFCDIRECTION((0.,0.,-1.));
#4263=IFCEXTRUDEDAREASOLID(#4257,#4261,#4262,0.035000000149011612);
#4264=IFCINDEXEDPOLYCURVE(#4265,(IFCLINEINDEX((1,2,3,4,1))),$);
#4265=IFCCARTESIANPOINTLIST2D(((0.035000000149011612,0.035000000149011612),(0.24000001139938831,0.035000000149011612),(0.24000001139938831,0.81499997526407242),(0.035000000149011612,0.81499997526407242)));
#4266=IFCARBITRARYCLOSEDPROFILEDEF(.AREA.,$,#4264);
#4267=IFCCARTESIANPOINT((0.02500000037252903,0.10250000178813934,0.02500000037252903));
#4268=IFCDIRECTION((0.,-1.,0.));
#4269=IFCDIRECTION((1.,0.,0.));
#4270=IFCAXIS2PLACEMENT3D(#4267,#4268,#4269);
#4271=IFCDIRECTION((0.,0.,-1.));
#4272=IFCEXTRUDEDAREASOLID(#4266,#4270,#4271,0.01);
#4273=IFCCARTESIANPOINTLIST2D(((0.,0.89999997615814209),(0.92576354742050171,0.89999997615814209),(0.92576354742050171,0.),(0.,0.),(0.,0.02500000037252903),(0.90076354704797268,0.02500000037252903),(0.90076354704797268,0.87499997578561306),(0.,0.87499997578561306)));
#4274=IFCINDEXEDPOLYCURVE(#4273,(IFCLINEINDEX((1,2,3,4,5,6,7,8,1))),$);
#4275=IFCARBITRARYCLOSEDPROFILEDEF(.AREA.,$,#4274);
#4276=IFCCARTESIANPOINT((0.30000001192092896,0.090000001713633537,0.));
#4277=IFCDIRECTION((0.,-1.,0.));
#4278=IFCDIRECTION((1.,0.,0.));
#4279=IFCAXIS2PLACEMENT3D(#4276,#4277,#4278);
#4280=IFCDIRECTION((0.,0.,-1.));
#4281=IFCEXTRUDEDAREASOLID(#4275,#4279,#4280,0.0099999997764825821);
#4282=IFCCARTESIANPOINTLIST2D(((0.,0.),(0.92576354742050171,0.),(0.92576354742050171,0.89999997615814209),(0.,0.89999997615814209)));
#4283=IFCINDEXEDPOLYCURVE(#4282,(IFCLINEINDEX((1,2,3,4,1))),$);
#4284=IFCCARTESIANPOINTLIST2D(((0.02500000037252903,0.05000000074505806),(0.87576354667544365,0.05000000074505806),(0.87576354667544365,0.84999997541308403),(0.02500000037252903,0.84999997541308403)));
#4285=IFCINDEXEDPOLYCURVE(#4284,(IFCLINEINDEX((1,2,3,4,1))),$);
#4286=IFCARBITRARYPROFILEDEFWITHVOIDS(.AREA.,$,#4283,(#4285));
#4287=IFCCARTESIANPOINT((0.30000001192092896,0.05000000074505806,0.));
#4288=IFCDIRECTION((0.,-1.,0.));
#4289=IFCDIRECTION((1.,0.,0.));
#4290=IFCAXIS2PLACEMENT3D(#4287,#4288,#4289);
#4291=IFCDIRECTION((0.,0.,-1.));
#4292=IFCEXTRUDEDAREASOLID(#4286,#4290,#4291,0.040000000968575478);
#4293=IFCCARTESIANPOINTLIST2D(((0.,0.),(0.90076354704797268,0.),(0.90076354704797268,0.84999997541308403),(0.,0.84999997541308403)));
#4294=IFCINDEXEDPOLYCURVE(#4293,(IFCLINEINDEX((1,2,3,4,1))),$);
#4295=IFCCARTESIANPOINTLIST2D(((0.035000000149011612,0.035000000149011612),(0.86576354689896107,0.035000000149011612),(0.86576354689896107,0.81499997526407242),(0.035000000149011612,0.81499997526407242)));
#4296=IFCINDEXEDPOLYCURVE(#4295,(IFCLINEINDEX((1,2,3,4,1))),$);
#4297=IFCARBITRARYPROFILEDEFWITHVOIDS(.AREA.,$,#4294,(#4296));
#4298=IFCCARTESIANPOINT((0.30000001192092896,0.090000001713633537,0.02500000037252903));
#4299=IFCDIRECTION((0.,-1.,0.));
#4300=IFCDIRECTION((1.,0.,0.));
#4301=IFCAXIS2PLACEMENT3D(#4298,#4299,#4300);
#4302=IFCDIRECTION((0.,0.,-1.));
#4303=IFCEXTRUDEDAREASOLID(#4297,#4301,#4302,0.035000000149011612);
#4304=IFCINDEXEDPOLYCURVE(#4305,(IFCLINEINDEX((1,2,3,4,1))),$);
#4305=IFCCARTESIANPOINTLIST2D(((0.035000000149011612,0.035000000149011612),(0.86576354689896107,0.035000000149011612),(0.86576354689896107,0.81499997526407242),(0.035000000149011612,0.81499997526407242)));
#4306=IFCARBITRARYCLOSEDPROFILEDEF(.AREA.,$,#4304);
#4307=IFCCARTESIANPOINT((0.30000001192092896,0.10250000178813934,0.02500000037252903));
#4308=IFCDIRECTION((0.,-1.,0.));
#4309=IFCDIRECTION((1.,0.,0.));
#4310=IFCAXIS2PLACEMENT3D(#4307,#4308,#4309);
#4311=IFCDIRECTION((0.,0.,-1.));
#4312=IFCEXTRUDEDAREASOLID(#4306,#4310,#4311,0.01);
#4372=IFCCARTESIANPOINTLIST3D(((0.,0.,0.),(1.2257635593414307,0.,0.),(1.2257635593414307,0.,0.89999997615814209),(0.,0.,0.89999997615814209)));
#4373=IFCINDEXEDPOLYCURVE(#4372,(IFCLINEINDEX((1,2,3,4,1))),$);
#4374=IFCSHAPEREPRESENTATION(#18,'Profile','Curve3D',(#4373));
#4375=IFCCARTESIANPOINTLIST2D(((0.61867207288742065,0.),(0.,0.),(0.,0.89999997615814209),(0.61867207288742065,0.89999997615814209),(0.61867207288742065,0.87499997578561306),(0.02500000037252903,0.87499997578561306),(0.02500000037252903,0.02500000037252903),(0.61867207288742065,0.02500000037252903)));
#4376=IFCINDEXEDPOLYCURVE(#4375,(IFCLINEINDEX((1,2,3,4,5,6,7,8,1))),$);
#4377=IFCARBITRARYCLOSEDPROFILEDEF(.AREA.,$,#4376);
#4378=IFCCARTESIANPOINT((0.,0.090000001713633537,0.));
#4379=IFCDIRECTION((0.,-1.,0.));
#4380=IFCDIRECTION((1.,0.,0.));
#4381=IFCAXIS2PLACEMENT3D(#4378,#4379,#4380);
#4382=IFCDIRECTION((0.,0.,-1.));
#4383=IFCEXTRUDEDAREASOLID(#4377,#4381,#4382,0.0099999997764825821);
#4384=IFCCARTESIANPOINTLIST2D(((0.,0.),(0.61867207288742065,0.),(0.61867207288742065,0.89999997615814209),(0.,0.89999997615814209)));
#4385=IFCINDEXEDPOLYCURVE(#4384,(IFCLINEINDEX((1,2,3,4,1))),$);
#4386=IFCCARTESIANPOINTLIST2D(((0.05000000074505806,0.05000000074505806),(0.59367207251489162,0.05000000074505806),(0.59367207251489162,0.84999997541308403),(0.05000000074505806,0.84999997541308403)));
#4387=IFCINDEXEDPOLYCURVE(#4386,(IFCLINEINDEX((1,2,3,4,1))),$);
#4388=IFCARBITRARYPROFILEDEFWITHVOIDS(.AREA.,$,#4385,(#4387));
#4389=IFCCARTESIANPOINT((0.,0.05000000074505806,0.));
#4390=IFCDIRECTION((0.,-1.,0.));
#4391=IFCDIRECTION((1.,0.,0.));
#4392=IFCAXIS2PLACEMENT3D(#4389,#4390,#4391);
#4393=IFCDIRECTION((0.,0.,-1.));
#4394=IFCEXTRUDEDAREASOLID(#4388,#4392,#4393,0.040000000968575478);
#4395=IFCCARTESIANPOINTLIST2D(((0.,0.),(0.59367207251489162,0.),(0.59367207251489162,0.84999997541308403),(0.,0.84999997541308403)));
#4396=IFCINDEXEDPOLYCURVE(#4395,(IFCLINEINDEX((1,2,3,4,1))),$);
#4397=IFCCARTESIANPOINTLIST2D(((0.035000000149011612,0.035000000149011612),(0.55867207236588001,0.035000000149011612),(0.55867207236588001,0.81499997526407242),(0.035000000149011612,0.81499997526407242)));
#4398=IFCINDEXEDPOLYCURVE(#4397,(IFCLINEINDEX((1,2,3,4,1))),$);
#4399=IFCARBITRARYPROFILEDEFWITHVOIDS(.AREA.,$,#4396,(#4398));
#4400=IFCCARTESIANPOINT((0.02500000037252903,0.090000001713633537,0.02500000037252903));
#4401=IFCDIRECTION((0.,-1.,0.));
#4402=IFCDIRECTION((1.,0.,0.));
#4403=IFCAXIS2PLACEMENT3D(#4400,#4401,#4402);
#4404=IFCDIRECTION((0.,0.,-1.));
#4405=IFCEXTRUDEDAREASOLID(#4399,#4403,#4404,0.035000000149011612);
#4406=IFCINDEXEDPOLYCURVE(#4407,(IFCLINEINDEX((1,2,3,4,1))),$);
#4407=IFCCARTESIANPOINTLIST2D(((0.035000000149011612,0.035000000149011612),(0.55867207236588001,0.035000000149011612),(0.55867207236588001,0.81499997526407242),(0.035000000149011612,0.81499997526407242)));
#4408=IFCARBITRARYCLOSEDPROFILEDEF(.AREA.,$,#4406);
#4409=IFCCARTESIANPOINT((0.02500000037252903,0.10250000178813934,0.02500000037252903));
#4410=IFCDIRECTION((0.,-1.,0.));
#4411=IFCDIRECTION((1.,0.,0.));
#4412=IFCAXIS2PLACEMENT3D(#4409,#4410,#4411);
#4413=IFCDIRECTION((0.,0.,-1.));
#4414=IFCEXTRUDEDAREASOLID(#4408,#4412,#4413,0.01);
#4415=IFCCARTESIANPOINTLIST2D(((0.,0.89999997615814209),(0.60709148645401001,0.89999997615814209),(0.60709148645401001,0.),(0.,0.),(0.,0.02500000037252903),(0.58209148608148098,0.02500000037252903),(0.58209148608148098,0.87499997578561306),(0.,0.87499997578561306)));
#4416=IFCINDEXEDPOLYCURVE(#4415,(IFCLINEINDEX((1,2,3,4,5,6,7,8,1))),$);
#4417=IFCARBITRARYCLOSEDPROFILEDEF(.AREA.,$,#4416);
#4418=IFCCARTESIANPOINT((0.61867207288742065,0.090000001713633537,0.));
#4419=IFCDIRECTION((0.,-1.,0.));
#4420=IFCDIRECTION((1.,0.,0.));
#4421=IFCAXIS2PLACEMENT3D(#4418,#4419,#4420);
#4422=IFCDIRECTION((0.,0.,-1.));
#4423=IFCEXTRUDEDAREASOLID(#4417,#4421,#4422,0.0099999997764825821);
#4424=IFCCARTESIANPOINTLIST2D(((0.,0.),(0.60709148645401001,0.),(0.60709148645401001,0.89999997615814209),(0.,0.89999997615814209)));
#4425=IFCINDEXEDPOLYCURVE(#4424,(IFCLINEINDEX((1,2,3,4,1))),$);
#4426=IFCCARTESIANPOINTLIST2D(((0.02500000037252903,0.05000000074505806),(0.55709148570895195,0.05000000074505806),(0.55709148570895195,0.84999997541308403),(0.02500000037252903,0.84999997541308403)));
#4427=IFCINDEXEDPOLYCURVE(#4426,(IFCLINEINDEX((1,2,3,4,1))),$);
#4428=IFCARBITRARYPROFILEDEFWITHVOIDS(.AREA.,$,#4425,(#4427));
#4429=IFCCARTESIANPOINT((0.61867207288742065,0.05000000074505806,0.));
#4430=IFCDIRECTION((0.,-1.,0.));
#4431=IFCDIRECTION((1.,0.,0.));
#4432=IFCAXIS2PLACEMENT3D(#4429,#4430,#4431);
#4433=IFCDIRECTION((0.,0.,-1.));
#4434=IFCEXTRUDEDAREASOLID(#4428,#4432,#4433,0.040000000968575478);
#4435=IFCCARTESIANPOINTLIST2D(((0.,0.),(0.58209148608148098,0.),(0.58209148608148098,0.84999997541308403),(0.,0.84999997541308403)));
#4436=IFCINDEXEDPOLYCURVE(#4435,(IFCLINEINDEX((1,2,3,4,1))),$);
#4437=IFCCARTESIANPOINTLIST2D(((0.035000000149011612,0.035000000149011612),(0.54709148593246937,0.035000000149011612),(0.54709148593246937,0.81499997526407242),(0.035000000149011612,0.81499997526407242)));
#4438=IFCINDEXEDPOLYCURVE(#4437,(IFCLINEINDEX((1,2,3,4,1))),$);
#4439=IFCARBITRARYPROFILEDEFWITHVOIDS(.AREA.,$,#4436,(#4438));
#4440=IFCCARTESIANPOINT((0.61867207288742065,0.090000001713633537,0.02500000037252903));
#4441=IFCDIRECTION((0.,-1.,0.));
#4442=IFCDIRECTION((1.,0.,0.));
#4443=IFCAXIS2PLACEMENT3D(#4440,#4441,#4442);
#4444=IFCDIRECTION((0.,0.,-1.));
#4445=IFCEXTRUDEDAREASOLID(#4439,#4443,#4444,0.035000000149011612);
#4446=IFCINDEXEDPOLYCURVE(#4447,(IFCLINEINDEX((1,2,3,4,1))),$);
#4447=IFCCARTESIANPOINTLIST2D(((0.035000000149011612,0.035000000149011612),(0.54709148593246937,0.035000000149011612),(0.54709148593246937,0.81499997526407242),(0.035000000149011612,0.81499997526407242)));
#4448=IFCARBITRARYCLOSEDPROFILEDEF(.AREA.,$,#4446);
#4449=IFCCARTESIANPOINT((0.61867207288742065,0.10250000178813934,0.02500000037252903));
#4450=IFCDIRECTION((0.,-1.,0.));
#4451=IFCDIRECTION((1.,0.,0.));
#4452=IFCAXIS2PLACEMENT3D(#4449,#4450,#4451);
#4453=IFCDIRECTION((0.,0.,-1.));
#4454=IFCEXTRUDEDAREASOLID(#4448,#4452,#4453,0.01);
#4455=IFCSHAPEREPRESENTATION(#11,'Body','SweptSolid',(#4383,#4394,#4405,#4414,#4423,#4434,#4445,#4454));
#4456=IFCCARTESIANPOINTLIST2D(((0.05000000074505806,0.05000000074505806),(0.59367207251489162,0.05000000074505806)));
#4457=IFCINDEXEDPOLYCURVE(#4456,$,$);
#4458=IFCCARTESIANPOINTLIST2D(((0.,0.10000000149011612),(0.02500000037252903,0.10000000149011612),(0.02500000037252903,0.090000001713633537),(0.05000000074505806,0.090000001713633537),(0.05000000074505806,0.05000000074505806),(0.,0.05000000074505806)));
#4459=IFCINDEXEDPOLYCURVE(#4458,(IFCLINEINDEX((1,2,3,4,5,6,1))),$);
#4460=IFCCARTESIANPOINTLIST2D(((0.61867207288742065,0.10000000149011612),(0.61867207288742065,0.10000000149011612),(0.61867207288742065,0.090000001713633537),(0.59367207251489162,0.090000001713633537),(0.59367207251489162,0.05000000074505806),(0.61867207288742065,0.05000000074505806)));
#4461=IFCINDEXEDPOLYCURVE(#4460,$,$);
#4462=IFCCARTESIANPOINTLIST2D(((0.02500000037252903,0.090000001713633537),(0.060000000521540642,0.090000001713633537),(0.060000000521540642,0.12500000186264515),(0.02500000037252903,0.12500000186264515)));
#4463=IFCINDEXEDPOLYCURVE(#4462,(IFCLINEINDEX((1,2,3,4,1))),$);
#4464=IFCINDEXEDPOLYCURVE(#4465,(IFCLINEINDEX((1,2,3,4,1))),$);
#4465=IFCCARTESIANPOINTLIST2D(((0.61867207288742065,0.090000001713633537),(0.58367207273840904,0.090000001713633537),(0.58367207273840904,0.12500000186264515),(0.61867207288742065,0.12500000186264515)));
#4466=IFCCARTESIANPOINTLIST2D(((0.060000000521540642,0.090000001713633537),(0.58367207273840904,0.090000001713633537)));
#4467=IFCINDEXEDPOLYCURVE(#4466,$,$);
#4468=IFCINDEXEDPOLYCURVE(#4469,$,$);
#4469=IFCCARTESIANPOINTLIST2D(((0.060000000521540642,0.12500000186264515),(0.58367207273840904,0.12500000186264515)));
#4470=IFCINDEXEDPOLYCURVE(#4471,$,$);
#4471=IFCCARTESIANPOINTLIST2D(((0.060000000521540642,0.10750000178813934),(0.58367207273840904,0.10750000178813934)));
#4472=IFCCARTESIANPOINTLIST2D(((0.64367207325994968,0.05000000074505806),(1.1757635585963726,0.05000000074505806)));
#4473=IFCINDEXEDPOLYCURVE(#4472,$,$);
#4474=IFCCARTESIANPOINTLIST2D(((0.61867207288742065,0.10000000149011612),(0.61867207288742065,0.10000000149011612),(0.61867207288742065,0.090000001713633537),(0.64367207325994968,0.090000001713633537),(0.64367207325994968,0.05000000074505806),(0.61867207288742065,0.05000000074505806)));
#4475=IFCINDEXEDPOLYCURVE(#4474,$,$);
#4476=IFCCARTESIANPOINTLIST2D(((1.2257635593414307,0.10000000149011612),(1.2007635589689016,0.10000000149011612),(1.2007635589689016,0.090000001713633537),(1.1757635585963726,0.090000001713633537),(1.1757635585963726,0.05000000074505806),(1.2257635593414307,0.05000000074505806)));
#4477=IFCINDEXEDPOLYCURVE(#4476,(IFCLINEINDEX((1,2,3,4,5,6,1))),$);
#4478=IFCCARTESIANPOINTLIST2D(((0.61867207288742065,0.090000001713633537),(0.65367207303643227,0.090000001713633537),(0.65367207303643227,0.12500000186264515),(0.61867207288742065,0.12500000186264515)));
#4479=IFCINDEXEDPOLYCURVE(#4478,(IFCLINEINDEX((1,2,3,4,1))),$);
#4480=IFCINDEXEDPOLYCURVE(#4481,(IFCLINEINDEX((1,2,3,4,1))),$);
#4481=IFCCARTESIANPOINTLIST2D(((1.2007635589689016,0.090000001713633537),(1.16576355881989,0.090000001713633537),(1.16576355881989,0.12500000186264515),(1.2007635589689016,0.12500000186264515)));
#4482=IFCCARTESIANPOINTLIST2D(((0.65367207303643227,0.090000001713633537),(1.16576355881989,0.090000001713633537)));
#4483=IFCINDEXEDPOLYCURVE(#4482,$,$);
#4484=IFCINDEXEDPOLYCURVE(#4485,$,$);
#4485=IFCCARTESIANPOINTLIST2D(((0.65367207303643227,0.12500000186264515),(1.16576355881989,0.12500000186264515)));
#4486=IFCINDEXEDPOLYCURVE(#4487,$,$);
#4487=IFCCARTESIANPOINTLIST2D(((0.65367207303643227,0.10750000178813934),(1.16576355881989,0.10750000178813934)));
#4488=IFCSHAPEREPRESENTATION(#24,'Body','Curve2D',(#4457,#4459,#4461,#4463,#4464,#4467,#4468,#4470,#4473,#4475,#4477,#4479,#4480,#4483,#4484,#4486));
#4489=IFCCARTESIANPOINTLIST2D(((0.,0.),(1.2257635593414307,0.),(1.2257635593414307,0.89999997615814209),(0.,0.89999997615814209)));
#4490=IFCINDEXEDPOLYCURVE(#4489,(IFCLINEINDEX((1,2,3,4,1))),$);
#4491=IFCARBITRARYCLOSEDPROFILEDEF(.AREA.,$,#4490);
#4492=IFCCARTESIANPOINT((0.,-0.60000002384185791,0.));
#4493=IFCDIRECTION((0.,-1.,0.));
#4494=IFCDIRECTION((1.,0.,0.));
#4495=IFCAXIS2PLACEMENT3D(#4492,#4493,#4494);
#4496=IFCDIRECTION((0.,0.,-1.));
#4497=IFCEXTRUDEDAREASOLID(#4491,#4495,#4496,1.2);
#4498=IFCSHAPEREPRESENTATION(#11,'Body','SweptSolid',(#4497));
#4504=IFCCARTESIANPOINT((1.0276252949304983,2.9802322387695312E-07,1.));
#4505=IFCDIRECTION((0.,0.,1.));
#4506=IFCDIRECTION((0.99999999999997158,-2.3841857910155572E-07,0.));
#4507=IFCAXIS2PLACEMENT3D(#4504,#4505,#4506);
#4508=IFCLOCALPLACEMENT(#540,#4507);
#4509=IFCCARTESIANPOINT((4.4408920985006262E-16,0.,0.));
#4510=IFCDIRECTION((0.,0.,1.));
#4511=IFCDIRECTION((1.,0.,0.));
#4512=IFCAXIS2PLACEMENT3D(#4509,#4510,#4511);
#4513=IFCLOCALPLACEMENT(#4508,#4512);
#4514=IFCWINDOWTYPE('3b__6czarAXxX078_Fr2D6',$,'Guest-GF-2',$,$,(#4515),(#4517,#4525,#4573),$,$,.WINDOW.,.SINGLE_PANEL.,$,$);
#4515=IFCPROPERTYSET('2cL2PuZPH6rf6nWW$71640',$,'BBIM_Window',$,(#4516));
#4516=IFCPROPERTYSINGLEVALUE('Data',$,IFCTEXT('{"window_type": "SINGLE_PANEL", "overall_height": 0.8999999761581421, "overall_width": 0.6803916692733765, "lining_properties": {"lining_depth": 0.05000000074505806, "lining_thickness": 0.05000000074505806, "lining_offset": 0.05000000074505806, "lining_to_panel_offset_x": 0.02500000037252903, "lining_to_panel_offset_y": 0.02500000037252903}, "panel_properties": {"frame_depth": [0.03500000014901161, 0.03500000014901161, 0.03500000014901161], "frame_thickness": [0.03500000014901161, 0.03500000014901161, 0.03500000014901161]}}'),$);
#4517=IFCREPRESENTATIONMAP(#4518,#5317);
#4518=IFCAXIS2PLACEMENT3D(#4519,#4520,#4521);
#4519=IFCCARTESIANPOINT((0.,0.,0.));
#4520=IFCDIRECTION((0.,0.,1.));
#4521=IFCDIRECTION((1.,0.,0.));
#4525=IFCREPRESENTATIONMAP(#4526,#5360);
#4526=IFCAXIS2PLACEMENT3D(#4527,#4528,#4529);
#4527=IFCCARTESIANPOINT((0.,0.,0.));
#4528=IFCDIRECTION((0.,0.,1.));
#4529=IFCDIRECTION((1.,0.,0.));
#4573=IFCREPRESENTATIONMAP(#4574,#5377);
#4574=IFCAXIS2PLACEMENT3D(#4575,#4576,#4577);
#4575=IFCCARTESIANPOINT((0.,0.,0.));
#4576=IFCDIRECTION((0.,0.,1.));
#4577=IFCDIRECTION((1.,0.,0.));
#4598=IFCDOORTYPE('0Bg8_GR8jCnBBLmaDng0rn',$,'Maid-GF',$,$,(#4599),(#4601,#4609,#4687,#4989),$,$,.DOOR.,.SINGLE_SWING_LEFT.,$,$);
#4599=IFCPROPERTYSET('0I1CWjKrj8HvuitG75Qg7y',$,'BBIM_Door',$,(#4600));
#4600=IFCPROPERTYSINGLEVALUE('Data',$,IFCTEXT('{"door_type": "SLIDING_TO_LEFT", "overall_height": 2.0, "overall_width": 1.4733420610427856, "lining_properties": {"lining_depth": 0.05000000074505806, "lining_thickness": 0.05000000074505806, "lining_offset": 0.0, "transom_thickness": 0.0, "casing_thickness": 0.07500000298023224, "casing_depth": 0.004999999888241291, "threshold_thickness": 0.02500000037252903, "threshold_depth": 0.10000000149011612, "threshold_offset": 0.0}, "panel_properties": {"panel_depth": 0.03500000014901161, "panel_width_ratio": 1.0}}'),$);
#4601=IFCREPRESENTATIONMAP(#4602,#4908);
#4602=IFCAXIS2PLACEMENT3D(#4603,#4604,#4605);
#4603=IFCCARTESIANPOINT((0.,0.,0.));
#4604=IFCDIRECTION((0.,0.,1.));
#4605=IFCDIRECTION((1.,0.,0.));
#4609=IFCREPRESENTATIONMAP(#4610,#4972);
#4610=IFCAXIS2PLACEMENT3D(#4611,#4612,#4613);
#4611=IFCCARTESIANPOINT((0.,0.,0.));
#4612=IFCDIRECTION((0.,0.,1.));
#4613=IFCDIRECTION((1.,0.,0.));
#4687=IFCREPRESENTATIONMAP(#4688,#4979);
#4688=IFCAXIS2PLACEMENT3D(#4689,#4690,#4691);
#4689=IFCCARTESIANPOINT((0.,0.,0.));
#4690=IFCDIRECTION((0.,0.,1.));
#4691=IFCDIRECTION((1.,0.,0.));
#4706=IFCDOOR('1SZM21Gvv2IfGMUue76dUz',$,'Door',$,$,#5021,#4716,$,2.,1.4733420610427856,$,.SLIDING_TO_LEFT.,$);
#4708=IFCRELDEFINESBYTYPE('1wtKejq1vD6BSHM5qm$HJ_',$,$,$,(#4706),#4598);
#4709=IFCCARTESIANPOINT((0.,0.,0.));
#4710=IFCDIRECTION((1.,0.,0.));
#4711=IFCDIRECTION((0.,1.,0.));
#4712=IFCDIRECTION((0.,0.,1.));
#4713=IFCCARTESIANTRANSFORMATIONOPERATOR3D(#4710,#4711,#4709,1.,#4712);
#4714=IFCMAPPEDITEM(#4601,#4713);
#4715=IFCSHAPEREPRESENTATION(#18,'Profile','MappedRepresentation',(#4714));
#4716=IFCPRODUCTDEFINITIONSHAPE($,$,(#4715,#4723,#4730,#4996));
#4717=IFCCARTESIANPOINT((0.,0.,0.));
#4718=IFCDIRECTION((1.,0.,0.));
#4719=IFCDIRECTION((0.,1.,0.));
#4720=IFCDIRECTION((0.,0.,1.));
#4721=IFCCARTESIANTRANSFORMATIONOPERATOR3D(#4718,#4719,#4717,1.,#4720);
#4722=IFCMAPPEDITEM(#4609,#4721);
#4723=IFCSHAPEREPRESENTATION(#11,'Body','MappedRepresentation',(#4722));
#4724=IFCCARTESIANPOINT((0.,0.,0.));
#4725=IFCDIRECTION((1.,0.,0.));
#4726=IFCDIRECTION((0.,1.,0.));
#4727=IFCDIRECTION((0.,0.,1.));
#4728=IFCCARTESIANTRANSFORMATIONOPERATOR3D(#4725,#4726,#4724,1.,#4727);
#4729=IFCMAPPEDITEM(#4687,#4728);
#4730=IFCSHAPEREPRESENTATION(#24,'Body','MappedRepresentation',(#4729));
#4731=IFCOPENINGELEMENT('17N_IekKvEvgcYE3tuJGu1',$,'Opening',$,$,#5016,#4759,$,.OPENING.);
#4747=IFCCARTESIANPOINT((0.,0.,0.));
#4748=IFCDIRECTION((1.,0.,0.));
#4749=IFCDIRECTION((0.,0.,1.));
#4750=IFCAXIS2PLACEMENT3D(#4747,#4749,#4748);
#4751=IFCREPRESENTATIONMAP(#4750,#5006);
#4752=IFCCARTESIANPOINT((0.,0.,0.));
#4753=IFCDIRECTION((1.,0.,0.));
#4754=IFCDIRECTION((0.,1.,0.));
#4755=IFCDIRECTION((0.,0.,1.));
#4756=IFCCARTESIANTRANSFORMATIONOPERATOR3D(#4753,#4754,#4752,1.,#4755);
#4757=IFCMAPPEDITEM(#4751,#4756);
#4758=IFCSHAPEREPRESENTATION(#11,'Body','MappedRepresentation',(#4757));
#4759=IFCPRODUCTDEFINITIONSHAPE($,$,(#4758));
#4760=IFCRELVOIDSELEMENT('02eob37ofD89pdqRhIycmB',$,$,$,#1058,#4731);
#4766=IFCRELFILLSELEMENT('2QE9pFoHnCuhlAPI8hfbZR',$,$,$,#4731,#4706);
#4790=IFCCARTESIANPOINTLIST2D(((0.,0.),(0.,2.),(1.4733420610427856,2.),(1.4733420610427856,0.),(1.4483420606702566,0.),(1.4483420606702566,1.974999999627471),(0.02500000037252903,1.974999999627471),(0.02500000037252903,0.)));
#4791=IFCINDEXEDPOLYCURVE(#4790,(IFCLINEINDEX((1,2,3,4,5,6,7,8,1))),$);
#4792=IFCARBITRARYCLOSEDPROFILEDEF(.AREA.,$,#4791);
#4793=IFCCARTESIANPOINT((0.,0.02500000037252903,0.));
#4794=IFCDIRECTION((0.,-1.,0.));
#4795=IFCDIRECTION((1.,0.,0.));
#4796=IFCAXIS2PLACEMENT3D(#4793,#4794,#4795);
#4797=IFCDIRECTION((0.,0.,-1.));
#4798=IFCEXTRUDEDAREASOLID(#4792,#4796,#4797,0.02500000037252903);
#4799=IFCCARTESIANPOINTLIST2D(((0.,0.),(0.,2.),(1.4733420610427856,2.),(1.4733420610427856,0.),(1.4233420602977276,0.),(1.4233420602977276,1.9499999992549419),(0.05000000074505806,1.9499999992549419),(0.05000000074505806,0.)));
#4800=IFCINDEXEDPOLYCURVE(#4799,(IFCLINEINDEX((1,2,3,4,5,6,7,8,1))),$);
#4801=IFCARBITRARYCLOSEDPROFILEDEF(.AREA.,$,#4800);
#4802=IFCCARTESIANPOINT((0.,0.,0.));
#4803=IFCDIRECTION((0.,-1.,0.));
#4804=IFCDIRECTION((1.,0.,0.));
#4805=IFCAXIS2PLACEMENT3D(#4802,#4803,#4804);
#4806=IFCDIRECTION((0.,0.,-1.));
#4807=IFCEXTRUDEDAREASOLID(#4801,#4805,#4806,0.02500000037252903);
#4808=IFCCARTESIANPOINTLIST2D(((0.,0.),(1.3733420595526695,0.),(1.3733420595526695,0.10000000149011612),(0.,0.10000000149011612)));
#4809=IFCINDEXEDPOLYCURVE(#4808,(IFCLINEINDEX((1,2,3,4,1))),$);
#4810=IFCARBITRARYCLOSEDPROFILEDEF(.AREA.,$,#4809);
#4811=IFCCARTESIANPOINT((0.05000000074505806,0.,0.));
#4812=IFCDIRECTION((0.,0.,1.));
#4813=IFCDIRECTION((1.,0.,0.));
#4814=IFCAXIS2PLACEMENT3D(#4811,#4812,#4813);
#4815=IFCDIRECTION((0.,0.,1.));
#4816=IFCEXTRUDEDAREASOLID(#4810,#4814,#4815,0.02500000037252903);
#4817=IFCCARTESIANPOINTLIST2D(((0.,0.),(0.,2.0250000022351742),(1.523342065513134,2.0250000022351742),(1.523342065513134,0.),(1.4483420625329018,0.),(1.4483420625329018,1.9499999992549419),(0.075000002980232239,1.9499999992549419),(0.075000002980232239,0.)));
#4818=IFCINDEXEDPOLYCURVE(#4817,(IFCLINEINDEX((1,2,3,4,5,6,7,8,1))),$);
#4819=IFCARBITRARYCLOSEDPROFILEDEF(.AREA.,$,#4818);
#4820=IFCCARTESIANPOINT((-0.025000002235174179,-0.004999999888241291,0.));
#4821=IFCDIRECTION((0.,-1.,0.));
#4822=IFCDIRECTION((1.,0.,0.));
#4823=IFCAXIS2PLACEMENT3D(#4820,#4821,#4822);
#4824=IFCDIRECTION((0.,0.,-1.));
#4825=IFCEXTRUDEDAREASOLID(#4819,#4823,#4824,0.004999999888241291);
#4826=IFCCARTESIANPOINTLIST2D(((0.,0.),(0.,2.0250000022351742),(1.523342065513134,2.0250000022351742),(1.523342065513134,0.),(1.4733420629054308,0.),(1.4733420629054308,1.974999999627471),(0.050000002607703209,1.974999999627471),(0.050000002607703209,0.)));
#4827=IFCINDEXEDPOLYCURVE(#4826,(IFCLINEINDEX((1,2,3,4,5,6,7,8,1))),$);
#4828=IFCARBITRARYCLOSEDPROFILEDEF(.AREA.,$,#4827);
#4829=IFCCARTESIANPOINT((-0.025000002235174179,0.05000000074505806,0.));
#4830=IFCDIRECTION((0.,-1.,0.));
#4831=IFCDIRECTION((1.,0.,0.));
#4832=IFCAXIS2PLACEMENT3D(#4829,#4830,#4831);
#4833=IFCDIRECTION((0.,0.,-1.));
#4834=IFCEXTRUDEDAREASOLID(#4828,#4832,#4833,0.004999999888241291);
#4835=IFCCARTESIANPOINTLIST2D(((0.,0.),(1.4233420602977276,0.),(1.4233420602977276,0.035000000149011612),(0.,0.035000000149011612)));
#4836=IFCINDEXEDPOLYCURVE(#4835,(IFCLINEINDEX((1,2,3,4,1))),$);
#4837=IFCARBITRARYCLOSEDPROFILEDEF(.AREA.,$,#4836);
#4838=IFCCARTESIANPOINT((0.02500000037252903,0.02500000037252903,0.02500000037252903));
#4839=IFCDIRECTION((0.,0.,1.));
#4840=IFCDIRECTION((1.,0.,0.));
#4841=IFCAXIS2PLACEMENT3D(#4838,#4839,#4840);
#4842=IFCDIRECTION((0.,0.,1.));
#4843=IFCEXTRUDEDAREASOLID(#4837,#4841,#4842,1.9499999992549419);
#4844=IFCCARTESIANPOINTLIST2D(((0.,0.),(0.,-0.040000000000000001),(0.12,-0.040000000000000001),(0.12,-0.02),(0.02,-0.02),(0.02,0.)));
#4845=IFCINDEXEDPOLYCURVE(#4844,(IFCLINEINDEX((1,2,3,4,5,6,1))),$);
#4846=IFCARBITRARYCLOSEDPROFILEDEF(.AREA.,$,#4845);
#4847=IFCCARTESIANPOINT((0.075000000372529033,0.02500000037252903,1.015000000372529));
#4848=IFCDIRECTION((0.,0.,1.));
#4849=IFCDIRECTION((1.,0.,0.));
#4850=IFCAXIS2PLACEMENT3D(#4847,#4848,#4849);
#4851=IFCDIRECTION((0.,0.,1.));
#4852=IFCEXTRUDEDAREASOLID(#4846,#4850,#4851,0.02);
#4853=IFCEXTRUDEDAREASOLID(#4854,#4857,#4861,0.02);
#4854=IFCARBITRARYCLOSEDPROFILEDEF(.AREA.,$,#4855);
#4855=IFCINDEXEDPOLYCURVE(#4856,(IFCLINEINDEX((1,2,3,4,5,6,1))),$);
#4856=IFCCARTESIANPOINTLIST2D(((0.,0.),(0.,0.040000000000000008),(0.11999999999999998,0.040000000000000008),(0.11999999999999998,0.020000000000000004),(0.020000000000000004,0.020000000000000004),(0.020000000000000004,0.)));
#4857=IFCAXIS2PLACEMENT3D(#4858,#4859,#4860);
#4858=IFCCARTESIANPOINT((0.075000000372529033,0.060000000521540642,1.015000000372529));
#4859=IFCDIRECTION((0.,0.,1.));
#4860=IFCDIRECTION((1.,0.,0.));
#4861=IFCDIRECTION((0.,0.,1.));
#4863=IFCSHAPEREPRESENTATION(#11,'Body','SweptSolid',(#4798,#4926,#4944,#4917,#4834,#4807,#4825,#4816,#4935));
#4864=IFCSHAPEASPECT((#4863),'Lining',$,.T.,#4716);
#4865=IFCSHAPEREPRESENTATION(#11,'Body','SweptSolid',(#4953,#4853,#4843,#4962,#4963,#4852));
#4866=IFCSHAPEASPECT((#4865),'Framing',$,.T.,#4716);
#4906=IFCCARTESIANPOINTLIST3D(((0.,0.,0.),(1.4733420610427856,0.,0.),(1.4733420610427856,0.,2.),(0.,0.,2.)));
#4907=IFCINDEXEDPOLYCURVE(#4906,(IFCLINEINDEX((1,2,3,4,1))),$);
#4908=IFCSHAPEREPRESENTATION(#18,'Profile','Curve3D',(#4907));
#4909=IFCCARTESIANPOINTLIST2D(((0.,0.),(0.,2.),(1.4733420610427856,2.),(1.4733420610427856,0.),(1.4233420602977276,0.),(1.4233420602977276,1.9499999992549419),(0.05000000074505806,1.9499999992549419),(0.05000000074505806,0.)));
#4910=IFCINDEXEDPOLYCURVE(#4909,(IFCLINEINDEX((1,2,3,4,5,6,7,8,1))),$);
#4911=IFCARBITRARYCLOSEDPROFILEDEF(.AREA.,$,#4910);
#4912=IFCCARTESIANPOINT((0.,0.,0.));
#4913=IFCDIRECTION((0.,-1.,0.));
#4914=IFCDIRECTION((1.,0.,0.));
#4915=IFCAXIS2PLACEMENT3D(#4912,#4913,#4914);
#4916=IFCDIRECTION((0.,0.,-1.));
#4917=IFCEXTRUDEDAREASOLID(#4911,#4915,#4916,0.05000000074505806);
#4918=IFCCARTESIANPOINTLIST2D(((0.,0.),(1.3733420595526695,0.),(1.3733420595526695,0.10000000149011612),(0.,0.10000000149011612)));
#4919=IFCINDEXEDPOLYCURVE(#4918,(IFCLINEINDEX((1,2,3,4,1))),$);
#4920=IFCARBITRARYCLOSEDPROFILEDEF(.AREA.,$,#4919);
#4921=IFCCARTESIANPOINT((0.05000000074505806,0.,0.));
#4922=IFCDIRECTION((0.,0.,1.));
#4923=IFCDIRECTION((1.,0.,0.));
#4924=IFCAXIS2PLACEMENT3D(#4921,#4922,#4923);
#4925=IFCDIRECTION((0.,0.,1.));
#4926=IFCEXTRUDEDAREASOLID(#4920,#4924,#4925,0.02500000037252903);
#4927=IFCCARTESIANPOINTLIST2D(((0.,0.),(0.,2.0250000022351742),(1.523342065513134,2.0250000022351742),(1.523342065513134,0.),(1.4483420625329018,0.),(1.4483420625329018,1.9499999992549419),(0.075000002980232239,1.9499999992549419),(0.075000002980232239,0.)));
#4928=IFCINDEXEDPOLYCURVE(#4927,(IFCLINEINDEX((1,2,3,4,5,6,7,8,1))),$);
#4929=IFCARBITRARYCLOSEDPROFILEDEF(.AREA.,$,#4928);
#4930=IFCCARTESIANPOINT((-0.025000002235174179,-0.004999999888241291,0.));
#4931=IFCDIRECTION((0.,-1.,0.));
#4932=IFCDIRECTION((1.,0.,0.));
#4933=IFCAXIS2PLACEMENT3D(#4930,#4931,#4932);
#4934=IFCDIRECTION((0.,0.,-1.));
#4935=IFCEXTRUDEDAREASOLID(#4929,#4933,#4934,0.004999999888241291);
#4936=IFCCARTESIANPOINTLIST2D(((0.,0.),(0.,2.0250000022351742),(1.523342065513134,2.0250000022351742),(1.523342065513134,0.),(1.4483420625329018,0.),(1.4483420625329018,1.9499999992549419),(0.075000002980232239,1.9499999992549419),(0.075000002980232239,0.)));
#4937=IFCINDEXEDPOLYCURVE(#4936,(IFCLINEINDEX((1,2,3,4,5,6,7,8,1))),$);
#4938=IFCARBITRARYCLOSEDPROFILEDEF(.AREA.,$,#4937);
#4939=IFCCARTESIANPOINT((-0.025000002235174179,0.05000000074505806,0.));
#4940=IFCDIRECTION((0.,-1.,0.));
#4941=IFCDIRECTION((1.,0.,0.));
#4942=IFCAXIS2PLACEMENT3D(#4939,#4940,#4941);
#4943=IFCDIRECTION((0.,0.,-1.));
#4944=IFCEXTRUDEDAREASOLID(#4938,#4942,#4943,0.004999999888241291);
#4945=IFCCARTESIANPOINTLIST2D(((0.,0.),(1.3733420595526695,0.),(1.3733420595526695,0.035000000149011612),(0.,0.035000000149011612)));
#4946=IFCINDEXEDPOLYCURVE(#4945,(IFCLINEINDEX((1,2,3,4,1))),$);
#4947=IFCARBITRARYCLOSEDPROFILEDEF(.AREA.,$,#4946);
#4948=IFCCARTESIANPOINT((0.05000000074505806,-0.035000000149011612,0.02500000037252903));
#4949=IFCDIRECTION((0.,0.,1.));
#4950=IFCDIRECTION((1.,0.,0.));
#4951=IFCAXIS2PLACEMENT3D(#4948,#4949,#4950);
#4952=IFCDIRECTION((0.,0.,1.));
#4953=IFCEXTRUDEDAREASOLID(#4947,#4951,#4952,1.9249999988824129);
#4954=IFCCARTESIANPOINTLIST2D(((0.,0.),(0.,-0.040000000000000008),(-0.11999999999999988,-0.040000000000000008),(-0.11999999999999988,-0.020000000000000004),(-0.020000000000000018,-0.020000000000000004),(-0.020000000000000018,0.)));
#4955=IFCINDEXEDPOLYCURVE(#4954,(IFCLINEINDEX((1,2,3,4,5,6,1))),$);
#4956=IFCARBITRARYCLOSEDPROFILEDEF(.AREA.,$,#4955);
#4957=IFCCARTESIANPOINT((1.3733420602977275,-0.035000000149011612,1.015000000372529));
#4958=IFCDIRECTION((0.,0.,1.));
#4959=IFCDIRECTION((1.,0.,0.));
#4960=IFCAXIS2PLACEMENT3D(#4957,#4958,#4959);
#4961=IFCDIRECTION((0.,0.,1.));
#4962=IFCEXTRUDEDAREASOLID(#4956,#4960,#4961,0.02);
#4963=IFCEXTRUDEDAREASOLID(#4964,#4967,#4971,0.02);
#4964=IFCARBITRARYCLOSEDPROFILEDEF(.AREA.,$,#4965);
#4965=IFCINDEXEDPOLYCURVE(#4966,(IFCLINEINDEX((1,2,3,4,5,6,1))),$);
#4966=IFCCARTESIANPOINTLIST2D(((0.,0.),(0.,0.040000000000000008),(-0.11999999999999988,0.040000000000000008),(-0.11999999999999988,0.020000000000000004),(-0.020000000000000018,0.020000000000000004),(-0.020000000000000018,0.)));
#4967=IFCAXIS2PLACEMENT3D(#4968,#4969,#4970);
#4968=IFCCARTESIANPOINT((1.3733420602977275,0.,1.015000000372529));
#4969=IFCDIRECTION((0.,0.,1.));
#4970=IFCDIRECTION((1.,0.,0.));
#4971=IFCDIRECTION((0.,0.,1.));
#4972=IFCSHAPEREPRESENTATION(#11,'Body','SweptSolid',(#4917,#4953,#4962,#4963,#4926,#4935,#4944));
#4973=IFCCARTESIANPOINTLIST2D(((0.,0.),(0.05000000074505806,0.),(0.05000000074505806,0.05000000074505806),(0.,0.05000000074505806)));
#4974=IFCINDEXEDPOLYCURVE(#4973,(IFCLINEINDEX((1,2,3,4,1))),$);
#4975=IFCINDEXEDPOLYCURVE(#4976,(IFCLINEINDEX((1,2,3,4,1))),$);
#4976=IFCCARTESIANPOINTLIST2D(((1.4733420610427856,0.),(1.4233420602977276,0.),(1.4233420602977276,0.05000000074505806),(1.4733420610427856,0.05000000074505806)));
#4977=IFCCARTESIANPOINTLIST2D(((-0.6366710290312767,-0.035000000149011612),(0.73667103052139282,-0.035000000149011612),(0.73667103052139282,0.),(-0.6366710290312767,0.)));
#4978=IFCINDEXEDPOLYCURVE(#4977,(IFCLINEINDEX((1,2,3,4,1))),$);
#4979=IFCSHAPEREPRESENTATION(#24,'Body','Curve2D',(#4974,#4975,#4978));
#4980=IFCCARTESIANPOINTLIST2D(((0.53066972158849235,-0.081587428267465345),(0.9426723394542933,-0.081587428267465345)));
#4981=IFCINDEXEDPOLYCURVE(#4980,$,$);
#4982=IFCCARTESIANPOINTLIST2D(((0.56066972158849238,-0.050529142855162856),(0.53066972158849235,-0.081587428267465345),(0.56066972158849238,-0.11264571367976783)));
#4983=IFCINDEXEDPOLYCURVE(#4982,$,$);
#4984=IFCSHAPEREPRESENTATION(#25,'Annotation','Curve2D',(#4981,#4983));
#4985=IFCCARTESIANPOINT((0.,0.,0.));
#4986=IFCDIRECTION((1.,0.,0.));
#4987=IFCDIRECTION((0.,0.,1.));
#4988=IFCAXIS2PLACEMENT3D(#4985,#4987,#4986);
#4989=IFCREPRESENTATIONMAP(#4988,#4984);
#4990=IFCCARTESIANPOINT((0.,0.,0.));
#4991=IFCDIRECTION((1.,0.,0.));
#4992=IFCDIRECTION((0.,1.,0.));
#4993=IFCDIRECTION((0.,0.,1.));
#4994=IFCCARTESIANTRANSFORMATIONOPERATOR3D(#4991,#4992,#4990,1.,#4993);
#4995=IFCMAPPEDITEM(#4989,#4994);
#4996=IFCSHAPEREPRESENTATION(#25,'Annotation','MappedRepresentation',(#4995));
#4997=IFCCARTESIANPOINTLIST2D(((0.,0.),(1.4733420610427856,0.),(1.4733420610427856,2.),(0.,2.)));
#4998=IFCINDEXEDPOLYCURVE(#4997,(IFCLINEINDEX((1,2,3,4,1))),$);
#4999=IFCARBITRARYCLOSEDPROFILEDEF(.AREA.,$,#4998);
#5000=IFCCARTESIANPOINT((0.,-0.60000002384185791,0.));
#5001=IFCDIRECTION((0.,-1.,0.));
#5002=IFCDIRECTION((1.,0.,0.));
#5003=IFCAXIS2PLACEMENT3D(#5000,#5001,#5002);
#5004=IFCDIRECTION((0.,0.,-1.));
#5005=IFCEXTRUDEDAREASOLID(#4999,#5003,#5004,1.2);
#5006=IFCSHAPEREPRESENTATION(#11,'Body','SweptSolid',(#5005));
#5012=IFCCARTESIANPOINT((1.5258273894374983,0.085000155488876405,0.));
#5013=IFCDIRECTION((0.,0.,1.));
#5014=IFCDIRECTION((-0.99999999999994682,3.2584136988578502E-07,0.));
#5015=IFCAXIS2PLACEMENT3D(#5012,#5013,#5014);
#5016=IFCLOCALPLACEMENT(#1210,#5015);
#5017=IFCCARTESIANPOINT((2.2204460492503131E-16,-4.4408920985006262E-16,0.));
#5018=IFCDIRECTION((0.,0.,1.));
#5019=IFCDIRECTION((0.99999999999999989,1.0587911840678754E-22,0.));
#5020=IFCAXIS2PLACEMENT3D(#5017,#5018,#5019);
#5021=IFCLOCALPLACEMENT(#5016,#5020);
#5022=IFCWINDOW('2IWb61r7PCcxbDFiYFxPkP',$,'Window',$,$,#5402,#5032,$,0.89999997615814209,0.68039166927337646,$,.SINGLE_PANEL.,$);
#5024=IFCRELDEFINESBYTYPE('2JdOtDciTCX8XGXLGNjzg_',$,$,$,(#5022),#4514);
#5025=IFCCARTESIANPOINT((0.,0.,0.));
#5026=IFCDIRECTION((1.,0.,0.));
#5027=IFCDIRECTION((0.,1.,0.));
#5028=IFCDIRECTION((0.,0.,1.));
#5029=IFCCARTESIANTRANSFORMATIONOPERATOR3D(#5026,#5027,#5025,1.,#5028);
#5030=IFCMAPPEDITEM(#4517,#5029);
#5031=IFCSHAPEREPRESENTATION(#18,'Profile','MappedRepresentation',(#5030));
#5032=IFCPRODUCTDEFINITIONSHAPE($,$,(#5031,#5039,#5046));
#5033=IFCCARTESIANPOINT((0.,0.,0.));
#5034=IFCDIRECTION((1.,0.,0.));
#5035=IFCDIRECTION((0.,1.,0.));
#5036=IFCDIRECTION((0.,0.,1.));
#5037=IFCCARTESIANTRANSFORMATIONOPERATOR3D(#5034,#5035,#5033,1.,#5036);
#5038=IFCMAPPEDITEM(#4525,#5037);
#5039=IFCSHAPEREPRESENTATION(#11,'Body','MappedRepresentation',(#5038));
#5040=IFCCARTESIANPOINT((0.,0.,0.));
#5041=IFCDIRECTION((1.,0.,0.));
#5042=IFCDIRECTION((0.,1.,0.));
#5043=IFCDIRECTION((0.,0.,1.));
#5044=IFCCARTESIANTRANSFORMATIONOPERATOR3D(#5041,#5042,#5040,1.,#5043);
#5045=IFCMAPPEDITEM(#4573,#5044);
#5046=IFCSHAPEREPRESENTATION(#24,'Body','MappedRepresentation',(#5045));
#5047=IFCOPENINGELEMENT('3cAUGJwI53Mwh7I0EnRgJp',$,'Opening',$,$,#5397,#5075,$,.OPENING.);
#5063=IFCCARTESIANPOINT((0.,0.,0.));
#5064=IFCDIRECTION((1.,0.,0.));
#5065=IFCDIRECTION((0.,0.,1.));
#5066=IFCAXIS2PLACEMENT3D(#5063,#5065,#5064);
#5067=IFCREPRESENTATIONMAP(#5066,#5387);
#5068=IFCCARTESIANPOINT((0.,0.,0.));
#5069=IFCDIRECTION((1.,0.,0.));
#5070=IFCDIRECTION((0.,1.,0.));
#5071=IFCDIRECTION((0.,0.,1.));
#5072=IFCCARTESIANTRANSFORMATIONOPERATOR3D(#5069,#5070,#5068,1.,#5071);
#5073=IFCMAPPEDITEM(#5067,#5072);
#5074=IFCSHAPEREPRESENTATION(#11,'Body','MappedRepresentation',(#5073));
#5075=IFCPRODUCTDEFINITIONSHAPE($,$,(#5074));
#5076=IFCRELVOIDSELEMENT('1W0l_c3Y17rgTAdCyZwaRI',$,$,$,#278,#5047);
#5082=IFCRELFILLSELEMENT('1jSQFm6YrDPAikiPJ5es8Q',$,$,$,#5047,#5022);
#5091=IFCCARTESIANPOINTLIST2D(((0.,0.),(1.5749140977859497,0.),(1.5749140977859497,0.89999997615814209),(0.,0.89999997615814209)));
#5092=IFCINDEXEDPOLYCURVE(#5091,(IFCLINEINDEX((1,2,3,4,1))),$);
#5093=IFCCARTESIANPOINTLIST2D(((0.02500000037252903,0.02500000037252903),(1.5499140974134207,0.02500000037252903),(1.5499140974134207,0.87499997578561306),(0.02500000037252903,0.87499997578561306)));
#5094=IFCINDEXEDPOLYCURVE(#5093,(IFCLINEINDEX((1,2,3,4,1))),$);
#5095=IFCARBITRARYPROFILEDEFWITHVOIDS(.AREA.,$,#5092,(#5094));
#5096=IFCCARTESIANPOINT((0.,0.090000001713633537,0.));
#5097=IFCDIRECTION((0.,-1.,0.));
#5098=IFCDIRECTION((1.,0.,0.));
#5099=IFCAXIS2PLACEMENT3D(#5096,#5097,#5098);
#5100=IFCDIRECTION((0.,0.,-1.));
#5101=IFCEXTRUDEDAREASOLID(#5095,#5099,#5100,0.0099999997764825821);
#5102=IFCCARTESIANPOINTLIST2D(((0.,0.),(1.5749140977859497,0.),(1.5749140977859497,0.89999997615814209),(0.,0.89999997615814209)));
#5103=IFCINDEXEDPOLYCURVE(#5102,(IFCLINEINDEX((1,2,3,4,1))),$);
#5104=IFCCARTESIANPOINTLIST2D(((0.05000000074505806,0.05000000074505806),(1.5249140970408916,0.05000000074505806),(1.5249140970408916,0.84999997541308403),(0.05000000074505806,0.84999997541308403)));
#5105=IFCINDEXEDPOLYCURVE(#5104,(IFCLINEINDEX((1,2,3,4,1))),$);
#5106=IFCARBITRARYPROFILEDEFWITHVOIDS(.AREA.,$,#5103,(#5105));
#5107=IFCCARTESIANPOINT((0.,0.05000000074505806,0.));
#5108=IFCDIRECTION((0.,-1.,0.));
#5109=IFCDIRECTION((1.,0.,0.));
#5110=IFCAXIS2PLACEMENT3D(#5107,#5108,#5109);
#5111=IFCDIRECTION((0.,0.,-1.));
#5112=IFCEXTRUDEDAREASOLID(#5106,#5110,#5111,0.040000000968575478);
#5113=IFCCARTESIANPOINTLIST2D(((0.,0.),(1.5249140970408916,0.),(1.5249140970408916,0.84999997541308403),(0.,0.84999997541308403)));
#5114=IFCINDEXEDPOLYCURVE(#5113,(IFCLINEINDEX((1,2,3,4,1))),$);
#5115=IFCCARTESIANPOINTLIST2D(((0.035000000149011612,0.035000000149011612),(1.48991409689188,0.035000000149011612),(1.48991409689188,0.81499997526407242),(0.035000000149011612,0.81499997526407242)));
#5116=IFCINDEXEDPOLYCURVE(#5115,(IFCLINEINDEX((1,2,3,4,1))),$);
#5117=IFCARBITRARYPROFILEDEFWITHVOIDS(.AREA.,$,#5114,(#5116));
#5118=IFCCARTESIANPOINT((0.02500000037252903,0.090000001713633537,0.02500000037252903));
#5119=IFCDIRECTION((0.,-1.,0.));
#5120=IFCDIRECTION((1.,0.,0.));
#5121=IFCAXIS2PLACEMENT3D(#5118,#5119,#5120);
#5122=IFCDIRECTION((0.,0.,-1.));
#5123=IFCEXTRUDEDAREASOLID(#5117,#5121,#5122,0.035000000149011612);
#5124=IFCINDEXEDPOLYCURVE(#5125,(IFCLINEINDEX((1,2,3,4,1))),$);
#5125=IFCCARTESIANPOINTLIST2D(((0.035000000149011612,0.035000000149011612),(1.48991409689188,0.035000000149011612),(1.48991409689188,0.81499997526407242),(0.035000000149011612,0.81499997526407242)));
#5126=IFCARBITRARYCLOSEDPROFILEDEF(.AREA.,$,#5124);
#5127=IFCCARTESIANPOINT((0.02500000037252903,0.10250000178813934,0.02500000037252903));
#5128=IFCDIRECTION((0.,-1.,0.));
#5129=IFCDIRECTION((1.,0.,0.));
#5130=IFCAXIS2PLACEMENT3D(#5127,#5128,#5129);
#5131=IFCDIRECTION((0.,0.,-1.));
#5132=IFCEXTRUDEDAREASOLID(#5126,#5130,#5131,0.01);
#5134=IFCSHAPEREPRESENTATION(#11,'Body','SweptSolid',(#5339,#5101,#5112,#5328,#5221,#5210));
#5135=IFCSHAPEASPECT((#5134),'Lining',$,.T.,#5032);
#5136=IFCSHAPEREPRESENTATION(#11,'Body','SweptSolid',(#5232,#5350,#5123));
#5137=IFCSHAPEASPECT((#5136),'Framing',$,.T.,#5032);
#5138=IFCSHAPEREPRESENTATION(#11,'Body','SweptSolid',(#5132,#5241,#5359));
#5139=IFCSHAPEASPECT((#5138),'Glazing',$,.T.,#5032);
#5200=IFCCARTESIANPOINTLIST2D(((0.,0.),(1.0537031888961792,0.),(1.0537031888961792,0.89999997615814209),(0.,0.89999997615814209)));
#5201=IFCINDEXEDPOLYCURVE(#5200,(IFCLINEINDEX((1,2,3,4,1))),$);
#5202=IFCCARTESIANPOINTLIST2D(((0.02500000037252903,0.02500000037252903),(1.0287031885236502,0.02500000037252903),(1.0287031885236502,0.87499997578561306),(0.02500000037252903,0.87499997578561306)));
#5203=IFCINDEXEDPOLYCURVE(#5202,(IFCLINEINDEX((1,2,3,4,1))),$);
#5204=IFCARBITRARYPROFILEDEFWITHVOIDS(.AREA.,$,#5201,(#5203));
#5205=IFCCARTESIANPOINT((0.,0.090000001713633537,0.));
#5206=IFCDIRECTION((0.,-1.,0.));
#5207=IFCDIRECTION((1.,0.,0.));
#5208=IFCAXIS2PLACEMENT3D(#5205,#5206,#5207);
#5209=IFCDIRECTION((0.,0.,-1.));
#5210=IFCEXTRUDEDAREASOLID(#5204,#5208,#5209,0.0099999997764825821);
#5211=IFCCARTESIANPOINTLIST2D(((0.,0.),(1.0537031888961792,0.),(1.0537031888961792,0.89999997615814209),(0.,0.89999997615814209)));
#5212=IFCINDEXEDPOLYCURVE(#5211,(IFCLINEINDEX((1,2,3,4,1))),$);
#5213=IFCCARTESIANPOINTLIST2D(((0.05000000074505806,0.05000000074505806),(1.0037031881511211,0.05000000074505806),(1.0037031881511211,0.84999997541308403),(0.05000000074505806,0.84999997541308403)));
#5214=IFCINDEXEDPOLYCURVE(#5213,(IFCLINEINDEX((1,2,3,4,1))),$);
#5215=IFCARBITRARYPROFILEDEFWITHVOIDS(.AREA.,$,#5212,(#5214));
#5216=IFCCARTESIANPOINT((0.,0.05000000074505806,0.));
#5217=IFCDIRECTION((0.,-1.,0.));
#5218=IFCDIRECTION((1.,0.,0.));
#5219=IFCAXIS2PLACEMENT3D(#5216,#5217,#5218);
#5220=IFCDIRECTION((0.,0.,-1.));
#5221=IFCEXTRUDEDAREASOLID(#5215,#5219,#5220,0.040000000968575478);
#5222=IFCCARTESIANPOINTLIST2D(((0.,0.),(1.0037031881511211,0.),(1.0037031881511211,0.84999997541308403),(0.,0.84999997541308403)));
#5223=IFCINDEXEDPOLYCURVE(#5222,(IFCLINEINDEX((1,2,3,4,1))),$);
#5224=IFCCARTESIANPOINTLIST2D(((0.035000000149011612,0.035000000149011612),(0.96870318800210953,0.035000000149011612),(0.96870318800210953,0.81499997526407242),(0.035000000149011612,0.81499997526407242)));
#5225=IFCINDEXEDPOLYCURVE(#5224,(IFCLINEINDEX((1,2,3,4,1))),$);
#5226=IFCARBITRARYPROFILEDEFWITHVOIDS(.AREA.,$,#5223,(#5225));
#5227=IFCCARTESIANPOINT((0.02500000037252903,0.090000001713633537,0.02500000037252903));
#5228=IFCDIRECTION((0.,-1.,0.));
#5229=IFCDIRECTION((1.,0.,0.));
#5230=IFCAXIS2PLACEMENT3D(#5227,#5228,#5229);
#5231=IFCDIRECTION((0.,0.,-1.));
#5232=IFCEXTRUDEDAREASOLID(#5226,#5230,#5231,0.035000000149011612);
#5233=IFCINDEXEDPOLYCURVE(#5234,(IFCLINEINDEX((1,2,3,4,1))),$);
#5234=IFCCARTESIANPOINTLIST2D(((0.035000000149011612,0.035000000149011612),(0.96870318800210953,0.035000000149011612),(0.96870318800210953,0.81499997526407242),(0.035000000149011612,0.81499997526407242)));
#5235=IFCARBITRARYCLOSEDPROFILEDEF(.AREA.,$,#5233);
#5236=IFCCARTESIANPOINT((0.02500000037252903,0.10250000178813934,0.02500000037252903));
#5237=IFCDIRECTION((0.,-1.,0.));
#5238=IFCDIRECTION((1.,0.,0.));
#5239=IFCAXIS2PLACEMENT3D(#5236,#5237,#5238);
#5240=IFCDIRECTION((0.,0.,-1.));
#5241=IFCEXTRUDEDAREASOLID(#5235,#5239,#5240,0.01);
#5315=IFCCARTESIANPOINTLIST3D(((0.,0.,0.),(0.68039166927337646,0.,0.),(0.68039166927337646,0.,0.89999997615814209),(0.,0.,0.89999997615814209)));
#5316=IFCINDEXEDPOLYCURVE(#5315,(IFCLINEINDEX((1,2,3,4,1))),$);
#5317=IFCSHAPEREPRESENTATION(#18,'Profile','Curve3D',(#5316));
#5318=IFCCARTESIANPOINTLIST2D(((0.,0.),(0.68039166927337646,0.),(0.68039166927337646,0.89999997615814209),(0.,0.89999997615814209)));
#5319=IFCINDEXEDPOLYCURVE(#5318,(IFCLINEINDEX((1,2,3,4,1))),$);
#5320=IFCCARTESIANPOINTLIST2D(((0.02500000037252903,0.02500000037252903),(0.65539166890084743,0.02500000037252903),(0.65539166890084743,0.87499997578561306),(0.02500000037252903,0.87499997578561306)));
#5321=IFCINDEXEDPOLYCURVE(#5320,(IFCLINEINDEX((1,2,3,4,1))),$);
#5322=IFCARBITRARYPROFILEDEFWITHVOIDS(.AREA.,$,#5319,(#5321));
#5323=IFCCARTESIANPOINT((0.,0.090000001713633537,0.));
#5324=IFCDIRECTION((0.,-1.,0.));
#5325=IFCDIRECTION((1.,0.,0.));
#5326=IFCAXIS2PLACEMENT3D(#5323,#5324,#5325);
#5327=IFCDIRECTION((0.,0.,-1.));
#5328=IFCEXTRUDEDAREASOLID(#5322,#5326,#5327,0.0099999997764825821);
#5329=IFCCARTESIANPOINTLIST2D(((0.,0.),(0.68039166927337646,0.),(0.68039166927337646,0.89999997615814209),(0.,0.89999997615814209)));
#5330=IFCINDEXEDPOLYCURVE(#5329,(IFCLINEINDEX((1,2,3,4,1))),$);
#5331=IFCCARTESIANPOINTLIST2D(((0.05000000074505806,0.05000000074505806),(0.63039166852831841,0.05000000074505806),(0.63039166852831841,0.84999997541308403),(0.05000000074505806,0.84999997541308403)));
#5332=IFCINDEXEDPOLYCURVE(#5331,(IFCLINEINDEX((1,2,3,4,1))),$);
#5333=IFCARBITRARYPROFILEDEFWITHVOIDS(.AREA.,$,#5330,(#5332));
#5334=IFCCARTESIANPOINT((0.,0.05000000074505806,0.));
#5335=IFCDIRECTION((0.,-1.,0.));
#5336=IFCDIRECTION((1.,0.,0.));
#5337=IFCAXIS2PLACEMENT3D(#5334,#5335,#5336);
#5338=IFCDIRECTION((0.,0.,-1.));
#5339=IFCEXTRUDEDAREASOLID(#5333,#5337,#5338,0.040000000968575478);
#5340=IFCCARTESIANPOINTLIST2D(((0.,0.),(0.63039166852831841,0.),(0.63039166852831841,0.84999997541308403),(0.,0.84999997541308403)));
#5341=IFCINDEXEDPOLYCURVE(#5340,(IFCLINEINDEX((1,2,3,4,1))),$);
#5342=IFCCARTESIANPOINTLIST2D(((0.035000000149011612,0.035000000149011612),(0.59539166837930679,0.035000000149011612),(0.59539166837930679,0.81499997526407242),(0.035000000149011612,0.81499997526407242)));
#5343=IFCINDEXEDPOLYCURVE(#5342,(IFCLINEINDEX((1,2,3,4,1))),$);
#5344=IFCARBITRARYPROFILEDEFWITHVOIDS(.AREA.,$,#5341,(#5343));
#5345=IFCCARTESIANPOINT((0.02500000037252903,0.090000001713633537,0.02500000037252903));
#5346=IFCDIRECTION((0.,-1.,0.));
#5347=IFCDIRECTION((1.,0.,0.));
#5348=IFCAXIS2PLACEMENT3D(#5345,#5346,#5347);
#5349=IFCDIRECTION((0.,0.,-1.));
#5350=IFCEXTRUDEDAREASOLID(#5344,#5348,#5349,0.035000000149011612);
#5351=IFCINDEXEDPOLYCURVE(#5352,(IFCLINEINDEX((1,2,3,4,1))),$);
#5352=IFCCARTESIANPOINTLIST2D(((0.035000000149011612,0.035000000149011612),(0.59539166837930679,0.035000000149011612),(0.59539166837930679,0.81499997526407242),(0.035000000149011612,0.81499997526407242)));
#5353=IFCARBITRARYCLOSEDPROFILEDEF(.AREA.,$,#5351);
#5354=IFCCARTESIANPOINT((0.02500000037252903,0.10250000178813934,0.02500000037252903));
#5355=IFCDIRECTION((0.,-1.,0.));
#5356=IFCDIRECTION((1.,0.,0.));
#5357=IFCAXIS2PLACEMENT3D(#5354,#5355,#5356);
#5358=IFCDIRECTION((0.,0.,-1.));
#5359=IFCEXTRUDEDAREASOLID(#5353,#5357,#5358,0.01);
#5360=IFCSHAPEREPRESENTATION(#11,'Body','SweptSolid',(#5328,#5339,#5350,#5359));
#5361=IFCCARTESIANPOINTLIST2D(((0.05000000074505806,0.05000000074505806),(0.63039166852831841,0.05000000074505806)));
#5362=IFCINDEXEDPOLYCURVE(#5361,$,$);
#5363=IFCCARTESIANPOINTLIST2D(((0.,0.10000000149011612),(0.02500000037252903,0.10000000149011612),(0.02500000037252903,0.090000001713633537),(0.05000000074505806,0.090000001713633537),(0.05000000074505806,0.05000000074505806),(0.,0.05000000074505806)));
#5364=IFCINDEXEDPOLYCURVE(#5363,(IFCLINEINDEX((1,2,3,4,5,6,1))),$);
#5365=IFCCARTESIANPOINTLIST2D(((0.68039166927337646,0.10000000149011612),(0.65539166890084743,0.10000000149011612),(0.65539166890084743,0.090000001713633537),(0.63039166852831841,0.090000001713633537),(0.63039166852831841,0.05000000074505806),(0.68039166927337646,0.05000000074505806)));
#5366=IFCINDEXEDPOLYCURVE(#5365,(IFCLINEINDEX((1,2,3,4,5,6,1))),$);
#5367=IFCCARTESIANPOINTLIST2D(((0.02500000037252903,0.090000001713633537),(0.060000000521540642,0.090000001713633537),(0.060000000521540642,0.12500000186264515),(0.02500000037252903,0.12500000186264515)));
#5368=IFCINDEXEDPOLYCURVE(#5367,(IFCLINEINDEX((1,2,3,4,1))),$);
#5369=IFCINDEXEDPOLYCURVE(#5370,(IFCLINEINDEX((1,2,3,4,1))),$);
#5370=IFCCARTESIANPOINTLIST2D(((0.65539166890084743,0.090000001713633537),(0.62039166875183582,0.090000001713633537),(0.62039166875183582,0.12500000186264515),(0.65539166890084743,0.12500000186264515)));
#5371=IFCCARTESIANPOINTLIST2D(((0.060000000521540642,0.090000001713633537),(0.62039166875183582,0.090000001713633537)));
#5372=IFCINDEXEDPOLYCURVE(#5371,$,$);
#5373=IFCINDEXEDPOLYCURVE(#5374,$,$);
#5374=IFCCARTESIANPOINTLIST2D(((0.060000000521540642,0.12500000186264515),(0.62039166875183582,0.12500000186264515)));
#5375=IFCINDEXEDPOLYCURVE(#5376,$,$);
#5376=IFCCARTESIANPOINTLIST2D(((0.060000000521540642,0.10750000178813934),(0.62039166875183582,0.10750000178813934)));
#5377=IFCSHAPEREPRESENTATION(#24,'Body','Curve2D',(#5362,#5364,#5366,#5368,#5369,#5372,#5373,#5375));
#5378=IFCCARTESIANPOINTLIST2D(((0.,0.),(0.68039166927337646,0.),(0.68039166927337646,0.89999997615814209),(0.,0.89999997615814209)));
#5379=IFCINDEXEDPOLYCURVE(#5378,(IFCLINEINDEX((1,2,3,4,1))),$);
#5380=IFCARBITRARYCLOSEDPROFILEDEF(.AREA.,$,#5379);
#5381=IFCCARTESIANPOINT((0.,-0.60000002384185791,0.));
#5382=IFCDIRECTION((0.,-1.,0.));
#5383=IFCDIRECTION((1.,0.,0.));
#5384=IFCAXIS2PLACEMENT3D(#5381,#5382,#5383);
#5385=IFCDIRECTION((0.,0.,-1.));
#5386=IFCEXTRUDEDAREASOLID(#5380,#5384,#5385,1.2);
#5387=IFCSHAPEREPRESENTATION(#11,'Body','SweptSolid',(#5386));
#5393=IFCCARTESIANPOINT((3.0628647518063996,1.437690262839908E-06,1.));
#5394=IFCDIRECTION((0.,0.,1.));
#5395=IFCDIRECTION((0.99999999999999289,1.1920928244535129E-07,0.));
#5396=IFCAXIS2PLACEMENT3D(#5393,#5394,#5395);
#5397=IFCLOCALPLACEMENT(#508,#5396);
#5398=IFCCARTESIANPOINT((0.,0.,0.));
#5399=IFCDIRECTION((0.,0.,1.));
#5400=IFCDIRECTION((1.,0.,0.));
#5401=IFCAXIS2PLACEMENT3D(#5398,#5399,#5400);
#5402=IFCLOCALPLACEMENT(#5397,#5401);
#5403=IFCRELCONNECTSPATHELEMENTS('0puybQZZD5GBzgGUa0tCuS',$,$,$,$,#203,#127,(),(),.ATEND.,.ATSTART.);
#5404=IFCCARTESIANPOINTLIST2D(((0.,0.),(0.099999998807512466,0.10000000000000001),(3.2999988587576961,0.10000000000000001),(3.3999988750497652,0.)));
#5405=IFCINDEXEDPOLYCURVE(#5404,(IFCLINEINDEX((1,2,3,4,1))),$);
#5406=IFCARBITRARYCLOSEDPROFILEDEF(.AREA.,$,#5405);
#5407=IFCCARTESIANPOINT((0.,0.,0.));
#5408=IFCDIRECTION((0.,0.,1.));
#5409=IFCDIRECTION((1.,0.,0.));
#5410=IFCAXIS2PLACEMENT3D(#5407,#5408,#5409);
#5411=IFCDIRECTION((0.,0.,1.));
#5412=IFCEXTRUDEDAREASOLID(#5406,#5410,#5411,3.);
#5413=IFCSHAPEREPRESENTATION(#11,'Body','SweptSolid',(#5412));
#5414=IFCCARTESIANPOINTLIST2D(((0.,0.),(3.3999988750497652,0.)));
#5415=IFCINDEXEDPOLYCURVE(#5414,$,$);
#5416=IFCSHAPEREPRESENTATION(#23,'Axis','Curve2D',(#5415));
#5417=IFCCARTESIANPOINT((4.2174775318185285,6.4999322891236417,0.));
#5418=IFCDIRECTION((0.,0.,1.));
#5419=IFCDIRECTION((-0.99999999999999623,8.7422776573475527E-08,0.));
#5420=IFCAXIS2PLACEMENT3D(#5417,#5418,#5419);
#5421=IFCLOCALPLACEMENT(#79,#5420);
#5422=IFCCARTESIANPOINTLIST2D(((0.,0.),(0.099999992450210157,0.10000000000000001),(9.0000003826623463,0.10000000000000001),(9.100000381469858,0.)));
#5423=IFCINDEXEDPOLYCURVE(#5422,(IFCLINEINDEX((1,2,3,4,1))),$);
#5424=IFCARBITRARYCLOSEDPROFILEDEF(.AREA.,$,#5423);
#5425=IFCCARTESIANPOINT((0.,0.,0.));
#5426=IFCDIRECTION((0.,0.,1.));
#5427=IFCDIRECTION((1.,0.,0.));
#5428=IFCAXIS2PLACEMENT3D(#5425,#5426,#5427);
#5429=IFCDIRECTION((0.,0.,1.));
#5430=IFCEXTRUDEDAREASOLID(#5424,#5428,#5429,3.);
#5431=IFCSHAPEREPRESENTATION(#11,'Body','SweptSolid',(#5430));
#5432=IFCCARTESIANPOINTLIST2D(((0.,0.),(9.100000381469858,0.)));
#5433=IFCINDEXEDPOLYCURVE(#5432,$,$);
#5434=IFCSHAPEREPRESENTATION(#23,'Axis','Curve2D',(#5433));
#5435=IFCWINDOWTYPE('3AUDmrAQzDNR4VaZLQYSds',$,'Master''s-2F',$,$,(#5436),(#5438,#5446,#5494),$,$,.WINDOW.,.SINGLE_PANEL.,$,$);
#5436=IFCPROPERTYSET('0eiaUhWbr6kR12oVjhZ_H6',$,'BBIM_Window',$,(#5437));
#5437=IFCPROPERTYSINGLEVALUE('Data',$,IFCTEXT('{"window_type": "SINGLE_PANEL", "overall_height": 0.8999999761581421, "overall_width": 0.6453529596328735, "lining_properties": {"lining_depth": 0.05000000074505806, "lining_thickness": 0.05000000074505806, "lining_offset": 0.05000000074505806, "lining_to_panel_offset_x": 0.02500000037252903, "lining_to_panel_offset_y": 0.02500000037252903}, "panel_properties": {"frame_depth": [0.03500000014901161, 0.03500000014901161, 0.03500000014901161], "frame_thickness": [0.03500000014901161, 0.03500000014901161, 0.03500000014901161]}}'),$);
#5438=IFCREPRESENTATIONMAP(#5439,#5443);
#5439=IFCAXIS2PLACEMENT3D(#5440,#5441,#5442);
#5440=IFCCARTESIANPOINT((0.,0.,0.));
#5441=IFCDIRECTION((0.,0.,1.));
#5442=IFCDIRECTION((1.,0.,0.));
#5443=IFCSHAPEREPRESENTATION(#18,'Profile','Curve3D',(#5444));
#5444=IFCINDEXEDPOLYCURVE(#5445,(IFCLINEINDEX((1,2,3,4,1))),$);
#5445=IFCCARTESIANPOINTLIST3D(((0.,0.,0.),(0.64535295963287354,0.,0.),(0.64535295963287354,0.,0.89999997615814209),(0.,0.,0.89999997615814209)));
#5446=IFCREPRESENTATIONMAP(#5447,#5451);
#5447=IFCAXIS2PLACEMENT3D(#5448,#5449,#5450);
#5448=IFCCARTESIANPOINT((0.,0.,0.));
#5449=IFCDIRECTION((0.,0.,1.));
#5450=IFCDIRECTION((1.,0.,0.));
#5451=IFCSHAPEREPRESENTATION(#11,'Body','SweptSolid',(#5452,#5463,#5474,#5485));
#5452=IFCEXTRUDEDAREASOLID(#5453,#5458,#5462,0.0099999997764825821);
#5453=IFCARBITRARYPROFILEDEFWITHVOIDS(.AREA.,$,#5454,(#5456));
#5454=IFCINDEXEDPOLYCURVE(#5455,(IFCLINEINDEX((1,2,3,4,1))),$);
#5455=IFCCARTESIANPOINTLIST2D(((0.,0.),(0.64535295963287354,0.),(0.64535295963287354,0.89999997615814209),(0.,0.89999997615814209)));
#5456=IFCINDEXEDPOLYCURVE(#5457,(IFCLINEINDEX((1,2,3,4,1))),$);
#5457=IFCCARTESIANPOINTLIST2D(((0.02500000037252903,0.02500000037252903),(0.62035295926034451,0.02500000037252903),(0.62035295926034451,0.87499997578561306),(0.02500000037252903,0.87499997578561306)));
#5458=IFCAXIS2PLACEMENT3D(#5459,#5460,#5461);
#5459=IFCCARTESIANPOINT((0.,0.090000001713633537,0.));
#5460=IFCDIRECTION((0.,-1.,0.));
#5461=IFCDIRECTION((1.,0.,0.));
#5462=IFCDIRECTION((0.,0.,-1.));
#5463=IFCEXTRUDEDAREASOLID(#5464,#5469,#5473,0.040000000968575478);
#5464=IFCARBITRARYPROFILEDEFWITHVOIDS(.AREA.,$,#5465,(#5467));
#5465=IFCINDEXEDPOLYCURVE(#5466,(IFCLINEINDEX((1,2,3,4,1))),$);
#5466=IFCCARTESIANPOINTLIST2D(((0.,0.),(0.64535295963287354,0.),(0.64535295963287354,0.89999997615814209),(0.,0.89999997615814209)));
#5467=IFCINDEXEDPOLYCURVE(#5468,(IFCLINEINDEX((1,2,3,4,1))),$);
#5468=IFCCARTESIANPOINTLIST2D(((0.05000000074505806,0.05000000074505806),(0.59535295888781548,0.05000000074505806),(0.59535295888781548,0.84999997541308403),(0.05000000074505806,0.84999997541308403)));
#5469=IFCAXIS2PLACEMENT3D(#5470,#5471,#5472);
#5470=IFCCARTESIANPOINT((0.,0.05000000074505806,0.));
#5471=IFCDIRECTION((0.,-1.,0.));
#5472=IFCDIRECTION((1.,0.,0.));
#5473=IFCDIRECTION((0.,0.,-1.));
#5474=IFCEXTRUDEDAREASOLID(#5475,#5480,#5484,0.035000000149011612);
#5475=IFCARBITRARYPROFILEDEFWITHVOIDS(.AREA.,$,#5476,(#5478));
#5476=IFCINDEXEDPOLYCURVE(#5477,(IFCLINEINDEX((1,2,3,4,1))),$);
#5477=IFCCARTESIANPOINTLIST2D(((0.,0.),(0.59535295888781548,0.),(0.59535295888781548,0.84999997541308403),(0.,0.84999997541308403)));
#5478=IFCINDEXEDPOLYCURVE(#5479,(IFCLINEINDEX((1,2,3,4,1))),$);
#5479=IFCCARTESIANPOINTLIST2D(((0.035000000149011612,0.035000000149011612),(0.56035295873880386,0.035000000149011612),(0.56035295873880386,0.81499997526407242),(0.035000000149011612,0.81499997526407242)));
#5480=IFCAXIS2PLACEMENT3D(#5481,#5482,#5483);
#5481=IFCCARTESIANPOINT((0.02500000037252903,0.090000001713633537,0.02500000037252903));
#5482=IFCDIRECTION((0.,-1.,0.));
#5483=IFCDIRECTION((1.,0.,0.));
#5484=IFCDIRECTION((0.,0.,-1.));
#5485=IFCEXTRUDEDAREASOLID(#5486,#5489,#5493,0.01);
#5486=IFCARBITRARYCLOSEDPROFILEDEF(.AREA.,$,#5487);
#5487=IFCINDEXEDPOLYCURVE(#5488,(IFCLINEINDEX((1,2,3,4,1))),$);
#5488=IFCCARTESIANPOINTLIST2D(((0.035000000149011612,0.035000000149011612),(0.56035295873880386,0.035000000149011612),(0.56035295873880386,0.81499997526407242),(0.035000000149011612,0.81499997526407242)));
#5489=IFCAXIS2PLACEMENT3D(#5490,#5491,#5492);
#5490=IFCCARTESIANPOINT((0.02500000037252903,0.10250000178813934,0.02500000037252903));
#5491=IFCDIRECTION((0.,-1.,0.));
#5492=IFCDIRECTION((1.,0.,0.));
#5493=IFCDIRECTION((0.,0.,-1.));
#5494=IFCREPRESENTATIONMAP(#5495,#5499);
#5495=IFCAXIS2PLACEMENT3D(#5496,#5497,#5498);
#5496=IFCCARTESIANPOINT((0.,0.,0.));
#5497=IFCDIRECTION((0.,0.,1.));
#5498=IFCDIRECTION((1.,0.,0.));
#5499=IFCSHAPEREPRESENTATION(#24,'Body','Curve2D',(#5500,#5502,#5504,#5506,#5508,#5510,#5512,#5514));
#5500=IFCINDEXEDPOLYCURVE(#5501,$,$);
#5501=IFCCARTESIANPOINTLIST2D(((0.05000000074505806,0.05000000074505806),(0.59535295888781548,0.05000000074505806)));
#5502=IFCINDEXEDPOLYCURVE(#5503,(IFCLINEINDEX((1,2,3,4,5,6,1))),$);
#5503=IFCCARTESIANPOINTLIST2D(((0.,0.10000000149011612),(0.02500000037252903,0.10000000149011612),(0.02500000037252903,0.090000001713633537),(0.05000000074505806,0.090000001713633537),(0.05000000074505806,0.05000000074505806),(0.,0.05000000074505806)));
#5504=IFCINDEXEDPOLYCURVE(#5505,(IFCLINEINDEX((1,2,3,4,5,6,1))),$);
#5505=IFCCARTESIANPOINTLIST2D(((0.64535295963287354,0.10000000149011612),(0.62035295926034451,0.10000000149011612),(0.62035295926034451,0.090000001713633537),(0.59535295888781548,0.090000001713633537),(0.59535295888781548,0.05000000074505806),(0.64535295963287354,0.05000000074505806)));
#5506=IFCINDEXEDPOLYCURVE(#5507,(IFCLINEINDEX((1,2,3,4,1))),$);
#5507=IFCCARTESIANPOINTLIST2D(((0.02500000037252903,0.090000001713633537),(0.060000000521540642,0.090000001713633537),(0.060000000521540642,0.12500000186264515),(0.02500000037252903,0.12500000186264515)));
#5508=IFCINDEXEDPOLYCURVE(#5509,(IFCLINEINDEX((1,2,3,4,1))),$);
#5509=IFCCARTESIANPOINTLIST2D(((0.62035295926034451,0.090000001713633537),(0.58535295911133289,0.090000001713633537),(0.58535295911133289,0.12500000186264515),(0.62035295926034451,0.12500000186264515)));
#5510=IFCINDEXEDPOLYCURVE(#5511,$,$);
#5511=IFCCARTESIANPOINTLIST2D(((0.060000000521540642,0.090000001713633537),(0.58535295911133289,0.090000001713633537)));
#5512=IFCINDEXEDPOLYCURVE(#5513,$,$);
#5513=IFCCARTESIANPOINTLIST2D(((0.060000000521540642,0.12500000186264515),(0.58535295911133289,0.12500000186264515)));
#5514=IFCINDEXEDPOLYCURVE(#5515,$,$);
#5515=IFCCARTESIANPOINTLIST2D(((0.060000000521540642,0.10750000178813934),(0.58535295911133289,0.10750000178813934)));
#5516=IFCDOORTYPE('1b7H7KOo98DgkZ$bWP$rwn',$,'Master''s-2F',$,$,(#5517),(#5519,#5527,#5605),$,$,.DOOR.,.SINGLE_SWING_LEFT.,$,$);
#5517=IFCPROPERTYSET('31wQZFmZD5lQP_4Odowcnm',$,'BBIM_Door',$,(#5518));
#5518=IFCPROPERTYSINGLEVALUE('Data',$,IFCTEXT('{"door_type": "SINGLE_SWING_RIGHT", "overall_height": 2.0, "overall_width": 0.9820618629455566, "lining_properties": {"lining_depth": 0.05000000074505806, "lining_thickness": 0.05000000074505806, "lining_offset": 0.0, "lining_to_panel_offset_x": 0.02500000037252903, "lining_to_panel_offset_y": 0.02500000037252903, "transom_thickness": 0.0, "casing_thickness": 0.07500000298023224, "casing_depth": 0.004999999888241291, "threshold_thickness": 0.02500000037252903, "threshold_depth": 0.10000000149011612, "threshold_offset": 0.0}, "panel_properties": {"panel_depth": 0.03500000014901161, "panel_width_ratio": 1.0}}'),$);
#5519=IFCREPRESENTATIONMAP(#5520,#8408);
#5520=IFCAXIS2PLACEMENT3D(#5521,#5522,#5523);
#5521=IFCCARTESIANPOINT((0.,0.,0.));
#5522=IFCDIRECTION((0.,0.,1.));
#5523=IFCDIRECTION((1.,0.,0.));
#5527=IFCREPRESENTATIONMAP(#5528,#8481);
#5528=IFCAXIS2PLACEMENT3D(#5529,#5530,#5531);
#5529=IFCCARTESIANPOINT((0.,0.,0.));
#5530=IFCDIRECTION((0.,0.,1.));
#5531=IFCDIRECTION((1.,0.,0.));
#5605=IFCREPRESENTATIONMAP(#5606,#8499);
#5606=IFCAXIS2PLACEMENT3D(#5607,#5608,#5609);
#5607=IFCCARTESIANPOINT((0.,0.,0.));
#5608=IFCDIRECTION((0.,0.,1.));
#5609=IFCDIRECTION((1.,0.,0.));
#6104=IFCWALL('3FNhYTT8j5vwvLMMsefoOV',$,'Wall',$,$,#18882,#6111,$,$);
#6105=IFCRELCONTAINEDINSPATIALSTRUCTURE('3_PbLFkdr9hhWStJNghRFb',$,$,$,(#6523,#14565,#6448,#12070,#12847,#12443,#10874,#11697,#10976,#6223,#8896,#8326,#14711,#6143,#14197,#6373,#15579,#6835,#6298,#6947,#6663,#6104,#6588,#11175,#11385,#8789,#10370),#39);
#6106=IFCMATERIALLAYERSETUSAGE(#82,.AXIS2.,.POSITIVE.,0.,$);
#6107=IFCRELASSOCIATESMATERIAL('1V0Dagkf1DBQs2e304l307',$,$,$,(#6104),#6106);
#6111=IFCPRODUCTDEFINITIONSHAPE($,$,(#8890,#8887));
#6127=IFCPROPERTYSET('2Tmg1EzUL32wFGLeesYTtR',$,'EPset_Parametric',$,(#6129));
#6128=IFCRELDEFINESBYPROPERTIES('2I_2RWw$z5U9iLDnkzGhWK',$,$,$,(#6104),#6127);
#6129=IFCPROPERTYSINGLEVALUE('Engine',$,IFCLABEL('Bonsai.DumbLayer2'),$);
#6143=IFCWALL('002Y2v2a53gRCyColxMnTM',$,'Wall',$,$,#18887,#6149,$,$);
#6144=IFCMATERIALLAYERSETUSAGE(#82,.AXIS2.,.POSITIVE.,0.,$);
#6145=IFCRELASSOCIATESMATERIAL('3ydKjwSkfECwEJxx0CE6bP',$,$,$,(#6143),#6144);
#6149=IFCPRODUCTDEFINITIONSHAPE($,$,(#11276,#11273));
#6165=IFCPROPERTYSET('1BxQcfAPDAKhs2je5gNzKR',$,'EPset_Parametric',$,(#6167));
#6166=IFCRELDEFINESBYPROPERTIES('2n$vhFW5j3S9i1yarZbSpr',$,$,$,(#6143),#6165);
#6167=IFCPROPERTYSINGLEVALUE('Engine',$,IFCLABEL('Bonsai.DumbLayer2'),$);
#6191=IFCRELCONNECTSPATHELEMENTS('3Y0UeX9Z5FFQO1iDWLVwfa',$,$,$,$,#6143,#6104,(),(),.ATEND.,.ATSTART.);
#6223=IFCWALL('2Wx5i0SFfCGxi3RBC0Cual',$,'Wall',$,$,#18892,#6229,$,$);
#6224=IFCMATERIALLAYERSETUSAGE(#82,.AXIS2.,.POSITIVE.,0.,$);
#6225=IFCRELASSOCIATESMATERIAL('1sXvuzBYL6Ih_K5KlTubo6',$,$,$,(#6223),#6224);
#6229=IFCPRODUCTDEFINITIONSHAPE($,$,(#6372,#6369));
#6245=IFCPROPERTYSET('3Lb9d0$5jC$A2um1xlyBBA',$,'EPset_Parametric',$,(#6247));
#6246=IFCRELDEFINESBYPROPERTIES('2utOUzkvDBgvRiEcL9aQwz',$,$,$,(#6223),#6245);
#6247=IFCPROPERTYSINGLEVALUE('Engine',$,IFCLABEL('Bonsai.DumbLayer2'),$);
#6266=IFCRELCONNECTSPATHELEMENTS('3bKNuhIfL3LguQWyYvWJ6R',$,$,$,$,#6223,#6143,(),(),.ATEND.,.ATSTART.);
#6298=IFCWALL('3ZpDtcJKPA9RJ4nMSdgHTe',$,'Wall',$,$,#18897,#6304,$,$);
#6299=IFCMATERIALLAYERSETUSAGE(#82,.AXIS2.,.POSITIVE.,0.,$);
#6300=IFCRELASSOCIATESMATERIAL('23Y0VWsb5AIwrJsLEGvBsI',$,$,$,(#6298),#6299);
#6304=IFCPRODUCTDEFINITIONSHAPE($,$,(#6447,#6444));
#6320=IFCPROPERTYSET('1u3LphYI13h9B550fCvoRg',$,'EPset_Parametric',$,(#6322));
#6321=IFCRELDEFINESBYPROPERTIES('1QCwSw4Aj2wxT2cbIfIcpZ',$,$,$,(#6298),#6320);
#6322=IFCPROPERTYSINGLEVALUE('Engine',$,IFCLABEL('Bonsai.DumbLayer2'),$);
#6341=IFCRELCONNECTSPATHELEMENTS('3OJbDg7yvAr8zhRdHvf4TT',$,$,$,$,#6298,#6223,(),(),.ATEND.,.ATSTART.);
#6360=IFCCARTESIANPOINTLIST2D(((0.,0.),(-0.099999956687431682,0.10000000000000001),(2.2706456994883437,0.10000000000000001),(2.1706456172342952,0.)));
#6361=IFCINDEXEDPOLYCURVE(#6360,(IFCLINEINDEX((1,2,3,4,1))),$);
#6362=IFCARBITRARYCLOSEDPROFILEDEF(.AREA.,$,#6361);
#6363=IFCCARTESIANPOINT((0.,0.,0.));
#6364=IFCDIRECTION((0.,0.,1.));
#6365=IFCDIRECTION((1.,0.,0.));
#6366=IFCAXIS2PLACEMENT3D(#6363,#6364,#6365);
#6367=IFCDIRECTION((0.,0.,1.));
#6368=IFCEXTRUDEDAREASOLID(#6362,#6366,#6367,3.);
#6369=IFCSHAPEREPRESENTATION(#11,'Body','SweptSolid',(#6368));
#6370=IFCCARTESIANPOINTLIST2D(((0.,0.),(2.1706456172342952,0.)));
#6371=IFCINDEXEDPOLYCURVE(#6370,$,$);
#6372=IFCSHAPEREPRESENTATION(#23,'Axis','Curve2D',(#6371));
#6373=IFCWALL('25t41ZMxbBH9ZNc8kefmpO',$,'Wall',$,$,#18902,#6379,$,$);
#6374=IFCMATERIALLAYERSETUSAGE(#82,.AXIS2.,.POSITIVE.,0.,$);
#6375=IFCRELASSOCIATESMATERIAL('0KU4huq4z7nOgWZ5LlPmRz',$,$,$,(#6373),#6374);
#6379=IFCPRODUCTDEFINITIONSHAPE($,$,(#8285,#8282));
#6395=IFCPROPERTYSET('3Mw75NHt15xB4cMxSAxSox',$,'EPset_Parametric',$,(#6397));
#6396=IFCRELDEFINESBYPROPERTIES('3$BP_1gpXBWhrC9AQDY4rm',$,$,$,(#6373),#6395);
#6397=IFCPROPERTYSINGLEVALUE('Engine',$,IFCLABEL('Bonsai.DumbLayer2'),$);
#6416=IFCRELCONNECTSPATHELEMENTS('1Stg398Rr6aA6wLz$_PDaU',$,$,$,$,#6373,#6298,(),(),.ATEND.,.ATSTART.);
#6435=IFCCARTESIANPOINTLIST2D(((0.,0.),(-0.10000008225404827,0.10000000000000001),(0.78649322820937584,0.10000000000000001),(0.88649331046342406,0.)));
#6436=IFCINDEXEDPOLYCURVE(#6435,(IFCLINEINDEX((1,2,3,4,1))),$);
#6437=IFCARBITRARYCLOSEDPROFILEDEF(.AREA.,$,#6436);
#6438=IFCCARTESIANPOINT((0.,0.,0.));
#6439=IFCDIRECTION((0.,0.,1.));
#6440=IFCDIRECTION((1.,0.,0.));
#6441=IFCAXIS2PLACEMENT3D(#6438,#6439,#6440);
#6442=IFCDIRECTION((0.,0.,1.));
#6443=IFCEXTRUDEDAREASOLID(#6437,#6441,#6442,3.);
#6444=IFCSHAPEREPRESENTATION(#11,'Body','SweptSolid',(#6443));
#6445=IFCCARTESIANPOINTLIST2D(((0.,0.),(0.88649331046342406,0.)));
#6446=IFCINDEXEDPOLYCURVE(#6445,$,$);
#6447=IFCSHAPEREPRESENTATION(#23,'Axis','Curve2D',(#6446));
#6448=IFCWALL('3cye892Aj8EgXKnTRDINDK',$,'Wall',$,$,#18907,#6454,$,$);
#6449=IFCMATERIALLAYERSETUSAGE(#82,.AXIS2.,.POSITIVE.,0.,$);
#6450=IFCRELASSOCIATESMATERIAL('3LsR_Ylnf4V9sPjWqmC_Dm',$,$,$,(#6448),#6449);
#6454=IFCPRODUCTDEFINITIONSHAPE($,$,(#8312,#8309));
#6470=IFCPROPERTYSET('1SWxIyYIfE$wNHZ16kW6IZ',$,'EPset_Parametric',$,(#6472));
#6471=IFCRELDEFINESBYPROPERTIES('0vIp9VBr5FnfxIBWOOqdn_',$,$,$,(#6448),#6470);
#6472=IFCPROPERTYSINGLEVALUE('Engine',$,IFCLABEL('Bonsai.DumbLayer2'),$);
#6491=IFCRELCONNECTSPATHELEMENTS('3gtGZFTCT8ER7UvLVynYg6',$,$,$,$,#6448,#6373,(),(),.ATEND.,.ATSTART.);
#6523=IFCWALL('2_jFDY8JbCYBn54cyQzMjx',$,'Wall',$,$,#18912,#6529,$,$);
#6524=IFCMATERIALLAYERSETUSAGE(#82,.AXIS2.,.POSITIVE.,0.,$);
#6525=IFCRELASSOCIATESMATERIAL('0kLwL18EjEyAA$sFvRlFGm',$,$,$,(#6523),#6524);
#6529=IFCPRODUCTDEFINITIONSHAPE($,$,(#8325,#8322));
#6545=IFCPROPERTYSET('24VciORw59mxUwqUOhn4mV',$,'EPset_Parametric',$,(#6547));
#6546=IFCRELDEFINESBYPROPERTIES('3kSHSLuiX4zepwjJuzjeJp',$,$,$,(#6523),#6545);
#6547=IFCPROPERTYSINGLEVALUE('Engine',$,IFCLABEL('Bonsai.DumbLayer2'),$);
#6588=IFCWALL('2N8F83Dyb1bv6LbCTw_oVZ',$,'Wall',$,$,#18917,#6594,$,$);
#6589=IFCMATERIALLAYERSETUSAGE(#82,.AXIS2.,.POSITIVE.,0.,$);
#6590=IFCRELASSOCIATESMATERIAL('2xANv4ur59tx$xwZRoi1f0',$,$,$,(#6588),#6589);
#6594=IFCPRODUCTDEFINITIONSHAPE($,$,(#8298,#8295));
#6610=IFCPROPERTYSET('1FbZvi5cjChQnvBZJr0LXh',$,'EPset_Parametric',$,(#6612));
#6611=IFCRELDEFINESBYPROPERTIES('2P1aiMFlb9P9LpEtuFe6vw',$,$,$,(#6588),#6610);
#6612=IFCPROPERTYSINGLEVALUE('Engine',$,IFCLABEL('Bonsai.DumbLayer2'),$);
#6663=IFCWALL('2Gkh1Yann78e4oAdwOkY08',$,'Wall',$,$,#18922,#6669,$,$);
#6664=IFCMATERIALLAYERSETUSAGE(#82,.AXIS2.,.POSITIVE.,0.,$);
#6665=IFCRELASSOCIATESMATERIAL('1E5QuiaZ5BJB3eyMuM0pgK',$,$,$,(#6663),#6664);
#6669=IFCPRODUCTDEFINITIONSHAPE($,$,(#9316,#9313));
#6685=IFCPROPERTYSET('2nsdnQXfH4fe_3nlfPSnp4',$,'EPset_Parametric',$,(#6687));
#6686=IFCRELDEFINESBYPROPERTIES('36ylYPpIv6APKWIaJOr$RB',$,$,$,(#6663),#6685);
#6687=IFCPROPERTYSINGLEVALUE('Engine',$,IFCLABEL('Bonsai.DumbLayer2'),$);
#6835=IFCWALL('3DTRjiHpbDVux_iLwWi0sK',$,'Wall',$,$,#18932,#6841,$,$);
#6836=IFCMATERIALLAYERSETUSAGE(#82,.AXIS2.,.POSITIVE.,0.,$);
#6837=IFCRELASSOCIATESMATERIAL('3zjssYow51lPJb8shl6yq2',$,$,$,(#6835),#6836);
#6841=IFCPRODUCTDEFINITIONSHAPE($,$,(#10948,#10945));
#6857=IFCPROPERTYSET('3ur4MZamv4ag0IvhVZAE21',$,'EPset_Parametric',$,(#6859));
#6858=IFCRELDEFINESBYPROPERTIES('3e8LGTUj17Cua78MDkoKCV',$,$,$,(#6835),#6857);
#6859=IFCPROPERTYSINGLEVALUE('Engine',$,IFCLABEL('Bonsai.DumbLayer2'),$);
#6947=IFCWALL('3mPXnNLpn0xwHX274onsn0',$,'Wall',$,$,#18937,#6953,$,$);
#6948=IFCMATERIALLAYERSETUSAGE(#82,.AXIS2.,.POSITIVE.,0.,$);
#6949=IFCRELASSOCIATESMATERIAL('0IEo16RPrE1xrKTgOHQY0u',$,$,$,(#6947),#6948);
#6953=IFCPRODUCTDEFINITIONSHAPE($,$,(#10760,#10757));
#6969=IFCPROPERTYSET('0nBmVcFsPCvAm05S$zgWUa',$,'EPset_Parametric',$,(#6971));
#6970=IFCRELDEFINESBYPROPERTIES('26HyNv7G1AHwtlFBAASlqh',$,$,$,(#6947),#6969);
#6971=IFCPROPERTYSINGLEVALUE('Engine',$,IFCLABEL('Bonsai.DumbLayer2'),$);
#6990=IFCRELCONNECTSPATHELEMENTS('3D7j_G99T0_eGjFBiHEA6Y',$,$,$,$,#6947,#6588,(),(),.ATPATH.,.ATEND.);
#7713=IFCRELCONNECTSPATHELEMENTS('19PNj5De9C7eO88m4YAMPc',$,$,$,$,#6588,#6663,(),(),.ATSTART.,.ATEND.);
#7750=IFCRELCONNECTSPATHELEMENTS('1pnda8V0D4ihWh$1diTTaU',$,$,$,$,#6588,#6523,(),(),.ATSTART.,.ATSTART.);
#8273=IFCCARTESIANPOINTLIST2D(((0.,0.),(0.10000008225404829,0.10000000000000001),(1.7293546792545165,0.10000000000000001),(1.6293546327632782,0.)));
#8274=IFCINDEXEDPOLYCURVE(#8273,(IFCLINEINDEX((1,2,3,4,1))),$);
#8275=IFCARBITRARYCLOSEDPROFILEDEF(.AREA.,$,#8274);
#8276=IFCCARTESIANPOINT((0.,0.,0.));
#8277=IFCDIRECTION((0.,0.,1.));
#8278=IFCDIRECTION((1.,0.,0.));
#8279=IFCAXIS2PLACEMENT3D(#8276,#8277,#8278);
#8280=IFCDIRECTION((0.,0.,1.));
#8281=IFCEXTRUDEDAREASOLID(#8275,#8279,#8280,3.);
#8282=IFCSHAPEREPRESENTATION(#11,'Body','SweptSolid',(#8281));
#8283=IFCCARTESIANPOINTLIST2D(((0.,0.),(1.6293546327632782,0.)));
#8284=IFCINDEXEDPOLYCURVE(#8283,$,$);
#8285=IFCSHAPEREPRESENTATION(#23,'Axis','Curve2D',(#8284));
#8286=IFCCARTESIANPOINTLIST2D(((0.10000000000000399,0.),(2.8212997449372778E-08,0.10000000000000001),(7.1115921064226661,0.10000000000000001),(7.0115920543677976,0.)));
#8287=IFCINDEXEDPOLYCURVE(#8286,(IFCLINEINDEX((1,2,3,4,1))),$);
#8288=IFCARBITRARYCLOSEDPROFILEDEF(.AREA.,$,#8287);
#8289=IFCCARTESIANPOINT((0.,0.,0.));
#8290=IFCDIRECTION((0.,0.,1.));
#8291=IFCDIRECTION((1.,0.,0.));
#8292=IFCAXIS2PLACEMENT3D(#8289,#8290,#8291);
#8293=IFCDIRECTION((0.,0.,1.));
#8294=IFCEXTRUDEDAREASOLID(#8288,#8292,#8293,3.);
#8295=IFCSHAPEREPRESENTATION(#11,'Body','SweptSolid',(#8294));
#8296=IFCCARTESIANPOINTLIST2D(((0.,0.),(7.0115920543677976,0.)));
#8297=IFCINDEXEDPOLYCURVE(#8296,$,$);
#8298=IFCSHAPEREPRESENTATION(#23,'Axis','Curve2D',(#8297));
#8299=IFCRELCONNECTSPATHELEMENTS('1mfAjsyMb37AO$gD9$pEcx',$,$,$,$,#6448,#6523,(),(),.ATEND.,.ATEND.);
#8300=IFCCARTESIANPOINTLIST2D(((0.,0.),(-0.10000004649123841,0.10000000000000001),(0.51350674634948901,0.10000000000000001),(0.61350677774114126,0.)));
#8301=IFCINDEXEDPOLYCURVE(#8300,(IFCLINEINDEX((1,2,3,4,1))),$);
#8302=IFCARBITRARYCLOSEDPROFILEDEF(.AREA.,$,#8301);
#8303=IFCCARTESIANPOINT((0.,0.,0.));
#8304=IFCDIRECTION((0.,0.,1.));
#8305=IFCDIRECTION((1.,0.,0.));
#8306=IFCAXIS2PLACEMENT3D(#8303,#8304,#8305);
#8307=IFCDIRECTION((0.,0.,1.));
#8308=IFCEXTRUDEDAREASOLID(#8302,#8306,#8307,2.9999814033508301);
#8309=IFCSHAPEREPRESENTATION(#11,'Body','SweptSolid',(#8308));
#8310=IFCCARTESIANPOINTLIST2D(((0.,0.),(0.51350677774113629,0.)));
#8311=IFCINDEXEDPOLYCURVE(#8310,$,$);
#8312=IFCSHAPEREPRESENTATION(#23,'Axis','Curve2D',(#8311));
#8313=IFCCARTESIANPOINTLIST2D(((-0.100000000000004,0.),(-2.8212997449372781E-08,0.10000000000000001),(3.5000014319188493,0.10000000000000001),(3.4000014005271972,0.)));
#8314=IFCINDEXEDPOLYCURVE(#8313,(IFCLINEINDEX((1,2,3,4,1))),$);
#8315=IFCARBITRARYCLOSEDPROFILEDEF(.AREA.,$,#8314);
#8316=IFCCARTESIANPOINT((0.,0.,0.));
#8317=IFCDIRECTION((0.,0.,1.));
#8318=IFCDIRECTION((1.,0.,0.));
#8319=IFCAXIS2PLACEMENT3D(#8316,#8317,#8318);
#8320=IFCDIRECTION((0.,0.,1.));
#8321=IFCEXTRUDEDAREASOLID(#8315,#8319,#8320,2.9999814033508301);
#8322=IFCSHAPEREPRESENTATION(#11,'Body','SweptSolid',(#8321));
#8323=IFCCARTESIANPOINTLIST2D(((0.,0.),(3.5000014005272022,0.)));
#8324=IFCINDEXEDPOLYCURVE(#8323,$,$);
#8325=IFCSHAPEREPRESENTATION(#23,'Axis','Curve2D',(#8324));
#8326=IFCDOOR('1jJ856hGX8PPkyfn6LSZJl',$,'Door',$,$,#15508,#8335,$,2.,0.98206186294555664,$,.SINGLE_SWING_RIGHT.,$);
#8327=IFCRELDEFINESBYTYPE('04yVpHoLvCEvqzLnJnpqyP',$,$,$,(#8326),#5516);
#8328=IFCCARTESIANPOINT((0.,0.,0.));
#8329=IFCDIRECTION((1.,0.,0.));
#8330=IFCDIRECTION((0.,1.,0.));
#8331=IFCDIRECTION((0.,0.,1.));
#8332=IFCCARTESIANTRANSFORMATIONOPERATOR3D(#8329,#8330,#8328,1.,#8331);
#8333=IFCMAPPEDITEM(#5519,#8332);
#8334=IFCSHAPEREPRESENTATION(#18,'Profile','MappedRepresentation',(#8333));
#8335=IFCPRODUCTDEFINITIONSHAPE($,$,(#8334,#8342,#8349));
#8336=IFCCARTESIANPOINT((0.,0.,0.));
#8337=IFCDIRECTION((1.,0.,0.));
#8338=IFCDIRECTION((0.,1.,0.));
#8339=IFCDIRECTION((0.,0.,1.));
#8340=IFCCARTESIANTRANSFORMATIONOPERATOR3D(#8337,#8338,#8336,1.,#8339);
#8341=IFCMAPPEDITEM(#5527,#8340);
#8342=IFCSHAPEREPRESENTATION(#11,'Body','MappedRepresentation',(#8341));
#8343=IFCCARTESIANPOINT((0.,0.,0.));
#8344=IFCDIRECTION((1.,0.,0.));
#8345=IFCDIRECTION((0.,1.,0.));
#8346=IFCDIRECTION((0.,0.,1.));
#8347=IFCCARTESIANTRANSFORMATIONOPERATOR3D(#8344,#8345,#8343,1.,#8346);
#8348=IFCMAPPEDITEM(#5605,#8347);
#8349=IFCSHAPEREPRESENTATION(#24,'Body','MappedRepresentation',(#8348));
#8350=IFCOPENINGELEMENT('0dZsenponF0vNiRqA5uzX$',$,'Opening',$,$,#8519,#8378,$,.OPENING.);
#8366=IFCCARTESIANPOINT((0.,0.,0.));
#8367=IFCDIRECTION((1.,0.,0.));
#8368=IFCDIRECTION((0.,0.,1.));
#8369=IFCAXIS2PLACEMENT3D(#8366,#8368,#8367);
#8370=IFCREPRESENTATIONMAP(#8369,#8509);
#8371=IFCCARTESIANPOINT((0.,0.,0.));
#8372=IFCDIRECTION((1.,0.,0.));
#8373=IFCDIRECTION((0.,1.,0.));
#8374=IFCDIRECTION((0.,0.,1.));
#8375=IFCCARTESIANTRANSFORMATIONOPERATOR3D(#8372,#8373,#8371,1.,#8374);
#8376=IFCMAPPEDITEM(#8370,#8375);
#8377=IFCSHAPEREPRESENTATION(#11,'Body','MappedRepresentation',(#8376));
#8378=IFCPRODUCTDEFINITIONSHAPE($,$,(#8377));
#8379=IFCRELVOIDSELEMENT('0eH8pSwdv5aOj$cHmkTUdk',$,$,$,#6835,#8350);
#8385=IFCRELFILLSELEMENT('0x19tLVvb8CgHK$xTOyRFa',$,$,$,#8350,#8326);
#8406=IFCCARTESIANPOINTLIST3D(((0.,0.,0.),(0.98206186294555664,0.,0.),(0.98206186294555664,0.,2.),(0.,0.,2.)));
#8407=IFCINDEXEDPOLYCURVE(#8406,(IFCLINEINDEX((1,2,3,4,1))),$);
#8408=IFCSHAPEREPRESENTATION(#18,'Profile','Curve3D',(#8407));
#8409=IFCCARTESIANPOINTLIST2D(((0.,0.),(0.,2.),(0.98206186294555664,2.),(0.98206186294555664,0.),(0.95706186257302761,0.),(0.95706186257302761,1.974999999627471),(0.02500000037252903,1.974999999627471),(0.02500000037252903,0.)));
#8410=IFCINDEXEDPOLYCURVE(#8409,(IFCLINEINDEX((1,2,3,4,5,6,7,8,1))),$);
#8411=IFCARBITRARYCLOSEDPROFILEDEF(.AREA.,$,#8410);
#8412=IFCCARTESIANPOINT((0.,0.02500000037252903,0.));
#8413=IFCDIRECTION((0.,-1.,0.));
#8414=IFCDIRECTION((1.,0.,0.));
#8415=IFCAXIS2PLACEMENT3D(#8412,#8413,#8414);
#8416=IFCDIRECTION((0.,0.,-1.));
#8417=IFCEXTRUDEDAREASOLID(#8411,#8415,#8416,0.02500000037252903);
#8418=IFCCARTESIANPOINTLIST2D(((0.,0.),(0.,2.),(0.98206186294555664,2.),(0.98206186294555664,0.),(0.93206186220049858,0.),(0.93206186220049858,1.9499999992549419),(0.05000000074505806,1.9499999992549419),(0.05000000074505806,0.)));
#8419=IFCINDEXEDPOLYCURVE(#8418,(IFCLINEINDEX((1,2,3,4,5,6,7,8,1))),$);
#8420=IFCARBITRARYCLOSEDPROFILEDEF(.AREA.,$,#8419);
#8421=IFCCARTESIANPOINT((0.,0.,0.));
#8422=IFCDIRECTION((0.,-1.,0.));
#8423=IFCDIRECTION((1.,0.,0.));
#8424=IFCAXIS2PLACEMENT3D(#8421,#8422,#8423);
#8425=IFCDIRECTION((0.,0.,-1.));
#8426=IFCEXTRUDEDAREASOLID(#8420,#8424,#8425,0.02500000037252903);
#8427=IFCCARTESIANPOINTLIST2D(((0.,0.),(0.88206186145544052,0.),(0.88206186145544052,0.10000000149011612),(0.,0.10000000149011612)));
#8428=IFCINDEXEDPOLYCURVE(#8427,(IFCLINEINDEX((1,2,3,4,1))),$);
#8429=IFCARBITRARYCLOSEDPROFILEDEF(.AREA.,$,#8428);
#8430=IFCCARTESIANPOINT((0.05000000074505806,0.,0.));
#8431=IFCDIRECTION((0.,0.,1.));
#8432=IFCDIRECTION((1.,0.,0.));
#8433=IFCAXIS2PLACEMENT3D(#8430,#8431,#8432);
#8434=IFCDIRECTION((0.,0.,1.));
#8435=IFCEXTRUDEDAREASOLID(#8429,#8433,#8434,0.02500000037252903);
#8436=IFCCARTESIANPOINTLIST2D(((0.,0.),(0.,2.0250000022351742),(1.032061867415905,2.0250000022351742),(1.032061867415905,0.),(0.95706186443567276,0.),(0.95706186443567276,1.9499999992549419),(0.075000002980232239,1.9499999992549419),(0.075000002980232239,0.)));
#8437=IFCINDEXEDPOLYCURVE(#8436,(IFCLINEINDEX((1,2,3,4,5,6,7,8,1))),$);
#8438=IFCARBITRARYCLOSEDPROFILEDEF(.AREA.,$,#8437);
#8439=IFCCARTESIANPOINT((-0.025000002235174179,-0.004999999888241291,0.));
#8440=IFCDIRECTION((0.,-1.,0.));
#8441=IFCDIRECTION((1.,0.,0.));
#8442=IFCAXIS2PLACEMENT3D(#8439,#8440,#8441);
#8443=IFCDIRECTION((0.,0.,-1.));
#8444=IFCEXTRUDEDAREASOLID(#8438,#8442,#8443,0.004999999888241291);
#8445=IFCCARTESIANPOINTLIST2D(((0.,0.),(0.,2.0250000022351742),(1.032061867415905,2.0250000022351742),(1.032061867415905,0.),(0.98206186480820179,0.),(0.98206186480820179,1.974999999627471),(0.050000002607703209,1.974999999627471),(0.050000002607703209,0.)));
#8446=IFCINDEXEDPOLYCURVE(#8445,(IFCLINEINDEX((1,2,3,4,5,6,7,8,1))),$);
#8447=IFCARBITRARYCLOSEDPROFILEDEF(.AREA.,$,#8446);
#8448=IFCCARTESIANPOINT((-0.025000002235174179,0.05000000074505806,0.));
#8449=IFCDIRECTION((0.,-1.,0.));
#8450=IFCDIRECTION((1.,0.,0.));
#8451=IFCAXIS2PLACEMENT3D(#8448,#8449,#8450);
#8452=IFCDIRECTION((0.,0.,-1.));
#8453=IFCEXTRUDEDAREASOLID(#8447,#8451,#8452,0.004999999888241291);
#8454=IFCCARTESIANPOINTLIST2D(((0.,0.),(0.93206186220049858,0.),(0.93206186220049858,0.035000000149011612),(0.,0.035000000149011612)));
#8455=IFCINDEXEDPOLYCURVE(#8454,(IFCLINEINDEX((1,2,3,4,1))),$);
#8456=IFCARBITRARYCLOSEDPROFILEDEF(.AREA.,$,#8455);
#8457=IFCCARTESIANPOINT((0.02500000037252903,0.02500000037252903,0.02500000037252903));
#8458=IFCDIRECTION((0.,0.,1.));
#8459=IFCDIRECTION((1.,0.,0.));
#8460=IFCAXIS2PLACEMENT3D(#8457,#8458,#8459);
#8461=IFCDIRECTION((0.,0.,1.));
#8462=IFCEXTRUDEDAREASOLID(#8456,#8460,#8461,1.9499999992549419);
#8463=IFCCARTESIANPOINTLIST2D(((0.,0.),(0.,-0.040000000000000001),(0.12,-0.040000000000000001),(0.12,-0.02),(0.02,-0.02),(0.02,0.)));
#8464=IFCINDEXEDPOLYCURVE(#8463,(IFCLINEINDEX((1,2,3,4,5,6,1))),$);
#8465=IFCARBITRARYCLOSEDPROFILEDEF(.AREA.,$,#8464);
#8466=IFCCARTESIANPOINT((0.075000000372529033,0.02500000037252903,1.015000000372529));
#8467=IFCDIRECTION((0.,0.,1.));
#8468=IFCDIRECTION((1.,0.,0.));
#8469=IFCAXIS2PLACEMENT3D(#8466,#8467,#8468);
#8470=IFCDIRECTION((0.,0.,1.));
#8471=IFCEXTRUDEDAREASOLID(#8465,#8469,#8470,0.02);
#8472=IFCEXTRUDEDAREASOLID(#8473,#8476,#8480,0.02);
#8473=IFCARBITRARYCLOSEDPROFILEDEF(.AREA.,$,#8474);
#8474=IFCINDEXEDPOLYCURVE(#8475,(IFCLINEINDEX((1,2,3,4,5,6,1))),$);
#8475=IFCCARTESIANPOINTLIST2D(((0.,0.),(0.,0.040000000000000008),(0.11999999999999998,0.040000000000000008),(0.11999999999999998,0.020000000000000004),(0.020000000000000004,0.020000000000000004),(0.020000000000000004,0.)));
#8476=IFCAXIS2PLACEMENT3D(#8477,#8478,#8479);
#8477=IFCCARTESIANPOINT((0.075000000372529033,0.060000000521540642,1.015000000372529));
#8478=IFCDIRECTION((0.,0.,1.));
#8479=IFCDIRECTION((1.,0.,0.));
#8480=IFCDIRECTION((0.,0.,1.));
#8481=IFCSHAPEREPRESENTATION(#11,'Body','SweptSolid',(#8417,#8426,#8462,#8471,#8472,#8435,#8444,#8453));
#8482=IFCSHAPEREPRESENTATION(#11,'Body','SweptSolid',(#8417,#8426,#8435,#8444,#8453));
#8483=IFCSHAPEASPECT((#8482),'Lining',$,.T.,#8335);
#8484=IFCSHAPEREPRESENTATION(#11,'Body','SweptSolid',(#8462,#8471,#8472));
#8485=IFCSHAPEASPECT((#8484),'Framing',$,.T.,#8335);
#8486=IFCCARTESIANPOINTLIST2D(((0.,0.),(0.,0.05000000074505806),(0.02500000037252903,0.05000000074505806),(0.02500000037252903,0.02500000037252903),(0.05000000074505806,0.02500000037252903),(0.05000000074505806,0.)));
#8487=IFCINDEXEDPOLYCURVE(#8486,(IFCLINEINDEX((1,2,3,4,5,6,1))),$);
#8488=IFCINDEXEDPOLYCURVE(#8489,(IFCLINEINDEX((1,2,3,4,5,6,1))),$);
#8489=IFCCARTESIANPOINTLIST2D(((0.98206186294555664,0.),(0.98206186294555664,0.05000000074505806),(0.95706186257302761,0.05000000074505806),(0.95706186257302761,0.02500000037252903),(0.93206186220049858,0.02500000037252903),(0.93206186220049858,0.)));
#8490=IFCDIRECTION((1.,0.));
#8491=IFCCARTESIANPOINT((0.922061862424016,0.05000000074505806));
#8492=IFCAXIS2PLACEMENT2D(#8491,#8490);
#8493=IFCELLIPSE(#8492,0.89706186205148697,0.93206186220049858);
#8494=IFCCARTESIANPOINT((0.922061862424016,0.98206186294555664));
#8495=IFCCARTESIANPOINT((0.02500000037252903,0.05000000074505806));
#8496=IFCTRIMMEDCURVE(#8493,(#8494),(#8495),.T.,.CARTESIAN.);
#8497=IFCCARTESIANPOINTLIST2D(((0.95706186257302761,0.05000000074505806),(0.922061862424016,0.05000000074505806),(0.922061862424016,0.98206186294555664),(0.95706186257302761,0.98206186294555664)));
#8498=IFCINDEXEDPOLYCURVE(#8497,(IFCLINEINDEX((1,2,3,4,1))),$);
#8499=IFCSHAPEREPRESENTATION(#24,'Body','Curve2D',(#8487,#8488,#8496,#8498));
#8500=IFCCARTESIANPOINTLIST2D(((0.,0.),(0.98206186294555664,0.),(0.98206186294555664,2.),(0.,2.)));
#8501=IFCINDEXEDPOLYCURVE(#8500,(IFCLINEINDEX((1,2,3,4,1))),$);
#8502=IFCARBITRARYCLOSEDPROFILEDEF(.AREA.,$,#8501);
#8503=IFCCARTESIANPOINT((0.,-0.60000002384185791,0.));
#8504=IFCDIRECTION((0.,-1.,0.));
#8505=IFCDIRECTION((1.,0.,0.));
#8506=IFCAXIS2PLACEMENT3D(#8503,#8504,#8505);
#8507=IFCDIRECTION((0.,0.,-1.));
#8508=IFCEXTRUDEDAREASOLID(#8502,#8506,#8507,1.2);
#8509=IFCSHAPEREPRESENTATION(#11,'Body','SweptSolid',(#8508));
#8515=IFCCARTESIANPOINT((1.1978207299101304,0.085000049561521185,0.));
#8516=IFCDIRECTION((0.,0.,1.));
#8517=IFCDIRECTION((-0.99999999999999956,3.1786498766447871E-08,0.));
#8518=IFCAXIS2PLACEMENT3D(#8515,#8516,#8517);
#8519=IFCLOCALPLACEMENT(#18932,#8518);
#8789=IFCWALL('0tymXOGon7d8V1WUw6QjOy',$,'Wall',$,$,#18927,#8795,$,$);
#8790=IFCMATERIALLAYERSETUSAGE(#82,.AXIS2.,.POSITIVE.,0.,$);
#8791=IFCRELASSOCIATESMATERIAL('0_lFmWu5vA1fZ0bPo_cLZs',$,$,$,(#8789),#8790);
#8795=IFCPRODUCTDEFINITIONSHAPE($,$,(#9329,#9326));
#8811=IFCPROPERTYSET('0JsZfrZdjFyhq9GjJKHR8N',$,'EPset_Parametric',$,(#8813));
#8812=IFCRELDEFINESBYPROPERTIES('09suy8zcv1hf3Uu46u8fIu',$,$,$,(#8789),#8811);
#8813=IFCPROPERTYSINGLEVALUE('Engine',$,IFCLABEL('Bonsai.DumbLayer2'),$);
#8864=IFCRELCONNECTSPATHELEMENTS('3ykxSpKl1ENe7RhXW4Pfxu',$,$,$,$,#8789,#6104,(),(),.ATSTART.,.ATEND.);
#8878=IFCCARTESIANPOINTLIST2D(((0.,0.),(-0.099999980529283536,0.10000000000000001),(3.900000405185351,0.10000000000000001),(3.8000003769723496,0.)));
#8879=IFCINDEXEDPOLYCURVE(#8878,(IFCLINEINDEX((1,2,3,4,1))),$);
#8880=IFCARBITRARYCLOSEDPROFILEDEF(.AREA.,$,#8879);
#8881=IFCCARTESIANPOINT((0.,0.,0.));
#8882=IFCDIRECTION((0.,0.,1.));
#8883=IFCDIRECTION((1.,0.,0.));
#8884=IFCAXIS2PLACEMENT3D(#8881,#8882,#8883);
#8885=IFCDIRECTION((0.,0.,1.));
#8886=IFCEXTRUDEDAREASOLID(#8880,#8884,#8885,3.);
#8887=IFCSHAPEREPRESENTATION(#11,'Body','SweptSolid',(#8886));
#8888=IFCCARTESIANPOINTLIST2D(((0.,0.),(3.8000003769723496,0.)));
#8889=IFCINDEXEDPOLYCURVE(#8888,$,$);
#8890=IFCSHAPEREPRESENTATION(#23,'Axis','Curve2D',(#8889));
#8896=IFCWALL('13vEJcSK197vL76qawSyyS',$,'Wall',$,$,#18942,#8902,$,$);
#8897=IFCMATERIALLAYERSETUSAGE(#82,.AXIS2.,.POSITIVE.,0.,$);
#8898=IFCRELASSOCIATESMATERIAL('14DjJh37H9386ulVYERFQq',$,$,$,(#8896),#8897);
#8902=IFCPRODUCTDEFINITIONSHAPE($,$,(#11244,#11241));
#8918=IFCPROPERTYSET('2AVlrCGyz5aAWw8jewsaYQ',$,'EPset_Parametric',$,(#8920));
#8919=IFCRELDEFINESBYPROPERTIES('0hjfuId6f1th62_Xb949MC',$,$,$,(#8896),#8918);
#8920=IFCPROPERTYSINGLEVALUE('Engine',$,IFCLABEL('Bonsai.DumbLayer2'),$);
#9303=IFCRELCONNECTSPATHELEMENTS('3X0r8pO7HAPB_kOqXvWVoT',$,$,$,$,#6663,#8789,(),(),.ATSTART.,.ATEND.);
#9304=IFCCARTESIANPOINTLIST2D(((0.,0.),(-0.10000005205486892,0.10000000000000001),(3.4000049535938874,0.10000000000000001),(3.5000049460440983,0.)));
#9305=IFCINDEXEDPOLYCURVE(#9304,(IFCLINEINDEX((1,2,3,4,1))),$);
#9306=IFCARBITRARYCLOSEDPROFILEDEF(.AREA.,$,#9305);
#9307=IFCCARTESIANPOINT((0.,0.,0.));
#9308=IFCDIRECTION((0.,0.,1.));
#9309=IFCDIRECTION((1.,0.,0.));
#9310=IFCAXIS2PLACEMENT3D(#9307,#9308,#9309);
#9311=IFCDIRECTION((0.,0.,1.));
#9312=IFCEXTRUDEDAREASOLID(#9306,#9310,#9311,3.);
#9313=IFCSHAPEREPRESENTATION(#11,'Body','SweptSolid',(#9312));
#9314=IFCCARTESIANPOINTLIST2D(((0.,0.),(3.5000049460440983,0.)));
#9315=IFCINDEXEDPOLYCURVE(#9314,$,$);
#9316=IFCSHAPEREPRESENTATION(#23,'Axis','Curve2D',(#9315));
#9317=IFCCARTESIANPOINTLIST2D(((0.,0.),(0.099999992450210864,0.10000000000000001),(0.98840944012096821,0.10000000000000001),(0.88840947151261052,0.)));
#9318=IFCINDEXEDPOLYCURVE(#9317,(IFCLINEINDEX((1,2,3,4,1))),$);
#9319=IFCARBITRARYCLOSEDPROFILEDEF(.AREA.,$,#9318);
#9320=IFCCARTESIANPOINT((0.,0.,0.));
#9321=IFCDIRECTION((0.,0.,1.));
#9322=IFCDIRECTION((1.,0.,0.));
#9323=IFCAXIS2PLACEMENT3D(#9320,#9321,#9322);
#9324=IFCDIRECTION((0.,0.,1.));
#9325=IFCEXTRUDEDAREASOLID(#9319,#9323,#9324,3.);
#9326=IFCSHAPEREPRESENTATION(#11,'Body','SweptSolid',(#9325));
#9327=IFCCARTESIANPOINTLIST2D(((0.,0.),(0.88840947151261052,0.)));
#9328=IFCINDEXEDPOLYCURVE(#9327,$,$);
#9329=IFCSHAPEREPRESENTATION(#23,'Axis','Curve2D',(#9328));
#9948=IFCDOORTYPE('2NM8_KVdL6MhyV5l8LinPs',$,'Bed1-2F',$,$,(#9949),(#9951,#9959,#10037),$,$,.DOOR.,.SINGLE_SWING_LEFT.,$,$);
#9949=IFCPROPERTYSET('1r_Mfo8h967hLdxg2DD5Dm',$,'BBIM_Door',$,(#9950));
#9950=IFCPROPERTYSINGLEVALUE('Data',$,IFCTEXT('{"door_type": "SINGLE_SWING_LEFT", "overall_height": 2.0, "overall_width": 0.9544265270233154, "lining_properties": {"lining_depth": 0.05000000074505806, "lining_thickness": 0.05000000074505806, "lining_offset": 0.0, "lining_to_panel_offset_x": 0.02500000037252903, "lining_to_panel_offset_y": 0.02500000037252903, "transom_thickness": 0.0, "casing_thickness": 0.07500000298023224, "casing_depth": 0.004999999888241291, "threshold_thickness": 0.02500000037252903, "threshold_depth": 0.10000000149011612, "threshold_offset": 0.0}, "panel_properties": {"panel_depth": 0.03500000014901161, "panel_width_ratio": 1.0}}'),$);
#9951=IFCREPRESENTATIONMAP(#9952,#10467);
#9952=IFCAXIS2PLACEMENT3D(#9953,#9954,#9955);
#9953=IFCCARTESIANPOINT((0.,0.,0.));
#9954=IFCDIRECTION((0.,0.,1.));
#9955=IFCDIRECTION((1.,0.,0.));
#9959=IFCREPRESENTATIONMAP(#9960,#10540);
#9960=IFCAXIS2PLACEMENT3D(#9961,#9962,#9963);
#9961=IFCCARTESIANPOINT((0.,0.,0.));
#9962=IFCDIRECTION((0.,0.,1.));
#9963=IFCDIRECTION((1.,0.,0.));
#10037=IFCREPRESENTATIONMAP(#10038,#10558);
#10038=IFCAXIS2PLACEMENT3D(#10039,#10040,#10041);
#10039=IFCCARTESIANPOINT((0.,0.,0.));
#10040=IFCDIRECTION((0.,0.,1.));
#10041=IFCDIRECTION((1.,0.,0.));
#10370=IFCDOOR('2oUtTLHBfDhPnFh3AgoSCS',$,'Door',$,$,#15523,#10379,$,2.,0.95442652702331543,$,.SINGLE_SWING_LEFT.,$);
#10371=IFCRELDEFINESBYTYPE('1kz5_ADFD56R8jb1n9h_9j',$,$,$,(#10370),#9948);
#10372=IFCCARTESIANPOINT((0.,0.,0.));
#10373=IFCDIRECTION((1.,0.,0.));
#10374=IFCDIRECTION((0.,1.,0.));
#10375=IFCDIRECTION((0.,0.,1.));
#10376=IFCCARTESIANTRANSFORMATIONOPERATOR3D(#10373,#10374,#10372,1.,#10375);
#10377=IFCMAPPEDITEM(#9951,#10376);
#10378=IFCSHAPEREPRESENTATION(#18,'Profile','MappedRepresentation',(#10377));
#10379=IFCPRODUCTDEFINITIONSHAPE($,$,(#10378,#10386,#10393));
#10380=IFCCARTESIANPOINT((0.,0.,0.));
#10381=IFCDIRECTION((1.,0.,0.));
#10382=IFCDIRECTION((0.,1.,0.));
#10383=IFCDIRECTION((0.,0.,1.));
#10384=IFCCARTESIANTRANSFORMATIONOPERATOR3D(#10381,#10382,#10380,1.,#10383);
#10385=IFCMAPPEDITEM(#9959,#10384);
#10386=IFCSHAPEREPRESENTATION(#11,'Body','MappedRepresentation',(#10385));
#10387=IFCCARTESIANPOINT((0.,0.,0.));
#10388=IFCDIRECTION((1.,0.,0.));
#10389=IFCDIRECTION((0.,1.,0.));
#10390=IFCDIRECTION((0.,0.,1.));
#10391=IFCCARTESIANTRANSFORMATIONOPERATOR3D(#10388,#10389,#10387,1.,#10390);
#10392=IFCMAPPEDITEM(#10037,#10391);
#10393=IFCSHAPEREPRESENTATION(#24,'Body','MappedRepresentation',(#10392));
#10394=IFCOPENINGELEMENT('0eWW6lMOjDAQvAtrbRSiC8',$,'Opening',$,$,#10578,#10422,$,.OPENING.);
#10410=IFCCARTESIANPOINT((0.,0.,0.));
#10411=IFCDIRECTION((1.,0.,0.));
#10412=IFCDIRECTION((0.,0.,1.));
#10413=IFCAXIS2PLACEMENT3D(#10410,#10412,#10411);
#10414=IFCREPRESENTATIONMAP(#10413,#10568);
#10415=IFCCARTESIANPOINT((0.,0.,0.));
#10416=IFCDIRECTION((1.,0.,0.));
#10417=IFCDIRECTION((0.,1.,0.));
#10418=IFCDIRECTION((0.,0.,1.));
#10419=IFCCARTESIANTRANSFORMATIONOPERATOR3D(#10416,#10417,#10415,1.,#10418);
#10420=IFCMAPPEDITEM(#10414,#10419);
#10421=IFCSHAPEREPRESENTATION(#11,'Body','MappedRepresentation',(#10420));
#10422=IFCPRODUCTDEFINITIONSHAPE($,$,(#10421));
#10423=IFCRELVOIDSELEMENT('3oo2fkRnH0h9$Q8t4PdK1S',$,$,$,#8896,#10394);
#10429=IFCRELFILLSELEMENT('3HmL$latPES9oR3WfkNVro',$,$,$,#10394,#10370);
#10465=IFCCARTESIANPOINTLIST3D(((0.,0.,0.),(0.95442652702331543,0.,0.),(0.95442652702331543,0.,2.),(0.,0.,2.)));
#10466=IFCINDEXEDPOLYCURVE(#10465,(IFCLINEINDEX((1,2,3,4,1))),$);
#10467=IFCSHAPEREPRESENTATION(#18,'Profile','Curve3D',(#10466));
#10468=IFCCARTESIANPOINTLIST2D(((0.,0.),(0.,2.),(0.95442652702331543,2.),(0.95442652702331543,0.),(0.9294265266507864,0.),(0.9294265266507864,1.974999999627471),(0.02500000037252903,1.974999999627471),(0.02500000037252903,0.)));
#10469=IFCINDEXEDPOLYCURVE(#10468,(IFCLINEINDEX((1,2,3,4,5,6,7,8,1))),$);
#10470=IFCARBITRARYCLOSEDPROFILEDEF(.AREA.,$,#10469);
#10471=IFCCARTESIANPOINT((0.,0.02500000037252903,0.));
#10472=IFCDIRECTION((0.,-1.,0.));
#10473=IFCDIRECTION((1.,0.,0.));
#10474=IFCAXIS2PLACEMENT3D(#10471,#10472,#10473);
#10475=IFCDIRECTION((0.,0.,-1.));
#10476=IFCEXTRUDEDAREASOLID(#10470,#10474,#10475,0.02500000037252903);
#10477=IFCCARTESIANPOINTLIST2D(((0.,0.),(0.,2.),(0.95442652702331543,2.),(0.95442652702331543,0.),(0.90442652627825737,0.),(0.90442652627825737,1.9499999992549419),(0.05000000074505806,1.9499999992549419),(0.05000000074505806,0.)));
#10478=IFCINDEXEDPOLYCURVE(#10477,(IFCLINEINDEX((1,2,3,4,5,6,7,8,1))),$);
#10479=IFCARBITRARYCLOSEDPROFILEDEF(.AREA.,$,#10478);
#10480=IFCCARTESIANPOINT((0.,0.,0.));
#10481=IFCDIRECTION((0.,-1.,0.));
#10482=IFCDIRECTION((1.,0.,0.));
#10483=IFCAXIS2PLACEMENT3D(#10480,#10481,#10482);
#10484=IFCDIRECTION((0.,0.,-1.));
#10485=IFCEXTRUDEDAREASOLID(#10479,#10483,#10484,0.02500000037252903);
#10486=IFCCARTESIANPOINTLIST2D(((0.,0.),(0.85442652553319931,0.),(0.85442652553319931,0.10000000149011612),(0.,0.10000000149011612)));
#10487=IFCINDEXEDPOLYCURVE(#10486,(IFCLINEINDEX((1,2,3,4,1))),$);
#10488=IFCARBITRARYCLOSEDPROFILEDEF(.AREA.,$,#10487);
#10489=IFCCARTESIANPOINT((0.05000000074505806,0.,0.));
#10490=IFCDIRECTION((0.,0.,1.));
#10491=IFCDIRECTION((1.,0.,0.));
#10492=IFCAXIS2PLACEMENT3D(#10489,#10490,#10491);
#10493=IFCDIRECTION((0.,0.,1.));
#10494=IFCEXTRUDEDAREASOLID(#10488,#10492,#10493,0.02500000037252903);
#10495=IFCCARTESIANPOINTLIST2D(((0.,0.),(0.,2.0250000022351742),(1.0044265314936638,2.0250000022351742),(1.0044265314936638,0.),(0.92942652851343155,0.),(0.92942652851343155,1.9499999992549419),(0.075000002980232239,1.9499999992549419),(0.075000002980232239,0.)));
#10496=IFCINDEXEDPOLYCURVE(#10495,(IFCLINEINDEX((1,2,3,4,5,6,7,8,1))),$);
#10497=IFCARBITRARYCLOSEDPROFILEDEF(.AREA.,$,#10496);
#10498=IFCCARTESIANPOINT((-0.025000002235174179,-0.004999999888241291,0.));
#10499=IFCDIRECTION((0.,-1.,0.));
#10500=IFCDIRECTION((1.,0.,0.));
#10501=IFCAXIS2PLACEMENT3D(#10498,#10499,#10500);
#10502=IFCDIRECTION((0.,0.,-1.));
#10503=IFCEXTRUDEDAREASOLID(#10497,#10501,#10502,0.004999999888241291);
#10504=IFCCARTESIANPOINTLIST2D(((0.,0.),(0.,2.0250000022351742),(1.0044265314936638,2.0250000022351742),(1.0044265314936638,0.),(0.95442652888596058,0.),(0.95442652888596058,1.974999999627471),(0.050000002607703209,1.974999999627471),(0.050000002607703209,0.)));
#10505=IFCINDEXEDPOLYCURVE(#10504,(IFCLINEINDEX((1,2,3,4,5,6,7,8,1))),$);
#10506=IFCARBITRARYCLOSEDPROFILEDEF(.AREA.,$,#10505);
#10507=IFCCARTESIANPOINT((-0.025000002235174179,0.05000000074505806,0.));
#10508=IFCDIRECTION((0.,-1.,0.));
#10509=IFCDIRECTION((1.,0.,0.));
#10510=IFCAXIS2PLACEMENT3D(#10507,#10508,#10509);
#10511=IFCDIRECTION((0.,0.,-1.));
#10512=IFCEXTRUDEDAREASOLID(#10506,#10510,#10511,0.004999999888241291);
#10513=IFCCARTESIANPOINTLIST2D(((0.,0.),(0.90442652627825737,0.),(0.90442652627825737,0.035000000149011612),(0.,0.035000000149011612)));
#10514=IFCINDEXEDPOLYCURVE(#10513,(IFCLINEINDEX((1,2,3,4,1))),$);
#10515=IFCARBITRARYCLOSEDPROFILEDEF(.AREA.,$,#10514);
#10516=IFCCARTESIANPOINT((0.02500000037252903,0.02500000037252903,0.02500000037252903));
#10517=IFCDIRECTION((0.,0.,1.));
#10518=IFCDIRECTION((1.,0.,0.));
#10519=IFCAXIS2PLACEMENT3D(#10516,#10517,#10518);
#10520=IFCDIRECTION((0.,0.,1.));
#10521=IFCEXTRUDEDAREASOLID(#10515,#10519,#10520,1.9499999992549419);
#10522=IFCCARTESIANPOINTLIST2D(((0.,0.),(0.,-0.040000000000000001),(-0.11999999999999988,-0.040000000000000001),(-0.11999999999999988,-0.02),(-0.020000000000000018,-0.02),(-0.020000000000000018,0.)));
#10523=IFCINDEXEDPOLYCURVE(#10522,(IFCLINEINDEX((1,2,3,4,5,6,1))),$);
#10524=IFCARBITRARYCLOSEDPROFILEDEF(.AREA.,$,#10523);
#10525=IFCCARTESIANPOINT((0.87942652665078636,0.02500000037252903,1.015000000372529));
#10526=IFCDIRECTION((0.,0.,1.));
#10527=IFCDIRECTION((1.,0.,0.));
#10528=IFCAXIS2PLACEMENT3D(#10525,#10526,#10527);
#10529=IFCDIRECTION((0.,0.,1.));
#10530=IFCEXTRUDEDAREASOLID(#10524,#10528,#10529,0.02);
#10531=IFCEXTRUDEDAREASOLID(#10532,#10535,#10539,0.02);
#10532=IFCARBITRARYCLOSEDPROFILEDEF(.AREA.,$,#10533);
#10533=IFCINDEXEDPOLYCURVE(#10534,(IFCLINEINDEX((1,2,3,4,5,6,1))),$);
#10534=IFCCARTESIANPOINTLIST2D(((0.,0.),(0.,0.040000000000000008),(-0.11999999999999988,0.040000000000000008),(-0.11999999999999988,0.020000000000000004),(-0.020000000000000018,0.020000000000000004),(-0.020000000000000018,0.)));
#10535=IFCAXIS2PLACEMENT3D(#10536,#10537,#10538);
#10536=IFCCARTESIANPOINT((0.87942652665078636,0.060000000521540642,1.015000000372529));
#10537=IFCDIRECTION((0.,0.,1.));
#10538=IFCDIRECTION((1.,0.,0.));
#10539=IFCDIRECTION((0.,0.,1.));
#10540=IFCSHAPEREPRESENTATION(#11,'Body','SweptSolid',(#10476,#10485,#10521,#10530,#10531,#10494,#10503,#10512));
#10541=IFCSHAPEREPRESENTATION(#11,'Body','SweptSolid',(#10476,#10485,#10494,#10503,#10512));
#10542=IFCSHAPEASPECT((#10541),'Lining',$,.T.,#10379);
#10543=IFCSHAPEREPRESENTATION(#11,'Body','SweptSolid',(#10521,#10530,#10531));
#10544=IFCSHAPEASPECT((#10543),'Framing',$,.T.,#10379);
#10545=IFCCARTESIANPOINTLIST2D(((0.,0.),(0.,0.05000000074505806),(0.02500000037252903,0.05000000074505806),(0.02500000037252903,0.02500000037252903),(0.05000000074505806,0.02500000037252903),(0.05000000074505806,0.)));
#10546=IFCINDEXEDPOLYCURVE(#10545,(IFCLINEINDEX((1,2,3,4,5,6,1))),$);
#10547=IFCINDEXEDPOLYCURVE(#10548,(IFCLINEINDEX((1,2,3,4,5,6,1))),$);
#10548=IFCCARTESIANPOINTLIST2D(((0.95442652702331543,0.),(0.95442652702331543,0.05000000074505806),(0.9294265266507864,0.05000000074505806),(0.9294265266507864,0.02500000037252903),(0.90442652627825737,0.02500000037252903),(0.90442652627825737,0.)));
#10549=IFCDIRECTION((1.,0.));
#10550=IFCCARTESIANPOINT((0.060000000521540642,0.05000000074505806));
#10551=IFCAXIS2PLACEMENT2D(#10550,#10549);
#10552=IFCELLIPSE(#10551,0.86942652612924576,0.90442652627825737);
#10553=IFCCARTESIANPOINT((0.9294265266507864,0.05000000074505806));
#10554=IFCCARTESIANPOINT((0.060000000521540642,0.95442652702331543));
#10555=IFCTRIMMEDCURVE(#10552,(#10553),(#10554),.T.,.CARTESIAN.);
#10556=IFCCARTESIANPOINTLIST2D(((0.02500000037252903,0.05000000074505806),(0.060000000521540642,0.05000000074505806),(0.060000000521540642,0.95442652702331543),(0.02500000037252903,0.95442652702331543)));
#10557=IFCINDEXEDPOLYCURVE(#10556,(IFCLINEINDEX((1,2,3,4,1))),$);
#10558=IFCSHAPEREPRESENTATION(#24,'Body','Curve2D',(#10546,#10547,#10555,#10557));
#10559=IFCCARTESIANPOINTLIST2D(((0.,0.),(0.95442652702331543,0.),(0.95442652702331543,2.),(0.,2.)));
#10560=IFCINDEXEDPOLYCURVE(#10559,(IFCLINEINDEX((1,2,3,4,1))),$);
#10561=IFCARBITRARYCLOSEDPROFILEDEF(.AREA.,$,#10560);
#10562=IFCCARTESIANPOINT((0.,-0.60000002384185791,0.));
#10563=IFCDIRECTION((0.,-1.,0.));
#10564=IFCDIRECTION((1.,0.,0.));
#10565=IFCAXIS2PLACEMENT3D(#10562,#10563,#10564);
#10566=IFCDIRECTION((0.,0.,-1.));
#10567=IFCEXTRUDEDAREASOLID(#10561,#10565,#10566,1.2);
#10568=IFCSHAPEREPRESENTATION(#11,'Body','SweptSolid',(#10567));
#10574=IFCCARTESIANPOINT((0.030882115423748413,0.014999846377678816,0.));
#10575=IFCDIRECTION((0.,0.,1.));
#10576=IFCDIRECTION((1.,0.,0.));
#10577=IFCAXIS2PLACEMENT3D(#10574,#10575,#10576);
#10578=IFCLOCALPLACEMENT(#18942,#10577);
#10707=IFCRELCONNECTSPATHELEMENTS('28dWgUhVPA1vuuIDPFOnze',$,$,$,$,#6835,#6947,(),(),.ATPATH.,.ATSTART.);
#10734=IFCRELCONNECTSPATHELEMENTS('2DZ9LAORLCahYSNqNWdeK$',$,$,$,$,#8896,#6947,(),(),.ATSTART.,.ATSTART.);
#10748=IFCCARTESIANPOINTLIST2D(((0.10000000000000027,0.),(-7.5497894186371539E-09,0.10000000000000001),(3.5000041474997201,0.10000000000000001),(3.5000042146541541,0.)));
#10749=IFCINDEXEDPOLYCURVE(#10748,(IFCLINEINDEX((1,2,3,4,1))),$);
#10750=IFCARBITRARYCLOSEDPROFILEDEF(.AREA.,$,#10749);
#10751=IFCCARTESIANPOINT((0.,0.,0.));
#10752=IFCDIRECTION((0.,0.,1.));
#10753=IFCDIRECTION((1.,0.,0.));
#10754=IFCAXIS2PLACEMENT3D(#10751,#10752,#10753);
#10755=IFCDIRECTION((0.,0.,1.));
#10756=IFCEXTRUDEDAREASOLID(#10750,#10754,#10755,3.);
#10757=IFCSHAPEREPRESENTATION(#11,'Body','SweptSolid',(#10756));
#10758=IFCCARTESIANPOINTLIST2D(((0.,0.),(3.5000042146541541,0.)));
#10759=IFCINDEXEDPOLYCURVE(#10758,$,$);
#10760=IFCSHAPEREPRESENTATION(#23,'Axis','Curve2D',(#10759));
#10766=IFCDOORTYPE('3jHthPcNX5Xv5TzHWQOAS0',$,'Bed2-2F',$,$,(#10767),(#10769,#10777,#10855),$,$,.DOOR.,.SINGLE_SWING_LEFT.,$,$);
#10767=IFCPROPERTYSET('1e5QNXrbv2ERLTR$OzMXEk',$,'BBIM_Door',$,(#10768));
#10768=IFCPROPERTYSINGLEVALUE('Data',$,IFCTEXT('{"door_type": "SINGLE_SWING_RIGHT", "overall_height": 2.0, "overall_width": 0.9005231261253357, "lining_properties": {"lining_depth": 0.05000000074505806, "lining_thickness": 0.05000000074505806, "lining_offset": 0.0, "lining_to_panel_offset_x": 0.02500000037252903, "lining_to_panel_offset_y": 0.02500000037252903, "transom_thickness": 0.0, "casing_thickness": 0.07500000298023224, "casing_depth": 0.004999999888241291, "threshold_thickness": 0.02500000037252903, "threshold_depth": 0.10000000149011612, "threshold_offset": 0.0}, "panel_properties": {"panel_depth": 0.03500000014901161, "panel_width_ratio": 1.0}}'),$);
#10769=IFCREPRESENTATIONMAP(#10770,#11058);
#10770=IFCAXIS2PLACEMENT3D(#10771,#10772,#10773);
#10771=IFCCARTESIANPOINT((0.,0.,0.));
#10772=IFCDIRECTION((0.,0.,1.));
#10773=IFCDIRECTION((1.,0.,0.));
#10777=IFCREPRESENTATIONMAP(#10778,#11131);
#10778=IFCAXIS2PLACEMENT3D(#10779,#10780,#10781);
#10779=IFCCARTESIANPOINT((0.,0.,0.));
#10780=IFCDIRECTION((0.,0.,1.));
#10781=IFCDIRECTION((1.,0.,0.));
#10855=IFCREPRESENTATIONMAP(#10856,#11149);
#10856=IFCAXIS2PLACEMENT3D(#10857,#10858,#10859);
#10857=IFCCARTESIANPOINT((0.,0.,0.));
#10858=IFCDIRECTION((0.,0.,1.));
#10859=IFCDIRECTION((1.,0.,0.));
#10874=IFCWALL('2tgQhZc9X6Eedhkv8is8fB',$,'Wall',$,$,#18947,#10880,$,$);
#10875=IFCMATERIALLAYERSETUSAGE(#82,.AXIS2.,.POSITIVE.,0.,$);
#10876=IFCRELASSOCIATESMATERIAL('2ga6cvGe56xfGwuyqlMWF6',$,$,$,(#10874),#10875);
#10880=IFCPRODUCTDEFINITIONSHAPE($,$,(#10962,#10959));
#10896=IFCPROPERTYSET('02U3MRa_9E$gJK9JDJVLfC',$,'EPset_Parametric',$,(#10898));
#10897=IFCRELDEFINESBYPROPERTIES('04h_IA3i9DTe4sIKsrrfos',$,$,$,(#10874),#10896);
#10898=IFCPROPERTYSINGLEVALUE('Engine',$,IFCLABEL('Bonsai.DumbLayer2'),$);
#10917=IFCRELCONNECTSPATHELEMENTS('0Nu$fw0mP6AQcLJfP7lWcV',$,$,$,$,#10874,#6835,(),(),.ATPATH.,.ATSTART.);
#10936=IFCCARTESIANPOINTLIST2D(((0.10000000000002475,0.),(0.10000007033310881,0.10000000000000001),(4.2079371611665133,0.10000000000000001),(4.2079371611665133,0.)));
#10937=IFCINDEXEDPOLYCURVE(#10936,(IFCLINEINDEX((1,2,3,4,1))),$);
#10938=IFCARBITRARYCLOSEDPROFILEDEF(.AREA.,$,#10937);
#10939=IFCCARTESIANPOINT((0.,0.,0.));
#10940=IFCDIRECTION((0.,0.,1.));
#10941=IFCDIRECTION((1.,0.,0.));
#10942=IFCAXIS2PLACEMENT3D(#10939,#10940,#10941);
#10943=IFCDIRECTION((0.,0.,1.));
#10944=IFCEXTRUDEDAREASOLID(#10938,#10942,#10943,3.);
#10945=IFCSHAPEREPRESENTATION(#11,'Body','SweptSolid',(#10944));
#10946=IFCCARTESIANPOINTLIST2D(((0.,0.),(4.2079371611665133,0.)));
#10947=IFCINDEXEDPOLYCURVE(#10946,$,$);
#10948=IFCSHAPEREPRESENTATION(#23,'Axis','Curve2D',(#10947));
#10949=IFCRELCONNECTSPATHELEMENTS('3v6952pgL9t8I3UwtrijCk',$,$,$,$,#10874,#6143,(),(),.ATPATH.,.ATEND.);
#10950=IFCCARTESIANPOINTLIST2D(((0.10000000000000493,0.),(0.099999968608357609,0.10000000000000001),(3.9000012357119078,0.10000000000000001),(3.9000012074989105,0.)));
#10951=IFCINDEXEDPOLYCURVE(#10950,(IFCLINEINDEX((1,2,3,4,1))),$);
#10952=IFCARBITRARYCLOSEDPROFILEDEF(.AREA.,$,#10951);
#10953=IFCCARTESIANPOINT((0.,0.,0.));
#10954=IFCDIRECTION((0.,0.,1.));
#10955=IFCDIRECTION((1.,0.,0.));
#10956=IFCAXIS2PLACEMENT3D(#10953,#10954,#10955);
#10957=IFCDIRECTION((0.,0.,1.));
#10958=IFCEXTRUDEDAREASOLID(#10952,#10956,#10957,3.);
#10959=IFCSHAPEREPRESENTATION(#11,'Body','SweptSolid',(#10958));
#10960=IFCCARTESIANPOINTLIST2D(((0.,0.),(3.9000012074989105,0.)));
#10961=IFCINDEXEDPOLYCURVE(#10960,$,$);
#10962=IFCSHAPEREPRESENTATION(#23,'Axis','Curve2D',(#10961));
#10976=IFCDOOR('2JpxBm5l53vxbZWgQRgVCE',$,'Door',$,$,#15533,#10985,$,2.,0.90052312612533569,$,.SINGLE_SWING_RIGHT.,$);
#10977=IFCRELDEFINESBYTYPE('3MAINZJvr0JviU9bnuSMS_',$,$,$,(#10976),#10766);
#10978=IFCCARTESIANPOINT((0.,0.,0.));
#10979=IFCDIRECTION((1.,0.,0.));
#10980=IFCDIRECTION((0.,1.,0.));
#10981=IFCDIRECTION((0.,0.,1.));
#10982=IFCCARTESIANTRANSFORMATIONOPERATOR3D(#10979,#10980,#10978,1.,#10981);
#10983=IFCMAPPEDITEM(#10769,#10982);
#10984=IFCSHAPEREPRESENTATION(#18,'Profile','MappedRepresentation',(#10983));
#10985=IFCPRODUCTDEFINITIONSHAPE($,$,(#10984,#10992,#10999));
#10986=IFCCARTESIANPOINT((0.,0.,0.));
#10987=IFCDIRECTION((1.,0.,0.));
#10988=IFCDIRECTION((0.,1.,0.));
#10989=IFCDIRECTION((0.,0.,1.));
#10990=IFCCARTESIANTRANSFORMATIONOPERATOR3D(#10987,#10988,#10986,1.,#10989);
#10991=IFCMAPPEDITEM(#10777,#10990);
#10992=IFCSHAPEREPRESENTATION(#11,'Body','MappedRepresentation',(#10991));
#10993=IFCCARTESIANPOINT((0.,0.,0.));
#10994=IFCDIRECTION((1.,0.,0.));
#10995=IFCDIRECTION((0.,1.,0.));
#10996=IFCDIRECTION((0.,0.,1.));
#10997=IFCCARTESIANTRANSFORMATIONOPERATOR3D(#10994,#10995,#10993,1.,#10996);
#10998=IFCMAPPEDITEM(#10855,#10997);
#10999=IFCSHAPEREPRESENTATION(#24,'Body','MappedRepresentation',(#10998));
#11000=IFCOPENINGELEMENT('32ezghPy9AChOONWgwI8Rw',$,'Opening',$,$,#11169,#11028,$,.OPENING.);
#11016=IFCCARTESIANPOINT((0.,0.,0.));
#11017=IFCDIRECTION((1.,0.,0.));
#11018=IFCDIRECTION((0.,0.,1.));
#11019=IFCAXIS2PLACEMENT3D(#11016,#11018,#11017);
#11020=IFCREPRESENTATIONMAP(#11019,#11159);
#11021=IFCCARTESIANPOINT((0.,0.,0.));
#11022=IFCDIRECTION((1.,0.,0.));
#11023=IFCDIRECTION((0.,1.,0.));
#11024=IFCDIRECTION((0.,0.,1.));
#11025=IFCCARTESIANTRANSFORMATIONOPERATOR3D(#11022,#11023,#11021,1.,#11024);
#11026=IFCMAPPEDITEM(#11020,#11025);
#11027=IFCSHAPEREPRESENTATION(#11,'Body','MappedRepresentation',(#11026));
#11028=IFCPRODUCTDEFINITIONSHAPE($,$,(#11027));
#11029=IFCRELVOIDSELEMENT('0IWzVZmZnF$fnzuRkXyn32',$,$,$,#10874,#11000);
#11035=IFCRELFILLSELEMENT('0XZH59TJf6yetWaCDtYv2a',$,$,$,#11000,#10976);
#11056=IFCCARTESIANPOINTLIST3D(((0.,0.,0.),(0.90052312612533569,0.,0.),(0.90052312612533569,0.,2.),(0.,0.,2.)));
#11057=IFCINDEXEDPOLYCURVE(#11056,(IFCLINEINDEX((1,2,3,4,1))),$);
#11058=IFCSHAPEREPRESENTATION(#18,'Profile','Curve3D',(#11057));
#11059=IFCCARTESIANPOINTLIST2D(((0.,0.),(0.,2.),(0.90052312612533569,2.),(0.90052312612533569,0.),(0.87552312575280666,0.),(0.87552312575280666,1.974999999627471),(0.02500000037252903,1.974999999627471),(0.02500000037252903,0.)));
#11060=IFCINDEXEDPOLYCURVE(#11059,(IFCLINEINDEX((1,2,3,4,5,6,7,8,1))),$);
#11061=IFCARBITRARYCLOSEDPROFILEDEF(.AREA.,$,#11060);
#11062=IFCCARTESIANPOINT((0.,0.02500000037252903,0.));
#11063=IFCDIRECTION((0.,-1.,0.));
#11064=IFCDIRECTION((1.,0.,0.));
#11065=IFCAXIS2PLACEMENT3D(#11062,#11063,#11064);
#11066=IFCDIRECTION((0.,0.,-1.));
#11067=IFCEXTRUDEDAREASOLID(#11061,#11065,#11066,0.02500000037252903);
#11068=IFCCARTESIANPOINTLIST2D(((0.,0.),(0.,2.),(0.90052312612533569,2.),(0.90052312612533569,0.),(0.85052312538027763,0.),(0.85052312538027763,1.9499999992549419),(0.05000000074505806,1.9499999992549419),(0.05000000074505806,0.)));
#11069=IFCINDEXEDPOLYCURVE(#11068,(IFCLINEINDEX((1,2,3,4,5,6,7,8,1))),$);
#11070=IFCARBITRARYCLOSEDPROFILEDEF(.AREA.,$,#11069);
#11071=IFCCARTESIANPOINT((0.,0.,0.));
#11072=IFCDIRECTION((0.,-1.,0.));
#11073=IFCDIRECTION((1.,0.,0.));
#11074=IFCAXIS2PLACEMENT3D(#11071,#11072,#11073);
#11075=IFCDIRECTION((0.,0.,-1.));
#11076=IFCEXTRUDEDAREASOLID(#11070,#11074,#11075,0.02500000037252903);
#11077=IFCCARTESIANPOINTLIST2D(((0.,0.),(0.80052312463521957,0.),(0.80052312463521957,0.10000000149011612),(0.,0.10000000149011612)));
#11078=IFCINDEXEDPOLYCURVE(#11077,(IFCLINEINDEX((1,2,3,4,1))),$);
#11079=IFCARBITRARYCLOSEDPROFILEDEF(.AREA.,$,#11078);
#11080=IFCCARTESIANPOINT((0.05000000074505806,0.,0.));
#11081=IFCDIRECTION((0.,0.,1.));
#11082=IFCDIRECTION((1.,0.,0.));
#11083=IFCAXIS2PLACEMENT3D(#11080,#11081,#11082);
#11084=IFCDIRECTION((0.,0.,1.));
#11085=IFCEXTRUDEDAREASOLID(#11079,#11083,#11084,0.02500000037252903);
#11086=IFCCARTESIANPOINTLIST2D(((0.,0.),(0.,2.0250000022351742),(0.95052313059568405,2.0250000022351742),(0.95052313059568405,0.),(0.87552312761545181,0.),(0.87552312761545181,1.9499999992549419),(0.075000002980232239,1.9499999992549419),(0.075000002980232239,0.)));
#11087=IFCINDEXEDPOLYCURVE(#11086,(IFCLINEINDEX((1,2,3,4,5,6,7,8,1))),$);
#11088=IFCARBITRARYCLOSEDPROFILEDEF(.AREA.,$,#11087);
#11089=IFCCARTESIANPOINT((-0.025000002235174179,-0.004999999888241291,0.));
#11090=IFCDIRECTION((0.,-1.,0.));
#11091=IFCDIRECTION((1.,0.,0.));
#11092=IFCAXIS2PLACEMENT3D(#11089,#11090,#11091);
#11093=IFCDIRECTION((0.,0.,-1.));
#11094=IFCEXTRUDEDAREASOLID(#11088,#11092,#11093,0.004999999888241291);
#11095=IFCCARTESIANPOINTLIST2D(((0.,0.),(0.,2.0250000022351742),(0.95052313059568405,2.0250000022351742),(0.95052313059568405,0.),(0.90052312798798084,0.),(0.90052312798798084,1.974999999627471),(0.050000002607703209,1.974999999627471),(0.050000002607703209,0.)));
#11096=IFCINDEXEDPOLYCURVE(#11095,(IFCLINEINDEX((1,2,3,4,5,6,7,8,1))),$);
#11097=IFCARBITRARYCLOSEDPROFILEDEF(.AREA.,$,#11096);
#11098=IFCCARTESIANPOINT((-0.025000002235174179,0.05000000074505806,0.));
#11099=IFCDIRECTION((0.,-1.,0.));
#11100=IFCDIRECTION((1.,0.,0.));
#11101=IFCAXIS2PLACEMENT3D(#11098,#11099,#11100);
#11102=IFCDIRECTION((0.,0.,-1.));
#11103=IFCEXTRUDEDAREASOLID(#11097,#11101,#11102,0.004999999888241291);
#11104=IFCCARTESIANPOINTLIST2D(((0.,0.),(0.85052312538027763,0.),(0.85052312538027763,0.035000000149011612),(0.,0.035000000149011612)));
#11105=IFCINDEXEDPOLYCURVE(#11104,(IFCLINEINDEX((1,2,3,4,1))),$);
#11106=IFCARBITRARYCLOSEDPROFILEDEF(.AREA.,$,#11105);
#11107=IFCCARTESIANPOINT((0.02500000037252903,0.02500000037252903,0.02500000037252903));
#11108=IFCDIRECTION((0.,0.,1.));
#11109=IFCDIRECTION((1.,0.,0.));
#11110=IFCAXIS2PLACEMENT3D(#11107,#11108,#11109);
#11111=IFCDIRECTION((0.,0.,1.));
#11112=IFCEXTRUDEDAREASOLID(#11106,#11110,#11111,1.9499999992549419);
#11113=IFCCARTESIANPOINTLIST2D(((0.,0.),(0.,-0.040000000000000001),(0.12,-0.040000000000000001),(0.12,-0.02),(0.02,-0.02),(0.02,0.)));
#11114=IFCINDEXEDPOLYCURVE(#11113,(IFCLINEINDEX((1,2,3,4,5,6,1))),$);
#11115=IFCARBITRARYCLOSEDPROFILEDEF(.AREA.,$,#11114);
#11116=IFCCARTESIANPOINT((0.075000000372529033,0.02500000037252903,1.015000000372529));
#11117=IFCDIRECTION((0.,0.,1.));
#11118=IFCDIRECTION((1.,0.,0.));
#11119=IFCAXIS2PLACEMENT3D(#11116,#11117,#11118);
#11120=IFCDIRECTION((0.,0.,1.));
#11121=IFCEXTRUDEDAREASOLID(#11115,#11119,#11120,0.02);
#11122=IFCEXTRUDEDAREASOLID(#11123,#11126,#11130,0.02);
#11123=IFCARBITRARYCLOSEDPROFILEDEF(.AREA.,$,#11124);
#11124=IFCINDEXEDPOLYCURVE(#11125,(IFCLINEINDEX((1,2,3,4,5,6,1))),$);
#11125=IFCCARTESIANPOINTLIST2D(((0.,0.),(0.,0.040000000000000008),(0.11999999999999998,0.040000000000000008),(0.11999999999999998,0.020000000000000004),(0.020000000000000004,0.020000000000000004),(0.020000000000000004,0.)));
#11126=IFCAXIS2PLACEMENT3D(#11127,#11128,#11129);
#11127=IFCCARTESIANPOINT((0.075000000372529033,0.060000000521540642,1.015000000372529));
#11128=IFCDIRECTION((0.,0.,1.));
#11129=IFCDIRECTION((1.,0.,0.));
#11130=IFCDIRECTION((0.,0.,1.));
#11131=IFCSHAPEREPRESENTATION(#11,'Body','SweptSolid',(#11067,#11076,#11112,#11121,#11122,#11085,#11094,#11103));
#11132=IFCSHAPEREPRESENTATION(#11,'Body','SweptSolid',(#11067,#11076,#11085,#11094,#11103));
#11133=IFCSHAPEASPECT((#11132),'Lining',$,.T.,#10985);
#11134=IFCSHAPEREPRESENTATION(#11,'Body','SweptSolid',(#11112,#11121,#11122));
#11135=IFCSHAPEASPECT((#11134),'Framing',$,.T.,#10985);
#11136=IFCCARTESIANPOINTLIST2D(((0.,0.),(0.,0.05000000074505806),(0.02500000037252903,0.05000000074505806),(0.02500000037252903,0.02500000037252903),(0.05000000074505806,0.02500000037252903),(0.05000000074505806,0.)));
#11137=IFCINDEXEDPOLYCURVE(#11136,(IFCLINEINDEX((1,2,3,4,5,6,1))),$);
#11138=IFCINDEXEDPOLYCURVE(#11139,(IFCLINEINDEX((1,2,3,4,5,6,1))),$);
#11139=IFCCARTESIANPOINTLIST2D(((0.90052312612533569,0.),(0.90052312612533569,0.05000000074505806),(0.87552312575280666,0.05000000074505806),(0.87552312575280666,0.02500000037252903),(0.85052312538027763,0.02500000037252903),(0.85052312538027763,0.)));
#11140=IFCDIRECTION((1.,0.));
#11141=IFCCARTESIANPOINT((0.84052312560379505,0.05000000074505806));
#11142=IFCAXIS2PLACEMENT2D(#11141,#11140);
#11143=IFCELLIPSE(#11142,0.81552312523126602,0.85052312538027763);
#11144=IFCCARTESIANPOINT((0.84052312560379505,0.90052312612533569));
#11145=IFCCARTESIANPOINT((0.02500000037252903,0.05000000074505806));
#11146=IFCTRIMMEDCURVE(#11143,(#11144),(#11145),.T.,.CARTESIAN.);
#11147=IFCCARTESIANPOINTLIST2D(((0.87552312575280666,0.05000000074505806),(0.84052312560379505,0.05000000074505806),(0.84052312560379505,0.90052312612533569),(0.87552312575280666,0.90052312612533569)));
#11148=IFCINDEXEDPOLYCURVE(#11147,(IFCLINEINDEX((1,2,3,4,1))),$);
#11149=IFCSHAPEREPRESENTATION(#24,'Body','Curve2D',(#11137,#11138,#11146,#11148));
#11150=IFCCARTESIANPOINTLIST2D(((0.,0.),(0.90052312612533569,0.),(0.90052312612533569,2.),(0.,2.)));
#11151=IFCINDEXEDPOLYCURVE(#11150,(IFCLINEINDEX((1,2,3,4,1))),$);
#11152=IFCARBITRARYCLOSEDPROFILEDEF(.AREA.,$,#11151);
#11153=IFCCARTESIANPOINT((0.,-0.60000002384185791,0.));
#11154=IFCDIRECTION((0.,-1.,0.));
#11155=IFCDIRECTION((1.,0.,0.));
#11156=IFCAXIS2PLACEMENT3D(#11153,#11154,#11155);
#11157=IFCDIRECTION((0.,0.,-1.));
#11158=IFCEXTRUDEDAREASOLID(#11152,#11156,#11157,1.2);
#11159=IFCSHAPEREPRESENTATION(#11,'Body','SweptSolid',(#11158));
#11165=IFCCARTESIANPOINT((1.224797201558816,0.099999874830245972,0.));
#11166=IFCDIRECTION((0.,0.,1.));
#11167=IFCDIRECTION((-0.99999999999998868,1.5099580252808492E-07,0.));
#11168=IFCAXIS2PLACEMENT3D(#11165,#11166,#11167);
#11169=IFCLOCALPLACEMENT(#18947,#11168);
#11175=IFCWALL('3A6MUy_q15vO45Yr1DY5na',$,'Wall',$,$,#18952,#11181,$,$);
#11176=IFCMATERIALLAYERSETUSAGE(#82,.AXIS2.,.POSITIVE.,0.,$);
#11177=IFCRELASSOCIATESMATERIAL('2LFTa1Z7HFJA6Ik8SByqPH',$,$,$,(#11175),#11176);
#11181=IFCPRODUCTDEFINITIONSHAPE($,$,(#11258,#11255));
#11197=IFCPROPERTYSET('1NwcTGxsfC8xscn16uBLrV',$,'EPset_Parametric',$,(#11199));
#11198=IFCRELDEFINESBYPROPERTIES('2fGllSVsv43v5vdxXL_12A',$,$,$,(#11175),#11197);
#11199=IFCPROPERTYSINGLEVALUE('Engine',$,IFCLABEL('Bonsai.DumbLayer2'),$);
#11218=IFCRELCONNECTSPATHELEMENTS('0irmSSxgr4SwFt999lZKlr',$,$,$,$,#11175,#8896,(),(),.ATPATH.,.ATEND.);
#11232=IFCCARTESIANPOINTLIST2D(((-0.1000000000000003,0.),(7.5497894158606692E-09,0.10000000000000001),(2.8036540951804669,0.10000000000000001),(2.8036540951804669,0.)));
#11233=IFCINDEXEDPOLYCURVE(#11232,(IFCLINEINDEX((1,2,3,4,1))),$);
#11234=IFCARBITRARYCLOSEDPROFILEDEF(.AREA.,$,#11233);
#11235=IFCCARTESIANPOINT((0.,0.,0.));
#11236=IFCDIRECTION((0.,0.,1.));
#11237=IFCDIRECTION((1.,0.,0.));
#11238=IFCAXIS2PLACEMENT3D(#11235,#11236,#11237);
#11239=IFCDIRECTION((0.,0.,1.));
#11240=IFCEXTRUDEDAREASOLID(#11234,#11238,#11239,3.);
#11241=IFCSHAPEREPRESENTATION(#11,'Body','SweptSolid',(#11240));
#11242=IFCCARTESIANPOINTLIST2D(((0.,0.),(2.8036540951804669,0.)));
#11243=IFCINDEXEDPOLYCURVE(#11242,$,$);
#11244=IFCSHAPEREPRESENTATION(#23,'Axis','Curve2D',(#11243));
#11245=IFCRELCONNECTSPATHELEMENTS('161zGXYJr7ROBuZCtfmQ6_',$,$,$,$,#11175,#6143,(),(),.ATPATH.,.ATSTART.);
#11246=IFCCARTESIANPOINTLIST2D(((0.,0.),(1.3113417196563521E-08,0.10000000000000001),(3.7999993892532777,0.10000000000000001),(3.7999993729612109,0.)));
#11247=IFCINDEXEDPOLYCURVE(#11246,(IFCLINEINDEX((1,2,3,4,1))),$);
#11248=IFCARBITRARYCLOSEDPROFILEDEF(.AREA.,$,#11247);
#11249=IFCCARTESIANPOINT((0.,0.,0.));
#11250=IFCDIRECTION((0.,0.,1.));
#11251=IFCDIRECTION((1.,0.,0.));
#11252=IFCAXIS2PLACEMENT3D(#11249,#11250,#11251);
#11253=IFCDIRECTION((0.,0.,1.));
#11254=IFCEXTRUDEDAREASOLID(#11248,#11252,#11253,3.);
#11255=IFCSHAPEREPRESENTATION(#11,'Body','SweptSolid',(#11254));
#11256=IFCCARTESIANPOINTLIST2D(((0.,0.),(3.7999993729612109,0.)));
#11257=IFCINDEXEDPOLYCURVE(#11256,$,$);
#11258=IFCSHAPEREPRESENTATION(#23,'Axis','Curve2D',(#11257));
#11264=IFCCARTESIANPOINTLIST2D(((0.,0.),(-0.10000002821300143,0.10000000000000001),(9.4000001625219127,0.10000000000000001),(9.3000002058344808,0.)));
#11265=IFCINDEXEDPOLYCURVE(#11264,(IFCLINEINDEX((1,2,3,4,1))),$);
#11266=IFCARBITRARYCLOSEDPROFILEDEF(.AREA.,$,#11265);
#11267=IFCCARTESIANPOINT((0.,0.,0.));
#11268=IFCDIRECTION((0.,0.,1.));
#11269=IFCDIRECTION((1.,0.,0.));
#11270=IFCAXIS2PLACEMENT3D(#11267,#11268,#11269);
#11271=IFCDIRECTION((0.,0.,1.));
#11272=IFCEXTRUDEDAREASOLID(#11266,#11270,#11271,3.);
#11273=IFCSHAPEREPRESENTATION(#11,'Body','SweptSolid',(#11272));
#11274=IFCCARTESIANPOINTLIST2D(((0.,0.),(9.3000002058344808,0.)));
#11275=IFCINDEXEDPOLYCURVE(#11274,$,$);
#11276=IFCSHAPEREPRESENTATION(#23,'Axis','Curve2D',(#11275));
#11277=IFCDOORTYPE('2aedAgZJn0POAm3R6Zi_0H',$,'B&T-2F',$,$,(#11278),(#11280,#11288,#11366),$,$,.DOOR.,.SINGLE_SWING_LEFT.,$,$);
#11278=IFCPROPERTYSET('180p1s5ZDBAxP5e2jZOMjb',$,'BBIM_Door',$,(#11279));
#11279=IFCPROPERTYSINGLEVALUE('Data',$,IFCTEXT('{"door_type": "SINGLE_SWING_LEFT", "overall_height": 2.0, "overall_width": 0.8389381170272827, "lining_properties": {"lining_depth": 0.05000000074505806, "lining_thickness": 0.05000000074505806, "lining_offset": 0.0, "lining_to_panel_offset_x": 0.02500000037252903, "lining_to_panel_offset_y": 0.02500000037252903, "transom_thickness": 0.0, "casing_thickness": 0.07500000298023224, "casing_depth": 0.004999999888241291, "threshold_thickness": 0.02500000037252903, "threshold_depth": 0.10000000149011612, "threshold_offset": 0.0}, "panel_properties": {"panel_depth": 0.03500000014901161, "panel_width_ratio": 1.0}}'),$);
#11280=IFCREPRESENTATIONMAP(#11281,#11467);
#11281=IFCAXIS2PLACEMENT3D(#11282,#11283,#11284);
#11282=IFCCARTESIANPOINT((0.,0.,0.));
#11283=IFCDIRECTION((0.,0.,1.));
#11284=IFCDIRECTION((1.,0.,0.));
#11288=IFCREPRESENTATIONMAP(#11289,#11540);
#11289=IFCAXIS2PLACEMENT3D(#11290,#11291,#11292);
#11290=IFCCARTESIANPOINT((0.,0.,0.));
#11291=IFCDIRECTION((0.,0.,1.));
#11292=IFCDIRECTION((1.,0.,0.));
#11366=IFCREPRESENTATIONMAP(#11367,#11558);
#11367=IFCAXIS2PLACEMENT3D(#11368,#11369,#11370);
#11368=IFCCARTESIANPOINT((0.,0.,0.));
#11369=IFCDIRECTION((0.,0.,1.));
#11370=IFCDIRECTION((1.,0.,0.));
#11385=IFCDOOR('3F09UZ_iX6_96pLRU3pU8e',$,'Door',$,$,#15543,#11394,$,2.,0.83893811702728271,$,.SINGLE_SWING_LEFT.,$);
#11386=IFCRELDEFINESBYTYPE('0cHXdgKFv46vWS1Eam21TC',$,$,$,(#11385),#11277);
#11387=IFCCARTESIANPOINT((0.,0.,0.));
#11388=IFCDIRECTION((1.,0.,0.));
#11389=IFCDIRECTION((0.,1.,0.));
#11390=IFCDIRECTION((0.,0.,1.));
#11391=IFCCARTESIANTRANSFORMATIONOPERATOR3D(#11388,#11389,#11387,1.,#11390);
#11392=IFCMAPPEDITEM(#11280,#11391);
#11393=IFCSHAPEREPRESENTATION(#18,'Profile','MappedRepresentation',(#11392));
#11394=IFCPRODUCTDEFINITIONSHAPE($,$,(#11393,#11401,#11408));
#11395=IFCCARTESIANPOINT((0.,0.,0.));
#11396=IFCDIRECTION((1.,0.,0.));
#11397=IFCDIRECTION((0.,1.,0.));
#11398=IFCDIRECTION((0.,0.,1.));
#11399=IFCCARTESIANTRANSFORMATIONOPERATOR3D(#11396,#11397,#11395,1.,#11398);
#11400=IFCMAPPEDITEM(#11288,#11399);
#11401=IFCSHAPEREPRESENTATION(#11,'Body','MappedRepresentation',(#11400));
#11402=IFCCARTESIANPOINT((0.,0.,0.));
#11403=IFCDIRECTION((1.,0.,0.));
#11404=IFCDIRECTION((0.,1.,0.));
#11405=IFCDIRECTION((0.,0.,1.));
#11406=IFCCARTESIANTRANSFORMATIONOPERATOR3D(#11403,#11404,#11402,1.,#11405);
#11407=IFCMAPPEDITEM(#11366,#11406);
#11408=IFCSHAPEREPRESENTATION(#24,'Body','MappedRepresentation',(#11407));
#11409=IFCOPENINGELEMENT('1LnaDUJYD6HQMbz8$xxL3d',$,'Opening',$,$,#11578,#11437,$,.OPENING.);
#11425=IFCCARTESIANPOINT((0.,0.,0.));
#11426=IFCDIRECTION((1.,0.,0.));
#11427=IFCDIRECTION((0.,0.,1.));
#11428=IFCAXIS2PLACEMENT3D(#11425,#11427,#11426);
#11429=IFCREPRESENTATIONMAP(#11428,#11568);
#11430=IFCCARTESIANPOINT((0.,0.,0.));
#11431=IFCDIRECTION((1.,0.,0.));
#11432=IFCDIRECTION((0.,1.,0.));
#11433=IFCDIRECTION((0.,0.,1.));
#11434=IFCCARTESIANTRANSFORMATIONOPERATOR3D(#11431,#11432,#11430,1.,#11433);
#11435=IFCMAPPEDITEM(#11429,#11434);
#11436=IFCSHAPEREPRESENTATION(#11,'Body','MappedRepresentation',(#11435));
#11437=IFCPRODUCTDEFINITIONSHAPE($,$,(#11436));
#11438=IFCRELVOIDSELEMENT('22mLtxSF94z9xkaAAENa1N',$,$,$,#11175,#11409);
#11444=IFCRELFILLSELEMENT('0eysrrL$TFEP_9biaE1lgi',$,$,$,#11409,#11385);
#11465=IFCCARTESIANPOINTLIST3D(((0.,0.,0.),(0.83893811702728271,0.,0.),(0.83893811702728271,0.,2.),(0.,0.,2.)));
#11466=IFCINDEXEDPOLYCURVE(#11465,(IFCLINEINDEX((1,2,3,4,1))),$);
#11467=IFCSHAPEREPRESENTATION(#18,'Profile','Curve3D',(#11466));
#11468=IFCCARTESIANPOINTLIST2D(((0.,0.),(0.,2.),(0.83893811702728271,2.),(0.83893811702728271,0.),(0.81393811665475368,0.),(0.81393811665475368,1.974999999627471),(0.02500000037252903,1.974999999627471),(0.02500000037252903,0.)));
#11469=IFCINDEXEDPOLYCURVE(#11468,(IFCLINEINDEX((1,2,3,4,5,6,7,8,1))),$);
#11470=IFCARBITRARYCLOSEDPROFILEDEF(.AREA.,$,#11469);
#11471=IFCCARTESIANPOINT((0.,0.02500000037252903,0.));
#11472=IFCDIRECTION((0.,-1.,0.));
#11473=IFCDIRECTION((1.,0.,0.));
#11474=IFCAXIS2PLACEMENT3D(#11471,#11472,#11473);
#11475=IFCDIRECTION((0.,0.,-1.));
#11476=IFCEXTRUDEDAREASOLID(#11470,#11474,#11475,0.02500000037252903);
#11477=IFCCARTESIANPOINTLIST2D(((0.,0.),(0.,2.),(0.83893811702728271,2.),(0.83893811702728271,0.),(0.78893811628222466,0.),(0.78893811628222466,1.9499999992549419),(0.05000000074505806,1.9499999992549419),(0.05000000074505806,0.)));
#11478=IFCINDEXEDPOLYCURVE(#11477,(IFCLINEINDEX((1,2,3,4,5,6,7,8,1))),$);
#11479=IFCARBITRARYCLOSEDPROFILEDEF(.AREA.,$,#11478);
#11480=IFCCARTESIANPOINT((0.,0.,0.));
#11481=IFCDIRECTION((0.,-1.,0.));
#11482=IFCDIRECTION((1.,0.,0.));
#11483=IFCAXIS2PLACEMENT3D(#11480,#11481,#11482);
#11484=IFCDIRECTION((0.,0.,-1.));
#11485=IFCEXTRUDEDAREASOLID(#11479,#11483,#11484,0.02500000037252903);
#11486=IFCCARTESIANPOINTLIST2D(((0.,0.),(0.7389381155371666,0.),(0.7389381155371666,0.10000000149011612),(0.,0.10000000149011612)));
#11487=IFCINDEXEDPOLYCURVE(#11486,(IFCLINEINDEX((1,2,3,4,1))),$);
#11488=IFCARBITRARYCLOSEDPROFILEDEF(.AREA.,$,#11487);
#11489=IFCCARTESIANPOINT((0.05000000074505806,0.,0.));
#11490=IFCDIRECTION((0.,0.,1.));
#11491=IFCDIRECTION((1.,0.,0.));
#11492=IFCAXIS2PLACEMENT3D(#11489,#11490,#11491);
#11493=IFCDIRECTION((0.,0.,1.));
#11494=IFCEXTRUDEDAREASOLID(#11488,#11492,#11493,0.02500000037252903);
#11495=IFCCARTESIANPOINTLIST2D(((0.,0.),(0.,2.0250000022351742),(0.88893812149763107,2.0250000022351742),(0.88893812149763107,0.),(0.81393811851739883,0.),(0.81393811851739883,1.9499999992549419),(0.075000002980232239,1.9499999992549419),(0.075000002980232239,0.)));
#11496=IFCINDEXEDPOLYCURVE(#11495,(IFCLINEINDEX((1,2,3,4,5,6,7,8,1))),$);
#11497=IFCARBITRARYCLOSEDPROFILEDEF(.AREA.,$,#11496);
#11498=IFCCARTESIANPOINT((-0.025000002235174179,-0.004999999888241291,0.));
#11499=IFCDIRECTION((0.,-1.,0.));
#11500=IFCDIRECTION((1.,0.,0.));
#11501=IFCAXIS2PLACEMENT3D(#11498,#11499,#11500);
#11502=IFCDIRECTION((0.,0.,-1.));
#11503=IFCEXTRUDEDAREASOLID(#11497,#11501,#11502,0.004999999888241291);
#11504=IFCCARTESIANPOINTLIST2D(((0.,0.),(0.,2.0250000022351742),(0.88893812149763107,2.0250000022351742),(0.88893812149763107,0.),(0.83893811888992786,0.),(0.83893811888992786,1.974999999627471),(0.050000002607703209,1.974999999627471),(0.050000002607703209,0.)));
#11505=IFCINDEXEDPOLYCURVE(#11504,(IFCLINEINDEX((1,2,3,4,5,6,7,8,1))),$);
#11506=IFCARBITRARYCLOSEDPROFILEDEF(.AREA.,$,#11505);
#11507=IFCCARTESIANPOINT((-0.025000002235174179,0.05000000074505806,0.));
#11508=IFCDIRECTION((0.,-1.,0.));
#11509=IFCDIRECTION((1.,0.,0.));
#11510=IFCAXIS2PLACEMENT3D(#11507,#11508,#11509);
#11511=IFCDIRECTION((0.,0.,-1.));
#11512=IFCEXTRUDEDAREASOLID(#11506,#11510,#11511,0.004999999888241291);
#11513=IFCCARTESIANPOINTLIST2D(((0.,0.),(0.78893811628222466,0.),(0.78893811628222466,0.035000000149011612),(0.,0.035000000149011612)));
#11514=IFCINDEXEDPOLYCURVE(#11513,(IFCLINEINDEX((1,2,3,4,1))),$);
#11515=IFCARBITRARYCLOSEDPROFILEDEF(.AREA.,$,#11514);
#11516=IFCCARTESIANPOINT((0.02500000037252903,0.02500000037252903,0.02500000037252903));
#11517=IFCDIRECTION((0.,0.,1.));
#11518=IFCDIRECTION((1.,0.,0.));
#11519=IFCAXIS2PLACEMENT3D(#11516,#11517,#11518);
#11520=IFCDIRECTION((0.,0.,1.));
#11521=IFCEXTRUDEDAREASOLID(#11515,#11519,#11520,1.9499999992549419);
#11522=IFCCARTESIANPOINTLIST2D(((0.,0.),(0.,-0.040000000000000001),(-0.11999999999999988,-0.040000000000000001),(-0.11999999999999988,-0.02),(-0.020000000000000018,-0.02),(-0.020000000000000018,0.)));
#11523=IFCINDEXEDPOLYCURVE(#11522,(IFCLINEINDEX((1,2,3,4,5,6,1))),$);
#11524=IFCARBITRARYCLOSEDPROFILEDEF(.AREA.,$,#11523);
#11525=IFCCARTESIANPOINT((0.76393811665475364,0.02500000037252903,1.015000000372529));
#11526=IFCDIRECTION((0.,0.,1.));
#11527=IFCDIRECTION((1.,0.,0.));
#11528=IFCAXIS2PLACEMENT3D(#11525,#11526,#11527);
#11529=IFCDIRECTION((0.,0.,1.));
#11530=IFCEXTRUDEDAREASOLID(#11524,#11528,#11529,0.02);
#11531=IFCEXTRUDEDAREASOLID(#11532,#11535,#11539,0.02);
#11532=IFCARBITRARYCLOSEDPROFILEDEF(.AREA.,$,#11533);
#11533=IFCINDEXEDPOLYCURVE(#11534,(IFCLINEINDEX((1,2,3,4,5,6,1))),$);
#11534=IFCCARTESIANPOINTLIST2D(((0.,0.),(0.,0.040000000000000008),(-0.11999999999999988,0.040000000000000008),(-0.11999999999999988,0.020000000000000004),(-0.020000000000000018,0.020000000000000004),(-0.020000000000000018,0.)));
#11535=IFCAXIS2PLACEMENT3D(#11536,#11537,#11538);
#11536=IFCCARTESIANPOINT((0.76393811665475364,0.060000000521540642,1.015000000372529));
#11537=IFCDIRECTION((0.,0.,1.));
#11538=IFCDIRECTION((1.,0.,0.));
#11539=IFCDIRECTION((0.,0.,1.));
#11540=IFCSHAPEREPRESENTATION(#11,'Body','SweptSolid',(#11476,#11485,#11521,#11530,#11531,#11494,#11503,#11512));
#11541=IFCSHAPEREPRESENTATION(#11,'Body','SweptSolid',(#11476,#11485,#11494,#11503,#11512));
#11542=IFCSHAPEASPECT((#11541),'Lining',$,.T.,#11394);
#11543=IFCSHAPEREPRESENTATION(#11,'Body','SweptSolid',(#11521,#11530,#11531));
#11544=IFCSHAPEASPECT((#11543),'Framing',$,.T.,#11394);
#11545=IFCCARTESIANPOINTLIST2D(((0.,0.),(0.,0.05000000074505806),(0.02500000037252903,0.05000000074505806),(0.02500000037252903,0.02500000037252903),(0.05000000074505806,0.02500000037252903),(0.05000000074505806,0.)));
#11546=IFCINDEXEDPOLYCURVE(#11545,(IFCLINEINDEX((1,2,3,4,5,6,1))),$);
#11547=IFCINDEXEDPOLYCURVE(#11548,(IFCLINEINDEX((1,2,3,4,5,6,1))),$);
#11548=IFCCARTESIANPOINTLIST2D(((0.83893811702728271,0.),(0.83893811702728271,0.05000000074505806),(0.81393811665475368,0.05000000074505806),(0.81393811665475368,0.02500000037252903),(0.78893811628222466,0.02500000037252903),(0.78893811628222466,0.)));
#11549=IFCDIRECTION((1.,0.));
#11550=IFCCARTESIANPOINT((0.060000000521540642,0.05000000074505806));
#11551=IFCAXIS2PLACEMENT2D(#11550,#11549);
#11552=IFCELLIPSE(#11551,0.75393811613321304,0.78893811628222466);
#11553=IFCCARTESIANPOINT((0.81393811665475368,0.05000000074505806));
#11554=IFCCARTESIANPOINT((0.060000000521540642,0.83893811702728271));
#11555=IFCTRIMMEDCURVE(#11552,(#11553),(#11554),.T.,.CARTESIAN.);
#11556=IFCCARTESIANPOINTLIST2D(((0.02500000037252903,0.05000000074505806),(0.060000000521540642,0.05000000074505806),(0.060000000521540642,0.83893811702728271),(0.02500000037252903,0.83893811702728271)));
#11557=IFCINDEXEDPOLYCURVE(#11556,(IFCLINEINDEX((1,2,3,4,1))),$);
#11558=IFCSHAPEREPRESENTATION(#24,'Body','Curve2D',(#11546,#11547,#11555,#11557));
#11559=IFCCARTESIANPOINTLIST2D(((0.,0.),(0.83893811702728271,0.),(0.83893811702728271,2.),(0.,2.)));
#11560=IFCINDEXEDPOLYCURVE(#11559,(IFCLINEINDEX((1,2,3,4,1))),$);
#11561=IFCARBITRARYCLOSEDPROFILEDEF(.AREA.,$,#11560);
#11562=IFCCARTESIANPOINT((0.,-0.60000002384185791,0.));
#11563=IFCDIRECTION((0.,-1.,0.));
#11564=IFCDIRECTION((1.,0.,0.));
#11565=IFCAXIS2PLACEMENT3D(#11562,#11563,#11564);
#11566=IFCDIRECTION((0.,0.,-1.));
#11567=IFCEXTRUDEDAREASOLID(#11561,#11565,#11566,1.2);
#11568=IFCSHAPEREPRESENTATION(#11,'Body','SweptSolid',(#11567));
#11574=IFCCARTESIANPOINT((3.4750537344597383,0.084999132353726026,0.));
#11575=IFCDIRECTION((0.,0.,1.));
#11576=IFCDIRECTION((-0.99999999999994693,3.2584135567499759E-07,0.));
#11577=IFCAXIS2PLACEMENT3D(#11574,#11575,#11576);
#11578=IFCLOCALPLACEMENT(#18952,#11577);
#11606=IFCWINDOWTYPE('3gcVTbNLr8Mw1WEDhYrDLG',$,'Master''s-2F-1',$,$,(#11607),(#11609,#11617,#11665),$,$,.WINDOW.,.SINGLE_PANEL.,$,$);
#11607=IFCPROPERTYSET('3af7kORZb2gh3ibXkOzwYp',$,'BBIM_Window',$,(#11608));
#11608=IFCPROPERTYSINGLEVALUE('Data',$,IFCTEXT('{"window_type": "SINGLE_PANEL", "overall_height": 0.8999999761581421, "overall_width": 0.758299708366394, "lining_properties": {"lining_depth": 0.05000000074505806, "lining_thickness": 0.05000000074505806, "lining_offset": 0.05000000074505806, "lining_to_panel_offset_x": 0.02500000037252903, "lining_to_panel_offset_y": 0.02500000037252903}, "panel_properties": {"frame_depth": [0.03500000014901161, 0.03500000014901161, 0.03500000014901161], "frame_thickness": [0.03500000014901161, 0.03500000014901161, 0.03500000014901161]}}'),$);
#11609=IFCREPRESENTATIONMAP(#11610,#11903);
#11610=IFCAXIS2PLACEMENT3D(#11611,#11612,#11613);
#11611=IFCCARTESIANPOINT((0.,0.,0.));
#11612=IFCDIRECTION((0.,0.,1.));
#11613=IFCDIRECTION((1.,0.,0.));
#11617=IFCREPRESENTATIONMAP(#11618,#11946);
#11618=IFCAXIS2PLACEMENT3D(#11619,#11620,#11621);
#11619=IFCCARTESIANPOINT((0.,0.,0.));
#11620=IFCDIRECTION((0.,0.,1.));
#11621=IFCDIRECTION((1.,0.,0.));
#11665=IFCREPRESENTATIONMAP(#11666,#11963);
#11666=IFCAXIS2PLACEMENT3D(#11667,#11668,#11669);
#11667=IFCCARTESIANPOINT((0.,0.,0.));
#11668=IFCDIRECTION((0.,0.,1.));
#11669=IFCDIRECTION((1.,0.,0.));
#11697=IFCWINDOW('3NylalwGz5R8C1f1_ltJVj',$,'Window',$,$,#15548,#11706,$,0.89999997615814209,0.75829970836639404,$,.SINGLE_PANEL.,$);
#11698=IFCRELDEFINESBYTYPE('3HLm$fTyH1ff9bfOoi_BwR',$,$,$,(#11697),#11606);
#11699=IFCCARTESIANPOINT((0.,0.,0.));
#11700=IFCDIRECTION((1.,0.,0.));
#11701=IFCDIRECTION((0.,1.,0.));
#11702=IFCDIRECTION((0.,0.,1.));
#11703=IFCCARTESIANTRANSFORMATIONOPERATOR3D(#11700,#11701,#11699,1.,#11702);
#11704=IFCMAPPEDITEM(#11609,#11703);
#11705=IFCSHAPEREPRESENTATION(#18,'Profile','MappedRepresentation',(#11704));
#11706=IFCPRODUCTDEFINITIONSHAPE($,$,(#11705,#11713,#11720));
#11707=IFCCARTESIANPOINT((0.,0.,0.));
#11708=IFCDIRECTION((1.,0.,0.));
#11709=IFCDIRECTION((0.,1.,0.));
#11710=IFCDIRECTION((0.,0.,1.));
#11711=IFCCARTESIANTRANSFORMATIONOPERATOR3D(#11708,#11709,#11707,1.,#11710);
#11712=IFCMAPPEDITEM(#11617,#11711);
#11713=IFCSHAPEREPRESENTATION(#11,'Body','MappedRepresentation',(#11712));
#11714=IFCCARTESIANPOINT((0.,0.,0.));
#11715=IFCDIRECTION((1.,0.,0.));
#11716=IFCDIRECTION((0.,1.,0.));
#11717=IFCDIRECTION((0.,0.,1.));
#11718=IFCCARTESIANTRANSFORMATIONOPERATOR3D(#11715,#11716,#11714,1.,#11717);
#11719=IFCMAPPEDITEM(#11665,#11718);
#11720=IFCSHAPEREPRESENTATION(#24,'Body','MappedRepresentation',(#11719));
#11721=IFCOPENINGELEMENT('2YBw_ttEX3IfBPw2DFd5G5',$,'Opening',$,$,#11983,#11749,$,.OPENING.);
#11737=IFCCARTESIANPOINT((0.,0.,0.));
#11738=IFCDIRECTION((1.,0.,0.));
#11739=IFCDIRECTION((0.,0.,1.));
#11740=IFCAXIS2PLACEMENT3D(#11737,#11739,#11738);
#11741=IFCREPRESENTATIONMAP(#11740,#11973);
#11742=IFCCARTESIANPOINT((0.,0.,0.));
#11743=IFCDIRECTION((1.,0.,0.));
#11744=IFCDIRECTION((0.,1.,0.));
#11745=IFCDIRECTION((0.,0.,1.));
#11746=IFCCARTESIANTRANSFORMATIONOPERATOR3D(#11743,#11744,#11742,1.,#11745);
#11747=IFCMAPPEDITEM(#11741,#11746);
#11748=IFCSHAPEREPRESENTATION(#11,'Body','MappedRepresentation',(#11747));
#11749=IFCPRODUCTDEFINITIONSHAPE($,$,(#11748));
#11750=IFCRELVOIDSELEMENT('382yr3Fmb5lhp0RjBzCMc_',$,$,$,#6588,#11721);
#11756=IFCRELFILLSELEMENT('2XExzSYwbE7v1FoRkcjca7',$,$,$,#11721,#11697);
#11795=IFCCARTESIANPOINTLIST2D(((0.,0.),(0.75829970836639404,0.),(0.75829970836639404,0.89999997615814209),(0.,0.89999997615814209)));
#11796=IFCINDEXEDPOLYCURVE(#11795,(IFCLINEINDEX((1,2,3,4,1))),$);
#11797=IFCCARTESIANPOINTLIST2D(((0.02500000037252903,0.02500000037252903),(0.73329970799386501,0.02500000037252903),(0.73329970799386501,0.87499997578561306),(0.02500000037252903,0.87499997578561306)));
#11798=IFCINDEXEDPOLYCURVE(#11797,(IFCLINEINDEX((1,2,3,4,1))),$);
#11799=IFCARBITRARYPROFILEDEFWITHVOIDS(.AREA.,$,#11796,(#11798));
#11800=IFCCARTESIANPOINT((0.,0.090000001713633537,0.));
#11801=IFCDIRECTION((0.,-1.,0.));
#11802=IFCDIRECTION((1.,0.,0.));
#11803=IFCAXIS2PLACEMENT3D(#11800,#11801,#11802);
#11804=IFCDIRECTION((0.,0.,-1.));
#11805=IFCEXTRUDEDAREASOLID(#11799,#11803,#11804,0.0099999997764825821);
#11806=IFCCARTESIANPOINTLIST2D(((0.,0.),(0.75829970836639404,0.),(0.75829970836639404,0.89999997615814209),(0.,0.89999997615814209)));
#11807=IFCINDEXEDPOLYCURVE(#11806,(IFCLINEINDEX((1,2,3,4,1))),$);
#11808=IFCCARTESIANPOINTLIST2D(((0.05000000074505806,0.05000000074505806),(0.70829970762133598,0.05000000074505806),(0.70829970762133598,0.84999997541308403),(0.05000000074505806,0.84999997541308403)));
#11809=IFCINDEXEDPOLYCURVE(#11808,(IFCLINEINDEX((1,2,3,4,1))),$);
#11810=IFCARBITRARYPROFILEDEFWITHVOIDS(.AREA.,$,#11807,(#11809));
#11811=IFCCARTESIANPOINT((0.,0.05000000074505806,0.));
#11812=IFCDIRECTION((0.,-1.,0.));
#11813=IFCDIRECTION((1.,0.,0.));
#11814=IFCAXIS2PLACEMENT3D(#11811,#11812,#11813);
#11815=IFCDIRECTION((0.,0.,-1.));
#11816=IFCEXTRUDEDAREASOLID(#11810,#11814,#11815,0.040000000968575478);
#11817=IFCCARTESIANPOINTLIST2D(((0.,0.),(0.70829970762133598,0.),(0.70829970762133598,0.84999997541308403),(0.,0.84999997541308403)));
#11818=IFCINDEXEDPOLYCURVE(#11817,(IFCLINEINDEX((1,2,3,4,1))),$);
#11819=IFCCARTESIANPOINTLIST2D(((0.035000000149011612,0.035000000149011612),(0.67329970747232437,0.035000000149011612),(0.67329970747232437,0.81499997526407242),(0.035000000149011612,0.81499997526407242)));
#11820=IFCINDEXEDPOLYCURVE(#11819,(IFCLINEINDEX((1,2,3,4,1))),$);
#11821=IFCARBITRARYPROFILEDEFWITHVOIDS(.AREA.,$,#11818,(#11820));
#11822=IFCCARTESIANPOINT((0.02500000037252903,0.090000001713633537,0.02500000037252903));
#11823=IFCDIRECTION((0.,-1.,0.));
#11824=IFCDIRECTION((1.,0.,0.));
#11825=IFCAXIS2PLACEMENT3D(#11822,#11823,#11824);
#11826=IFCDIRECTION((0.,0.,-1.));
#11827=IFCEXTRUDEDAREASOLID(#11821,#11825,#11826,0.035000000149011612);
#11828=IFCINDEXEDPOLYCURVE(#11829,(IFCLINEINDEX((1,2,3,4,1))),$);
#11829=IFCCARTESIANPOINTLIST2D(((0.035000000149011612,0.035000000149011612),(0.67329970747232437,0.035000000149011612),(0.67329970747232437,0.81499997526407242),(0.035000000149011612,0.81499997526407242)));
#11830=IFCARBITRARYCLOSEDPROFILEDEF(.AREA.,$,#11828);
#11831=IFCCARTESIANPOINT((0.02500000037252903,0.10250000178813934,0.02500000037252903));
#11832=IFCDIRECTION((0.,-1.,0.));
#11833=IFCDIRECTION((1.,0.,0.));
#11834=IFCAXIS2PLACEMENT3D(#11831,#11832,#11833);
#11835=IFCDIRECTION((0.,0.,-1.));
#11836=IFCEXTRUDEDAREASOLID(#11830,#11834,#11835,0.01);
#11838=IFCSHAPEREPRESENTATION(#11,'Body','SweptSolid',(#11816,#11805,#11914,#11925));
#11839=IFCSHAPEASPECT((#11838),'Lining',$,.T.,#11706);
#11840=IFCSHAPEREPRESENTATION(#11,'Body','SweptSolid',(#11827,#11936));
#11841=IFCSHAPEASPECT((#11840),'Framing',$,.T.,#11706);
#11842=IFCSHAPEREPRESENTATION(#11,'Body','SweptSolid',(#11836,#11945));
#11843=IFCSHAPEASPECT((#11842),'Glazing',$,.T.,#11706);
#11901=IFCCARTESIANPOINTLIST3D(((0.,0.,0.),(0.75829970836639404,0.,0.),(0.75829970836639404,0.,0.89999997615814209),(0.,0.,0.89999997615814209)));
#11902=IFCINDEXEDPOLYCURVE(#11901,(IFCLINEINDEX((1,2,3,4,1))),$);
#11903=IFCSHAPEREPRESENTATION(#18,'Profile','Curve3D',(#11902));
#11904=IFCCARTESIANPOINTLIST2D(((0.,0.),(0.75829970836639404,0.),(0.75829970836639404,0.89999997615814209),(0.,0.89999997615814209)));
#11905=IFCINDEXEDPOLYCURVE(#11904,(IFCLINEINDEX((1,2,3,4,1))),$);
#11906=IFCCARTESIANPOINTLIST2D(((0.02500000037252903,0.02500000037252903),(0.73329970799386501,0.02500000037252903),(0.73329970799386501,0.87499997578561306),(0.02500000037252903,0.87499997578561306)));
#11907=IFCINDEXEDPOLYCURVE(#11906,(IFCLINEINDEX((1,2,3,4,1))),$);
#11908=IFCARBITRARYPROFILEDEFWITHVOIDS(.AREA.,$,#11905,(#11907));
#11909=IFCCARTESIANPOINT((0.,0.090000001713633537,0.));
#11910=IFCDIRECTION((0.,-1.,0.));
#11911=IFCDIRECTION((1.,0.,0.));
#11912=IFCAXIS2PLACEMENT3D(#11909,#11910,#11911);
#11913=IFCDIRECTION((0.,0.,-1.));
#11914=IFCEXTRUDEDAREASOLID(#11908,#11912,#11913,0.0099999997764825821);
#11915=IFCCARTESIANPOINTLIST2D(((0.,0.),(0.75829970836639404,0.),(0.75829970836639404,0.89999997615814209),(0.,0.89999997615814209)));
#11916=IFCINDEXEDPOLYCURVE(#11915,(IFCLINEINDEX((1,2,3,4,1))),$);
#11917=IFCCARTESIANPOINTLIST2D(((0.05000000074505806,0.05000000074505806),(0.70829970762133598,0.05000000074505806),(0.70829970762133598,0.84999997541308403),(0.05000000074505806,0.84999997541308403)));
#11918=IFCINDEXEDPOLYCURVE(#11917,(IFCLINEINDEX((1,2,3,4,1))),$);
#11919=IFCARBITRARYPROFILEDEFWITHVOIDS(.AREA.,$,#11916,(#11918));
#11920=IFCCARTESIANPOINT((0.,0.05000000074505806,0.));
#11921=IFCDIRECTION((0.,-1.,0.));
#11922=IFCDIRECTION((1.,0.,0.));
#11923=IFCAXIS2PLACEMENT3D(#11920,#11921,#11922);
#11924=IFCDIRECTION((0.,0.,-1.));
#11925=IFCEXTRUDEDAREASOLID(#11919,#11923,#11924,0.040000000968575478);
#11926=IFCCARTESIANPOINTLIST2D(((0.,0.),(0.70829970762133598,0.),(0.70829970762133598,0.84999997541308403),(0.,0.84999997541308403)));
#11927=IFCINDEXEDPOLYCURVE(#11926,(IFCLINEINDEX((1,2,3,4,1))),$);
#11928=IFCCARTESIANPOINTLIST2D(((0.035000000149011612,0.035000000149011612),(0.67329970747232437,0.035000000149011612),(0.67329970747232437,0.81499997526407242),(0.035000000149011612,0.81499997526407242)));
#11929=IFCINDEXEDPOLYCURVE(#11928,(IFCLINEINDEX((1,2,3,4,1))),$);
#11930=IFCARBITRARYPROFILEDEFWITHVOIDS(.AREA.,$,#11927,(#11929));
#11931=IFCCARTESIANPOINT((0.02500000037252903,0.090000001713633537,0.02500000037252903));
#11932=IFCDIRECTION((0.,-1.,0.));
#11933=IFCDIRECTION((1.,0.,0.));
#11934=IFCAXIS2PLACEMENT3D(#11931,#11932,#11933);
#11935=IFCDIRECTION((0.,0.,-1.));
#11936=IFCEXTRUDEDAREASOLID(#11930,#11934,#11935,0.035000000149011612);
#11937=IFCINDEXEDPOLYCURVE(#11938,(IFCLINEINDEX((1,2,3,4,1))),$);
#11938=IFCCARTESIANPOINTLIST2D(((0.035000000149011612,0.035000000149011612),(0.67329970747232437,0.035000000149011612),(0.67329970747232437,0.81499997526407242),(0.035000000149011612,0.81499997526407242)));
#11939=IFCARBITRARYCLOSEDPROFILEDEF(.AREA.,$,#11937);
#11940=IFCCARTESIANPOINT((0.02500000037252903,0.10250000178813934,0.02500000037252903));
#11941=IFCDIRECTION((0.,-1.,0.));
#11942=IFCDIRECTION((1.,0.,0.));
#11943=IFCAXIS2PLACEMENT3D(#11940,#11941,#11942);
#11944=IFCDIRECTION((0.,0.,-1.));
#11945=IFCEXTRUDEDAREASOLID(#11939,#11943,#11944,0.01);
#11946=IFCSHAPEREPRESENTATION(#11,'Body','SweptSolid',(#11914,#11925,#11936,#11945));
#11947=IFCCARTESIANPOINTLIST2D(((0.05000000074505806,0.05000000074505806),(0.70829970762133598,0.05000000074505806)));
#11948=IFCINDEXEDPOLYCURVE(#11947,$,$);
#11949=IFCCARTESIANPOINTLIST2D(((0.,0.10000000149011612),(0.02500000037252903,0.10000000149011612),(0.02500000037252903,0.090000001713633537),(0.05000000074505806,0.090000001713633537),(0.05000000074505806,0.05000000074505806),(0.,0.05000000074505806)));
#11950=IFCINDEXEDPOLYCURVE(#11949,(IFCLINEINDEX((1,2,3,4,5,6,1))),$);
#11951=IFCCARTESIANPOINTLIST2D(((0.75829970836639404,0.10000000149011612),(0.73329970799386501,0.10000000149011612),(0.73329970799386501,0.090000001713633537),(0.70829970762133598,0.090000001713633537),(0.70829970762133598,0.05000000074505806),(0.75829970836639404,0.05000000074505806)));
#11952=IFCINDEXEDPOLYCURVE(#11951,(IFCLINEINDEX((1,2,3,4,5,6,1))),$);
#11953=IFCCARTESIANPOINTLIST2D(((0.02500000037252903,0.090000001713633537),(0.060000000521540642,0.090000001713633537),(0.060000000521540642,0.12500000186264515),(0.02500000037252903,0.12500000186264515)));
#11954=IFCINDEXEDPOLYCURVE(#11953,(IFCLINEINDEX((1,2,3,4,1))),$);
#11955=IFCINDEXEDPOLYCURVE(#11956,(IFCLINEINDEX((1,2,3,4,1))),$);
#11956=IFCCARTESIANPOINTLIST2D(((0.73329970799386501,0.090000001713633537),(0.6982997078448534,0.090000001713633537),(0.6982997078448534,0.12500000186264515),(0.73329970799386501,0.12500000186264515)));
#11957=IFCCARTESIANPOINTLIST2D(((0.060000000521540642,0.090000001713633537),(0.6982997078448534,0.090000001713633537)));
#11958=IFCINDEXEDPOLYCURVE(#11957,$,$);
#11959=IFCINDEXEDPOLYCURVE(#11960,$,$);
#11960=IFCCARTESIANPOINTLIST2D(((0.060000000521540642,0.12500000186264515),(0.6982997078448534,0.12500000186264515)));
#11961=IFCINDEXEDPOLYCURVE(#11962,$,$);
#11962=IFCCARTESIANPOINTLIST2D(((0.060000000521540642,0.10750000178813934),(0.6982997078448534,0.10750000178813934)));
#11963=IFCSHAPEREPRESENTATION(#24,'Body','Curve2D',(#11948,#11950,#11952,#11954,#11955,#11958,#11959,#11961));
#11964=IFCCARTESIANPOINTLIST2D(((0.,0.),(0.75829970836639404,0.),(0.75829970836639404,0.89999997615814209),(0.,0.89999997615814209)));
#11965=IFCINDEXEDPOLYCURVE(#11964,(IFCLINEINDEX((1,2,3,4,1))),$);
#11966=IFCARBITRARYCLOSEDPROFILEDEF(.AREA.,$,#11965);
#11967=IFCCARTESIANPOINT((0.,-0.60000002384185791,0.));
#11968=IFCDIRECTION((0.,-1.,0.));
#11969=IFCDIRECTION((1.,0.,0.));
#11970=IFCAXIS2PLACEMENT3D(#11967,#11968,#11969);
#11971=IFCDIRECTION((0.,0.,-1.));
#11972=IFCEXTRUDEDAREASOLID(#11966,#11970,#11971,1.2);
#11973=IFCSHAPEREPRESENTATION(#11,'Body','SweptSolid',(#11972));
#11979=IFCCARTESIANPOINT((3.4312268777689998,0.099999634402608173,1.));
#11980=IFCDIRECTION((0.,0.,1.));
#11981=IFCDIRECTION((-0.99999999999999944,-3.1786498766447871E-08,0.));
#11982=IFCAXIS2PLACEMENT3D(#11979,#11980,#11981);
#11983=IFCLOCALPLACEMENT(#18917,#11982);
#11989=IFCWINDOWTYPE('3xbF4rQyDCIuQ2AMEHebiZ',$,'Master''s-2F-2',$,$,(#11990),(#11992,#12000,#12048),$,$,.WINDOW.,.SINGLE_PANEL.,$,$);
#11990=IFCPROPERTYSET('02a5QXlBz5lQUsaQBZvi04',$,'BBIM_Window',$,(#11991));
#11991=IFCPROPERTYSINGLEVALUE('Data',$,IFCTEXT('{"window_type": "SINGLE_PANEL", "overall_height": 0.8999999761581421, "overall_width": 0.7549988031387329, "lining_properties": {"lining_depth": 0.05000000074505806, "lining_thickness": 0.05000000074505806, "lining_offset": 0.05000000074505806, "lining_to_panel_offset_x": 0.02500000037252903, "lining_to_panel_offset_y": 0.02500000037252903}, "panel_properties": {"frame_depth": [0.03500000014901161, 0.03500000014901161, 0.03500000014901161], "frame_thickness": [0.03500000014901161, 0.03500000014901161, 0.03500000014901161]}}'),$);
#11992=IFCREPRESENTATIONMAP(#11993,#12276);
#11993=IFCAXIS2PLACEMENT3D(#11994,#11995,#11996);
#11994=IFCCARTESIANPOINT((0.,0.,0.));
#11995=IFCDIRECTION((0.,0.,1.));
#11996=IFCDIRECTION((1.,0.,0.));
#12000=IFCREPRESENTATIONMAP(#12001,#12319);
#12001=IFCAXIS2PLACEMENT3D(#12002,#12003,#12004);
#12002=IFCCARTESIANPOINT((0.,0.,0.));
#12003=IFCDIRECTION((0.,0.,1.));
#12004=IFCDIRECTION((1.,0.,0.));
#12048=IFCREPRESENTATIONMAP(#12049,#12336);
#12049=IFCAXIS2PLACEMENT3D(#12050,#12051,#12052);
#12050=IFCCARTESIANPOINT((0.,0.,0.));
#12051=IFCDIRECTION((0.,0.,1.));
#12052=IFCDIRECTION((1.,0.,0.));
#12070=IFCWINDOW('1VWNZx3B10jPU6uFcI0cfD',$,'Window.004',$,$,#15553,#12079,$,0.89999997615814209,0.75499880313873291,$,.SINGLE_PANEL.,$);
#12071=IFCRELDEFINESBYTYPE('2FRCjp5Kv3Ehx$937yIw10',$,$,$,(#12070),#11989);
#12072=IFCCARTESIANPOINT((0.,0.,0.));
#12073=IFCDIRECTION((1.,0.,0.));
#12074=IFCDIRECTION((0.,1.,0.));
#12075=IFCDIRECTION((0.,0.,1.));
#12076=IFCCARTESIANTRANSFORMATIONOPERATOR3D(#12073,#12074,#12072,1.,#12075);
#12077=IFCMAPPEDITEM(#11992,#12076);
#12078=IFCSHAPEREPRESENTATION(#18,'Profile','MappedRepresentation',(#12077));
#12079=IFCPRODUCTDEFINITIONSHAPE($,$,(#12078,#12086,#12093));
#12080=IFCCARTESIANPOINT((0.,0.,0.));
#12081=IFCDIRECTION((1.,0.,0.));
#12082=IFCDIRECTION((0.,1.,0.));
#12083=IFCDIRECTION((0.,0.,1.));
#12084=IFCCARTESIANTRANSFORMATIONOPERATOR3D(#12081,#12082,#12080,1.,#12083);
#12085=IFCMAPPEDITEM(#12000,#12084);
#12086=IFCSHAPEREPRESENTATION(#11,'Body','MappedRepresentation',(#12085));
#12087=IFCCARTESIANPOINT((0.,0.,0.));
#12088=IFCDIRECTION((1.,0.,0.));
#12089=IFCDIRECTION((0.,1.,0.));
#12090=IFCDIRECTION((0.,0.,1.));
#12091=IFCCARTESIANTRANSFORMATIONOPERATOR3D(#12088,#12089,#12087,1.,#12090);
#12092=IFCMAPPEDITEM(#12048,#12091);
#12093=IFCSHAPEREPRESENTATION(#24,'Body','MappedRepresentation',(#12092));
#12094=IFCOPENINGELEMENT('1uywVbl65CL8_40P$TrLiV',$,'Opening',$,$,#12356,#12122,$,.OPENING.);
#12110=IFCCARTESIANPOINT((0.,0.,0.));
#12111=IFCDIRECTION((1.,0.,0.));
#12112=IFCDIRECTION((0.,0.,1.));
#12113=IFCAXIS2PLACEMENT3D(#12110,#12112,#12111);
#12114=IFCREPRESENTATIONMAP(#12113,#12346);
#12115=IFCCARTESIANPOINT((0.,0.,0.));
#12116=IFCDIRECTION((1.,0.,0.));
#12117=IFCDIRECTION((0.,1.,0.));
#12118=IFCDIRECTION((0.,0.,1.));
#12119=IFCCARTESIANTRANSFORMATIONOPERATOR3D(#12116,#12117,#12115,1.,#12118);
#12120=IFCMAPPEDITEM(#12114,#12119);
#12121=IFCSHAPEREPRESENTATION(#11,'Body','MappedRepresentation',(#12120));
#12122=IFCPRODUCTDEFINITIONSHAPE($,$,(#12121));
#12123=IFCRELVOIDSELEMENT('09TMk1G2b8YBkaexqklFdV',$,$,$,#6588,#12094);
#12129=IFCRELFILLSELEMENT('3YPSvymSj4WvEp9ZlsfWdo',$,$,$,#12094,#12070);
#12168=IFCCARTESIANPOINTLIST2D(((0.,0.),(0.75499880313873291,0.),(0.75499880313873291,0.89999997615814209),(0.,0.89999997615814209)));
#12169=IFCINDEXEDPOLYCURVE(#12168,(IFCLINEINDEX((1,2,3,4,1))),$);
#12170=IFCCARTESIANPOINTLIST2D(((0.02500000037252903,0.02500000037252903),(0.72999880276620388,0.02500000037252903),(0.72999880276620388,0.87499997578561306),(0.02500000037252903,0.87499997578561306)));
#12171=IFCINDEXEDPOLYCURVE(#12170,(IFCLINEINDEX((1,2,3,4,1))),$);
#12172=IFCARBITRARYPROFILEDEFWITHVOIDS(.AREA.,$,#12169,(#12171));
#12173=IFCCARTESIANPOINT((0.,0.090000001713633537,0.));
#12174=IFCDIRECTION((0.,-1.,0.));
#12175=IFCDIRECTION((1.,0.,0.));
#12176=IFCAXIS2PLACEMENT3D(#12173,#12174,#12175);
#12177=IFCDIRECTION((0.,0.,-1.));
#12178=IFCEXTRUDEDAREASOLID(#12172,#12176,#12177,0.0099999997764825821);
#12179=IFCCARTESIANPOINTLIST2D(((0.,0.),(0.75499880313873291,0.),(0.75499880313873291,0.89999997615814209),(0.,0.89999997615814209)));
#12180=IFCINDEXEDPOLYCURVE(#12179,(IFCLINEINDEX((1,2,3,4,1))),$);
#12181=IFCCARTESIANPOINTLIST2D(((0.05000000074505806,0.05000000074505806),(0.70499880239367485,0.05000000074505806),(0.70499880239367485,0.84999997541308403),(0.05000000074505806,0.84999997541308403)));
#12182=IFCINDEXEDPOLYCURVE(#12181,(IFCLINEINDEX((1,2,3,4,1))),$);
#12183=IFCARBITRARYPROFILEDEFWITHVOIDS(.AREA.,$,#12180,(#12182));
#12184=IFCCARTESIANPOINT((0.,0.05000000074505806,0.));
#12185=IFCDIRECTION((0.,-1.,0.));
#12186=IFCDIRECTION((1.,0.,0.));
#12187=IFCAXIS2PLACEMENT3D(#12184,#12185,#12186);
#12188=IFCDIRECTION((0.,0.,-1.));
#12189=IFCEXTRUDEDAREASOLID(#12183,#12187,#12188,0.040000000968575478);
#12190=IFCCARTESIANPOINTLIST2D(((0.,0.),(0.70499880239367485,0.),(0.70499880239367485,0.84999997541308403),(0.,0.84999997541308403)));
#12191=IFCINDEXEDPOLYCURVE(#12190,(IFCLINEINDEX((1,2,3,4,1))),$);
#12192=IFCCARTESIANPOINTLIST2D(((0.035000000149011612,0.035000000149011612),(0.66999880224466324,0.035000000149011612),(0.66999880224466324,0.81499997526407242),(0.035000000149011612,0.81499997526407242)));
#12193=IFCINDEXEDPOLYCURVE(#12192,(IFCLINEINDEX((1,2,3,4,1))),$);
#12194=IFCARBITRARYPROFILEDEFWITHVOIDS(.AREA.,$,#12191,(#12193));
#12195=IFCCARTESIANPOINT((0.02500000037252903,0.090000001713633537,0.02500000037252903));
#12196=IFCDIRECTION((0.,-1.,0.));
#12197=IFCDIRECTION((1.,0.,0.));
#12198=IFCAXIS2PLACEMENT3D(#12195,#12196,#12197);
#12199=IFCDIRECTION((0.,0.,-1.));
#12200=IFCEXTRUDEDAREASOLID(#12194,#12198,#12199,0.035000000149011612);
#12201=IFCINDEXEDPOLYCURVE(#12202,(IFCLINEINDEX((1,2,3,4,1))),$);
#12202=IFCCARTESIANPOINTLIST2D(((0.035000000149011612,0.035000000149011612),(0.66999880224466324,0.035000000149011612),(0.66999880224466324,0.81499997526407242),(0.035000000149011612,0.81499997526407242)));
#12203=IFCARBITRARYCLOSEDPROFILEDEF(.AREA.,$,#12201);
#12204=IFCCARTESIANPOINT((0.02500000037252903,0.10250000178813934,0.02500000037252903));
#12205=IFCDIRECTION((0.,-1.,0.));
#12206=IFCDIRECTION((1.,0.,0.));
#12207=IFCAXIS2PLACEMENT3D(#12204,#12205,#12206);
#12208=IFCDIRECTION((0.,0.,-1.));
#12209=IFCEXTRUDEDAREASOLID(#12203,#12207,#12208,0.01);
#12211=IFCSHAPEREPRESENTATION(#11,'Body','SweptSolid',(#12287,#12178,#12189,#12298));
#12212=IFCSHAPEASPECT((#12211),'Lining',$,.T.,#12079);
#12213=IFCSHAPEREPRESENTATION(#11,'Body','SweptSolid',(#12200,#12309));
#12214=IFCSHAPEASPECT((#12213),'Framing',$,.T.,#12079);
#12215=IFCSHAPEREPRESENTATION(#11,'Body','SweptSolid',(#12209,#12318));
#12216=IFCSHAPEASPECT((#12215),'Glazing',$,.T.,#12079);
#12274=IFCCARTESIANPOINTLIST3D(((0.,0.,0.),(0.75499880313873291,0.,0.),(0.75499880313873291,0.,0.89999997615814209),(0.,0.,0.89999997615814209)));
#12275=IFCINDEXEDPOLYCURVE(#12274,(IFCLINEINDEX((1,2,3,4,1))),$);
#12276=IFCSHAPEREPRESENTATION(#18,'Profile','Curve3D',(#12275));
#12277=IFCCARTESIANPOINTLIST2D(((0.,0.),(0.75499880313873291,0.),(0.75499880313873291,0.89999997615814209),(0.,0.89999997615814209)));
#12278=IFCINDEXEDPOLYCURVE(#12277,(IFCLINEINDEX((1,2,3,4,1))),$);
#12279=IFCCARTESIANPOINTLIST2D(((0.02500000037252903,0.02500000037252903),(0.72999880276620388,0.02500000037252903),(0.72999880276620388,0.87499997578561306),(0.02500000037252903,0.87499997578561306)));
#12280=IFCINDEXEDPOLYCURVE(#12279,(IFCLINEINDEX((1,2,3,4,1))),$);
#12281=IFCARBITRARYPROFILEDEFWITHVOIDS(.AREA.,$,#12278,(#12280));
#12282=IFCCARTESIANPOINT((0.,0.090000001713633537,0.));
#12283=IFCDIRECTION((0.,-1.,0.));
#12284=IFCDIRECTION((1.,0.,0.));
#12285=IFCAXIS2PLACEMENT3D(#12282,#12283,#12284);
#12286=IFCDIRECTION((0.,0.,-1.));
#12287=IFCEXTRUDEDAREASOLID(#12281,#12285,#12286,0.0099999997764825821);
#12288=IFCCARTESIANPOINTLIST2D(((0.,0.),(0.75499880313873291,0.),(0.75499880313873291,0.89999997615814209),(0.,0.89999997615814209)));
#12289=IFCINDEXEDPOLYCURVE(#12288,(IFCLINEINDEX((1,2,3,4,1))),$);
#12290=IFCCARTESIANPOINTLIST2D(((0.05000000074505806,0.05000000074505806),(0.70499880239367485,0.05000000074505806),(0.70499880239367485,0.84999997541308403),(0.05000000074505806,0.84999997541308403)));
#12291=IFCINDEXEDPOLYCURVE(#12290,(IFCLINEINDEX((1,2,3,4,1))),$);
#12292=IFCARBITRARYPROFILEDEFWITHVOIDS(.AREA.,$,#12289,(#12291));
#12293=IFCCARTESIANPOINT((0.,0.05000000074505806,0.));
#12294=IFCDIRECTION((0.,-1.,0.));
#12295=IFCDIRECTION((1.,0.,0.));
#12296=IFCAXIS2PLACEMENT3D(#12293,#12294,#12295);
#12297=IFCDIRECTION((0.,0.,-1.));
#12298=IFCEXTRUDEDAREASOLID(#12292,#12296,#12297,0.040000000968575478);
#12299=IFCCARTESIANPOINTLIST2D(((0.,0.),(0.70499880239367485,0.),(0.70499880239367485,0.84999997541308403),(0.,0.84999997541308403)));
#12300=IFCINDEXEDPOLYCURVE(#12299,(IFCLINEINDEX((1,2,3,4,1))),$);
#12301=IFCCARTESIANPOINTLIST2D(((0.035000000149011612,0.035000000149011612),(0.66999880224466324,0.035000000149011612),(0.66999880224466324,0.81499997526407242),(0.035000000149011612,0.81499997526407242)));
#12302=IFCINDEXEDPOLYCURVE(#12301,(IFCLINEINDEX((1,2,3,4,1))),$);
#12303=IFCARBITRARYPROFILEDEFWITHVOIDS(.AREA.,$,#12300,(#12302));
#12304=IFCCARTESIANPOINT((0.02500000037252903,0.090000001713633537,0.02500000037252903));
#12305=IFCDIRECTION((0.,-1.,0.));
#12306=IFCDIRECTION((1.,0.,0.));
#12307=IFCAXIS2PLACEMENT3D(#12304,#12305,#12306);
#12308=IFCDIRECTION((0.,0.,-1.));
#12309=IFCEXTRUDEDAREASOLID(#12303,#12307,#12308,0.035000000149011612);
#12310=IFCINDEXEDPOLYCURVE(#12311,(IFCLINEINDEX((1,2,3,4,1))),$);
#12311=IFCCARTESIANPOINTLIST2D(((0.035000000149011612,0.035000000149011612),(0.66999880224466324,0.035000000149011612),(0.66999880224466324,0.81499997526407242),(0.035000000149011612,0.81499997526407242)));
#12312=IFCARBITRARYCLOSEDPROFILEDEF(.AREA.,$,#12310);
#12313=IFCCARTESIANPOINT((0.02500000037252903,0.10250000178813934,0.02500000037252903));
#12314=IFCDIRECTION((0.,-1.,0.));
#12315=IFCDIRECTION((1.,0.,0.));
#12316=IFCAXIS2PLACEMENT3D(#12313,#12314,#12315);
#12317=IFCDIRECTION((0.,0.,-1.));
#12318=IFCEXTRUDEDAREASOLID(#12312,#12316,#12317,0.01);
#12319=IFCSHAPEREPRESENTATION(#11,'Body','SweptSolid',(#12287,#12298,#12309,#12318));
#12320=IFCCARTESIANPOINTLIST2D(((0.05000000074505806,0.05000000074505806),(0.70499880239367485,0.05000000074505806)));
#12321=IFCINDEXEDPOLYCURVE(#12320,$,$);
#12322=IFCCARTESIANPOINTLIST2D(((0.,0.10000000149011612),(0.02500000037252903,0.10000000149011612),(0.02500000037252903,0.090000001713633537),(0.05000000074505806,0.090000001713633537),(0.05000000074505806,0.05000000074505806),(0.,0.05000000074505806)));
#12323=IFCINDEXEDPOLYCURVE(#12322,(IFCLINEINDEX((1,2,3,4,5,6,1))),$);
#12324=IFCCARTESIANPOINTLIST2D(((0.75499880313873291,0.10000000149011612),(0.72999880276620388,0.10000000149011612),(0.72999880276620388,0.090000001713633537),(0.70499880239367485,0.090000001713633537),(0.70499880239367485,0.05000000074505806),(0.75499880313873291,0.05000000074505806)));
#12325=IFCINDEXEDPOLYCURVE(#12324,(IFCLINEINDEX((1,2,3,4,5,6,1))),$);
#12326=IFCCARTESIANPOINTLIST2D(((0.02500000037252903,0.090000001713633537),(0.060000000521540642,0.090000001713633537),(0.060000000521540642,0.12500000186264515),(0.02500000037252903,0.12500000186264515)));
#12327=IFCINDEXEDPOLYCURVE(#12326,(IFCLINEINDEX((1,2,3,4,1))),$);
#12328=IFCINDEXEDPOLYCURVE(#12329,(IFCLINEINDEX((1,2,3,4,1))),$);
#12329=IFCCARTESIANPOINTLIST2D(((0.72999880276620388,0.090000001713633537),(0.69499880261719227,0.090000001713633537),(0.69499880261719227,0.12500000186264515),(0.72999880276620388,0.12500000186264515)));
#12330=IFCCARTESIANPOINTLIST2D(((0.060000000521540642,0.090000001713633537),(0.69499880261719227,0.090000001713633537)));
#12331=IFCINDEXEDPOLYCURVE(#12330,$,$);
#12332=IFCINDEXEDPOLYCURVE(#12333,$,$);
#12333=IFCCARTESIANPOINTLIST2D(((0.060000000521540642,0.12500000186264515),(0.69499880261719227,0.12500000186264515)));
#12334=IFCINDEXEDPOLYCURVE(#12335,$,$);
#12335=IFCCARTESIANPOINTLIST2D(((0.060000000521540642,0.10750000178813934),(0.69499880261719227,0.10750000178813934)));
#12336=IFCSHAPEREPRESENTATION(#24,'Body','Curve2D',(#12321,#12323,#12325,#12327,#12328,#12331,#12332,#12334));
#12337=IFCCARTESIANPOINTLIST2D(((0.,0.),(0.75499880313873291,0.),(0.75499880313873291,0.89999997615814209),(0.,0.89999997615814209)));
#12338=IFCINDEXEDPOLYCURVE(#12337,(IFCLINEINDEX((1,2,3,4,1))),$);
#12339=IFCARBITRARYCLOSEDPROFILEDEF(.AREA.,$,#12338);
#12340=IFCCARTESIANPOINT((0.,-0.60000002384185791,0.));
#12341=IFCDIRECTION((0.,-1.,0.));
#12342=IFCDIRECTION((1.,0.,0.));
#12343=IFCAXIS2PLACEMENT3D(#12340,#12341,#12342);
#12344=IFCDIRECTION((0.,0.,-1.));
#12345=IFCEXTRUDEDAREASOLID(#12339,#12343,#12344,1.2);
#12346=IFCSHAPEREPRESENTATION(#11,'Body','SweptSolid',(#12345));
#12352=IFCCARTESIANPOINT((1.0132377429804487,0.099999839752662911,1.));
#12353=IFCDIRECTION((0.,0.,1.));
#12354=IFCDIRECTION((-0.99999999999999944,-3.1786498766447871E-08,0.));
#12355=IFCAXIS2PLACEMENT3D(#12352,#12353,#12354);
#12356=IFCLOCALPLACEMENT(#18917,#12355);
#12362=IFCWINDOWTYPE('0$jCcQeZbC0wzztPFbTeER',$,'Bed1-2F-1',$,$,(#12363),(#12365,#12373,#12421),$,$,.WINDOW.,.SINGLE_PANEL.,$,$);
#12363=IFCPROPERTYSET('1chhYoaqXEcP1PR2tcrbNu',$,'BBIM_Window',$,(#12364));
#12364=IFCPROPERTYSINGLEVALUE('Data',$,IFCTEXT('{"window_type": "SINGLE_PANEL", "overall_height": 0.8999999761581421, "overall_width": 0.7500663995742798, "lining_properties": {"lining_depth": 0.05000000074505806, "lining_thickness": 0.05000000074505806, "lining_offset": 0.05000000074505806, "lining_to_panel_offset_x": 0.02500000037252903, "lining_to_panel_offset_y": 0.02500000037252903}, "panel_properties": {"frame_depth": [0.03500000014901161, 0.03500000014901161, 0.03500000014901161], "frame_thickness": [0.03500000014901161, 0.03500000014901161, 0.03500000014901161]}}'),$);
#12365=IFCREPRESENTATIONMAP(#12366,#12555);
#12366=IFCAXIS2PLACEMENT3D(#12367,#12368,#12369);
#12367=IFCCARTESIANPOINT((0.,0.,0.));
#12368=IFCDIRECTION((0.,0.,1.));
#12369=IFCDIRECTION((1.,0.,0.));
#12373=IFCREPRESENTATIONMAP(#12374,#12598);
#12374=IFCAXIS2PLACEMENT3D(#12375,#12376,#12377);
#12375=IFCCARTESIANPOINT((0.,0.,0.));
#12376=IFCDIRECTION((0.,0.,1.));
#12377=IFCDIRECTION((1.,0.,0.));
#12421=IFCREPRESENTATIONMAP(#12422,#12621);
#12422=IFCAXIS2PLACEMENT3D(#12423,#12424,#12425);
#12423=IFCCARTESIANPOINT((0.,0.,0.));
#12424=IFCDIRECTION((0.,0.,1.));
#12425=IFCDIRECTION((1.,0.,0.));
#12443=IFCWINDOW('0df5HbV6X9iA0tV5iNz9K0',$,'Window.005',$,$,#15558,#12452,$,0.89999997615814209,0.75006639957427979,$,.SINGLE_PANEL.,$);
#12444=IFCRELDEFINESBYTYPE('0BYG7VDJvBdOxbTps_NJIV',$,$,$,(#12443),#12362);
#12445=IFCCARTESIANPOINT((0.,0.,0.));
#12446=IFCDIRECTION((1.,0.,0.));
#12447=IFCDIRECTION((0.,1.,0.));
#12448=IFCDIRECTION((0.,0.,1.));
#12449=IFCCARTESIANTRANSFORMATIONOPERATOR3D(#12446,#12447,#12445,1.,#12448);
#12450=IFCMAPPEDITEM(#12365,#12449);
#12451=IFCSHAPEREPRESENTATION(#18,'Profile','MappedRepresentation',(#12450));
#12452=IFCPRODUCTDEFINITIONSHAPE($,$,(#12451,#12459,#12466));
#12453=IFCCARTESIANPOINT((0.,0.,0.));
#12454=IFCDIRECTION((1.,0.,0.));
#12455=IFCDIRECTION((0.,1.,0.));
#12456=IFCDIRECTION((0.,0.,1.));
#12457=IFCCARTESIANTRANSFORMATIONOPERATOR3D(#12454,#12455,#12453,1.,#12456);
#12458=IFCMAPPEDITEM(#12373,#12457);
#12459=IFCSHAPEREPRESENTATION(#11,'Body','MappedRepresentation',(#12458));
#12460=IFCCARTESIANPOINT((0.,0.,0.));
#12461=IFCDIRECTION((1.,0.,0.));
#12462=IFCDIRECTION((0.,1.,0.));
#12463=IFCDIRECTION((0.,0.,1.));
#12464=IFCCARTESIANTRANSFORMATIONOPERATOR3D(#12461,#12462,#12460,1.,#12463);
#12465=IFCMAPPEDITEM(#12421,#12464);
#12466=IFCSHAPEREPRESENTATION(#24,'Body','MappedRepresentation',(#12465));
#12467=IFCOPENINGELEMENT('1N6$XeJ3XDjAl1m5cfrRjj',$,'Opening',$,$,#12641,#12495,$,.OPENING.);
#12483=IFCCARTESIANPOINT((0.,0.,0.));
#12484=IFCDIRECTION((1.,0.,0.));
#12485=IFCDIRECTION((0.,0.,1.));
#12486=IFCAXIS2PLACEMENT3D(#12483,#12485,#12484);
#12487=IFCREPRESENTATIONMAP(#12486,#12631);
#12488=IFCCARTESIANPOINT((0.,0.,0.));
#12489=IFCDIRECTION((1.,0.,0.));
#12490=IFCDIRECTION((0.,1.,0.));
#12491=IFCDIRECTION((0.,0.,1.));
#12492=IFCCARTESIANTRANSFORMATIONOPERATOR3D(#12489,#12490,#12488,1.,#12491);
#12493=IFCMAPPEDITEM(#12487,#12492);
#12494=IFCSHAPEREPRESENTATION(#11,'Body','MappedRepresentation',(#12493));
#12495=IFCPRODUCTDEFINITIONSHAPE($,$,(#12494));
#12496=IFCRELVOIDSELEMENT('2LiOpk$3r2JQCy_Deml17K',$,$,$,#6588,#12467);
#12502=IFCRELFILLSELEMENT('1aJ_iIh1z8QO5Mxsf6v5Wi',$,$,$,#12467,#12443);
#12553=IFCCARTESIANPOINTLIST3D(((0.,0.,0.),(0.75006639957427979,0.,0.),(0.75006639957427979,0.,0.89999997615814209),(0.,0.,0.89999997615814209)));
#12554=IFCINDEXEDPOLYCURVE(#12553,(IFCLINEINDEX((1,2,3,4,1))),$);
#12555=IFCSHAPEREPRESENTATION(#18,'Profile','Curve3D',(#12554));
#12556=IFCCARTESIANPOINTLIST2D(((0.,0.),(0.75006639957427979,0.),(0.75006639957427979,0.89999997615814209),(0.,0.89999997615814209)));
#12557=IFCINDEXEDPOLYCURVE(#12556,(IFCLINEINDEX((1,2,3,4,1))),$);
#12558=IFCCARTESIANPOINTLIST2D(((0.02500000037252903,0.02500000037252903),(0.72506639920175076,0.02500000037252903),(0.72506639920175076,0.87499997578561306),(0.02500000037252903,0.87499997578561306)));
#12559=IFCINDEXEDPOLYCURVE(#12558,(IFCLINEINDEX((1,2,3,4,1))),$);
#12560=IFCARBITRARYPROFILEDEFWITHVOIDS(.AREA.,$,#12557,(#12559));
#12561=IFCCARTESIANPOINT((0.,0.090000001713633537,0.));
#12562=IFCDIRECTION((0.,-1.,0.));
#12563=IFCDIRECTION((1.,0.,0.));
#12564=IFCAXIS2PLACEMENT3D(#12561,#12562,#12563);
#12565=IFCDIRECTION((0.,0.,-1.));
#12566=IFCEXTRUDEDAREASOLID(#12560,#12564,#12565,0.0099999997764825821);
#12567=IFCCARTESIANPOINTLIST2D(((0.,0.),(0.75006639957427979,0.),(0.75006639957427979,0.89999997615814209),(0.,0.89999997615814209)));
#12568=IFCINDEXEDPOLYCURVE(#12567,(IFCLINEINDEX((1,2,3,4,1))),$);
#12569=IFCCARTESIANPOINTLIST2D(((0.05000000074505806,0.05000000074505806),(0.70006639882922173,0.05000000074505806),(0.70006639882922173,0.84999997541308403),(0.05000000074505806,0.84999997541308403)));
#12570=IFCINDEXEDPOLYCURVE(#12569,(IFCLINEINDEX((1,2,3,4,1))),$);
#12571=IFCARBITRARYPROFILEDEFWITHVOIDS(.AREA.,$,#12568,(#12570));
#12572=IFCCARTESIANPOINT((0.,0.05000000074505806,0.));
#12573=IFCDIRECTION((0.,-1.,0.));
#12574=IFCDIRECTION((1.,0.,0.));
#12575=IFCAXIS2PLACEMENT3D(#12572,#12573,#12574);
#12576=IFCDIRECTION((0.,0.,-1.));
#12577=IFCEXTRUDEDAREASOLID(#12571,#12575,#12576,0.040000000968575478);
#12578=IFCCARTESIANPOINTLIST2D(((0.,0.),(0.70006639882922173,0.),(0.70006639882922173,0.84999997541308403),(0.,0.84999997541308403)));
#12579=IFCINDEXEDPOLYCURVE(#12578,(IFCLINEINDEX((1,2,3,4,1))),$);
#12580=IFCCARTESIANPOINTLIST2D(((0.035000000149011612,0.035000000149011612),(0.66506639868021011,0.035000000149011612),(0.66506639868021011,0.81499997526407242),(0.035000000149011612,0.81499997526407242)));
#12581=IFCINDEXEDPOLYCURVE(#12580,(IFCLINEINDEX((1,2,3,4,1))),$);
#12582=IFCARBITRARYPROFILEDEFWITHVOIDS(.AREA.,$,#12579,(#12581));
#12583=IFCCARTESIANPOINT((0.02500000037252903,0.090000001713633537,0.02500000037252903));
#12584=IFCDIRECTION((0.,-1.,0.));
#12585=IFCDIRECTION((1.,0.,0.));
#12586=IFCAXIS2PLACEMENT3D(#12583,#12584,#12585);
#12587=IFCDIRECTION((0.,0.,-1.));
#12588=IFCEXTRUDEDAREASOLID(#12582,#12586,#12587,0.035000000149011612);
#12589=IFCINDEXEDPOLYCURVE(#12590,(IFCLINEINDEX((1,2,3,4,1))),$);
#12590=IFCCARTESIANPOINTLIST2D(((0.035000000149011612,0.035000000149011612),(0.66506639868021011,0.035000000149011612),(0.66506639868021011,0.81499997526407242),(0.035000000149011612,0.81499997526407242)));
#12591=IFCARBITRARYCLOSEDPROFILEDEF(.AREA.,$,#12589);
#12592=IFCCARTESIANPOINT((0.02500000037252903,0.10250000178813934,0.02500000037252903));
#12593=IFCDIRECTION((0.,-1.,0.));
#12594=IFCDIRECTION((1.,0.,0.));
#12595=IFCAXIS2PLACEMENT3D(#12592,#12593,#12594);
#12596=IFCDIRECTION((0.,0.,-1.));
#12597=IFCEXTRUDEDAREASOLID(#12591,#12595,#12596,0.01);
#12598=IFCSHAPEREPRESENTATION(#11,'Body','SweptSolid',(#12566,#12577,#12588,#12597));
#12599=IFCSHAPEREPRESENTATION(#11,'Body','SweptSolid',(#12566,#12577));
#12600=IFCSHAPEASPECT((#12599),'Lining',$,.T.,#12452);
#12601=IFCSHAPEREPRESENTATION(#11,'Body','SweptSolid',(#12588));
#12602=IFCSHAPEASPECT((#12601),'Framing',$,.T.,#12452);
#12603=IFCSHAPEREPRESENTATION(#11,'Body','SweptSolid',(#12597));
#12604=IFCSHAPEASPECT((#12603),'Glazing',$,.T.,#12452);
#12605=IFCCARTESIANPOINTLIST2D(((0.05000000074505806,0.05000000074505806),(0.70006639882922173,0.05000000074505806)));
#12606=IFCINDEXEDPOLYCURVE(#12605,$,$);
#12607=IFCCARTESIANPOINTLIST2D(((0.,0.10000000149011612),(0.02500000037252903,0.10000000149011612),(0.02500000037252903,0.090000001713633537),(0.05000000074505806,0.090000001713633537),(0.05000000074505806,0.05000000074505806),(0.,0.05000000074505806)));
#12608=IFCINDEXEDPOLYCURVE(#12607,(IFCLINEINDEX((1,2,3,4,5,6,1))),$);
#12609=IFCCARTESIANPOINTLIST2D(((0.75006639957427979,0.10000000149011612),(0.72506639920175076,0.10000000149011612),(0.72506639920175076,0.090000001713633537),(0.70006639882922173,0.090000001713633537),(0.70006639882922173,0.05000000074505806),(0.75006639957427979,0.05000000074505806)));
#12610=IFCINDEXEDPOLYCURVE(#12609,(IFCLINEINDEX((1,2,3,4,5,6,1))),$);
#12611=IFCCARTESIANPOINTLIST2D(((0.02500000037252903,0.090000001713633537),(0.060000000521540642,0.090000001713633537),(0.060000000521540642,0.12500000186264515),(0.02500000037252903,0.12500000186264515)));
#12612=IFCINDEXEDPOLYCURVE(#12611,(IFCLINEINDEX((1,2,3,4,1))),$);
#12613=IFCINDEXEDPOLYCURVE(#12614,(IFCLINEINDEX((1,2,3,4,1))),$);
#12614=IFCCARTESIANPOINTLIST2D(((0.72506639920175076,0.090000001713633537),(0.69006639905273914,0.090000001713633537),(0.69006639905273914,0.12500000186264515),(0.72506639920175076,0.12500000186264515)));
#12615=IFCCARTESIANPOINTLIST2D(((0.060000000521540642,0.090000001713633537),(0.69006639905273914,0.090000001713633537)));
#12616=IFCINDEXEDPOLYCURVE(#12615,$,$);
#12617=IFCINDEXEDPOLYCURVE(#12618,$,$);
#12618=IFCCARTESIANPOINTLIST2D(((0.060000000521540642,0.12500000186264515),(0.69006639905273914,0.12500000186264515)));
#12619=IFCINDEXEDPOLYCURVE(#12620,$,$);
#12620=IFCCARTESIANPOINTLIST2D(((0.060000000521540642,0.10750000178813934),(0.69006639905273914,0.10750000178813934)));
#12621=IFCSHAPEREPRESENTATION(#24,'Body','Curve2D',(#12606,#12608,#12610,#12612,#12613,#12616,#12617,#12619));
#12622=IFCCARTESIANPOINTLIST2D(((0.,0.),(0.75006639957427979,0.),(0.75006639957427979,0.89999997615814209),(0.,0.89999997615814209)));
#12623=IFCINDEXEDPOLYCURVE(#12622,(IFCLINEINDEX((1,2,3,4,1))),$);
#12624=IFCARBITRARYCLOSEDPROFILEDEF(.AREA.,$,#12623);
#12625=IFCCARTESIANPOINT((0.,-0.60000002384185791,0.));
#12626=IFCDIRECTION((0.,-1.,0.));
#12627=IFCDIRECTION((1.,0.,0.));
#12628=IFCAXIS2PLACEMENT3D(#12625,#12626,#12627);
#12629=IFCDIRECTION((0.,0.,-1.));
#12630=IFCEXTRUDEDAREASOLID(#12624,#12628,#12629,1.2);
#12631=IFCSHAPEREPRESENTATION(#11,'Body','SweptSolid',(#12630));
#12637=IFCCARTESIANPOINT((5.5152899309002894,0.10000000010026877,1.));
#12638=IFCDIRECTION((0.,0.,1.));
#12639=IFCDIRECTION((-0.99999999999999944,-3.1786498766447871E-08,0.));
#12640=IFCAXIS2PLACEMENT3D(#12637,#12638,#12639);
#12641=IFCLOCALPLACEMENT(#18917,#12640);
#12647=IFCWINDOWTYPE('0oiFh87UXFlB$0DQYatJgV',$,'Bed1-2F-2',$,$,(#12648),(#12650,#12658,#12744),$,$,.WINDOW.,.SINGLE_PANEL.,$,$);
#12648=IFCPROPERTYSET('1hMb1RArHEIRDGKRirxUAr',$,'BBIM_Window',$,(#12649));
#12649=IFCPROPERTYSINGLEVALUE('Data',$,IFCTEXT('{"window_type": "DOUBLE_PANEL_VERTICAL", "overall_height": 0.8999999761581421, "overall_width": 1.2257635593414307, "lining_properties": {"lining_depth": 0.05000000074505806, "lining_thickness": 0.05000000074505806, "lining_offset": 0.05000000074505806, "lining_to_panel_offset_x": 0.02500000037252903, "lining_to_panel_offset_y": 0.02500000037252903, "mullion_thickness": 0.05000000074505806, "first_mullion_offset": 0.6186720728874207}, "panel_properties": {"frame_depth": [0.03500000014901161, 0.03500000014901161, 0.03500000014901161], "frame_thickness": [0.03500000014901161, 0.03500000014901161, 0.03500000014901161]}}'),$);
#12650=IFCREPRESENTATIONMAP(#12651,#12929);
#12651=IFCAXIS2PLACEMENT3D(#12652,#12653,#12654);
#12652=IFCCARTESIANPOINT((0.,0.,0.));
#12653=IFCDIRECTION((0.,0.,1.));
#12654=IFCDIRECTION((1.,0.,0.));
#12658=IFCREPRESENTATIONMAP(#12659,#13010);
#12659=IFCAXIS2PLACEMENT3D(#12660,#12661,#12662);
#12660=IFCCARTESIANPOINT((0.,0.,0.));
#12661=IFCDIRECTION((0.,0.,1.));
#12662=IFCDIRECTION((1.,0.,0.));
#12744=IFCREPRESENTATIONMAP(#12745,#13049);
#12745=IFCAXIS2PLACEMENT3D(#12746,#12747,#12748);
#12746=IFCCARTESIANPOINT((0.,0.,0.));
#12747=IFCDIRECTION((0.,0.,1.));
#12748=IFCDIRECTION((1.,0.,0.));
#12847=IFCWINDOW('3Ml8Rc_P94NwepQ688iBfs',$,'Window',$,$,#15563,#12856,$,0.89999997615814209,1.2257635593414307,$,.DOUBLE_PANEL_VERTICAL.,$);
#12848=IFCRELDEFINESBYTYPE('36ZUH9Wb5EgwqzqUw8D_Is',$,$,$,(#12847),#12647);
#12849=IFCCARTESIANPOINT((0.,0.,0.));
#12850=IFCDIRECTION((1.,0.,0.));
#12851=IFCDIRECTION((0.,1.,0.));
#12852=IFCDIRECTION((0.,0.,1.));
#12853=IFCCARTESIANTRANSFORMATIONOPERATOR3D(#12850,#12851,#12849,1.,#12852);
#12854=IFCMAPPEDITEM(#12650,#12853);
#12855=IFCSHAPEREPRESENTATION(#18,'Profile','MappedRepresentation',(#12854));
#12856=IFCPRODUCTDEFINITIONSHAPE($,$,(#12855,#12863,#12870));
#12857=IFCCARTESIANPOINT((0.,0.,0.));
#12858=IFCDIRECTION((1.,0.,0.));
#12859=IFCDIRECTION((0.,1.,0.));
#12860=IFCDIRECTION((0.,0.,1.));
#12861=IFCCARTESIANTRANSFORMATIONOPERATOR3D(#12858,#12859,#12857,1.,#12860);
#12862=IFCMAPPEDITEM(#12658,#12861);
#12863=IFCSHAPEREPRESENTATION(#11,'Body','MappedRepresentation',(#12862));
#12864=IFCCARTESIANPOINT((0.,0.,0.));
#12865=IFCDIRECTION((1.,0.,0.));
#12866=IFCDIRECTION((0.,1.,0.));
#12867=IFCDIRECTION((0.,0.,1.));
#12868=IFCCARTESIANTRANSFORMATIONOPERATOR3D(#12865,#12866,#12864,1.,#12867);
#12869=IFCMAPPEDITEM(#12744,#12868);
#12870=IFCSHAPEREPRESENTATION(#24,'Body','MappedRepresentation',(#12869));
#12871=IFCOPENINGELEMENT('1EvU$HtFb5qPzSJsYcz_Ae',$,'Opening',$,$,#13069,#12899,$,.OPENING.);
#12887=IFCCARTESIANPOINT((0.,0.,0.));
#12888=IFCDIRECTION((1.,0.,0.));
#12889=IFCDIRECTION((0.,0.,1.));
#12890=IFCAXIS2PLACEMENT3D(#12887,#12889,#12888);
#12891=IFCREPRESENTATIONMAP(#12890,#13059);
#12892=IFCCARTESIANPOINT((0.,0.,0.));
#12893=IFCDIRECTION((1.,0.,0.));
#12894=IFCDIRECTION((0.,1.,0.));
#12895=IFCDIRECTION((0.,0.,1.));
#12896=IFCCARTESIANTRANSFORMATIONOPERATOR3D(#12893,#12894,#12892,1.,#12895);
#12897=IFCMAPPEDITEM(#12891,#12896);
#12898=IFCSHAPEREPRESENTATION(#11,'Body','MappedRepresentation',(#12897));
#12899=IFCPRODUCTDEFINITIONSHAPE($,$,(#12898));
#12900=IFCRELVOIDSELEMENT('16wnHZCRHDlxphJoGgF01v',$,$,$,#6663,#12871);
#12906=IFCRELFILLSELEMENT('3jUaqDDsD6xwt7$NWYJyb9',$,$,$,#12871,#12847);
#12927=IFCCARTESIANPOINTLIST3D(((0.,0.,0.),(1.2257635593414307,0.,0.),(1.2257635593414307,0.,0.89999997615814209),(0.,0.,0.89999997615814209)));
#12928=IFCINDEXEDPOLYCURVE(#12927,(IFCLINEINDEX((1,2,3,4,1))),$);
#12929=IFCSHAPEREPRESENTATION(#18,'Profile','Curve3D',(#12928));
#12930=IFCCARTESIANPOINTLIST2D(((0.61867207288742065,0.),(0.,0.),(0.,0.89999997615814209),(0.61867207288742065,0.89999997615814209),(0.61867207288742065,0.87499997578561306),(0.02500000037252903,0.87499997578561306),(0.02500000037252903,0.02500000037252903),(0.61867207288742065,0.02500000037252903)));
#12931=IFCINDEXEDPOLYCURVE(#12930,(IFCLINEINDEX((1,2,3,4,5,6,7,8,1))),$);
#12932=IFCARBITRARYCLOSEDPROFILEDEF(.AREA.,$,#12931);
#12933=IFCCARTESIANPOINT((0.,0.090000001713633537,0.));
#12934=IFCDIRECTION((0.,-1.,0.));
#12935=IFCDIRECTION((1.,0.,0.));
#12936=IFCAXIS2PLACEMENT3D(#12933,#12934,#12935);
#12937=IFCDIRECTION((0.,0.,-1.));
#12938=IFCEXTRUDEDAREASOLID(#12932,#12936,#12937,0.0099999997764825821);
#12939=IFCCARTESIANPOINTLIST2D(((0.,0.),(0.61867207288742065,0.),(0.61867207288742065,0.89999997615814209),(0.,0.89999997615814209)));
#12940=IFCINDEXEDPOLYCURVE(#12939,(IFCLINEINDEX((1,2,3,4,1))),$);
#12941=IFCCARTESIANPOINTLIST2D(((0.05000000074505806,0.05000000074505806),(0.59367207251489162,0.05000000074505806),(0.59367207251489162,0.84999997541308403),(0.05000000074505806,0.84999997541308403)));
#12942=IFCINDEXEDPOLYCURVE(#12941,(IFCLINEINDEX((1,2,3,4,1))),$);
#12943=IFCARBITRARYPROFILEDEFWITHVOIDS(.AREA.,$,#12940,(#12942));
#12944=IFCCARTESIANPOINT((0.,0.05000000074505806,0.));
#12945=IFCDIRECTION((0.,-1.,0.));
#12946=IFCDIRECTION((1.,0.,0.));
#12947=IFCAXIS2PLACEMENT3D(#12944,#12945,#12946);
#12948=IFCDIRECTION((0.,0.,-1.));
#12949=IFCEXTRUDEDAREASOLID(#12943,#12947,#12948,0.040000000968575478);
#12950=IFCCARTESIANPOINTLIST2D(((0.,0.),(0.59367207251489162,0.),(0.59367207251489162,0.84999997541308403),(0.,0.84999997541308403)));
#12951=IFCINDEXEDPOLYCURVE(#12950,(IFCLINEINDEX((1,2,3,4,1))),$);
#12952=IFCCARTESIANPOINTLIST2D(((0.035000000149011612,0.035000000149011612),(0.55867207236588001,0.035000000149011612),(0.55867207236588001,0.81499997526407242),(0.035000000149011612,0.81499997526407242)));
#12953=IFCINDEXEDPOLYCURVE(#12952,(IFCLINEINDEX((1,2,3,4,1))),$);
#12954=IFCARBITRARYPROFILEDEFWITHVOIDS(.AREA.,$,#12951,(#12953));
#12955=IFCCARTESIANPOINT((0.02500000037252903,0.090000001713633537,0.02500000037252903));
#12956=IFCDIRECTION((0.,-1.,0.));
#12957=IFCDIRECTION((1.,0.,0.));
#12958=IFCAXIS2PLACEMENT3D(#12955,#12956,#12957);
#12959=IFCDIRECTION((0.,0.,-1.));
#12960=IFCEXTRUDEDAREASOLID(#12954,#12958,#12959,0.035000000149011612);
#12961=IFCINDEXEDPOLYCURVE(#12962,(IFCLINEINDEX((1,2,3,4,1))),$);
#12962=IFCCARTESIANPOINTLIST2D(((0.035000000149011612,0.035000000149011612),(0.55867207236588001,0.035000000149011612),(0.55867207236588001,0.81499997526407242),(0.035000000149011612,0.81499997526407242)));
#12963=IFCARBITRARYCLOSEDPROFILEDEF(.AREA.,$,#12961);
#12964=IFCCARTESIANPOINT((0.02500000037252903,0.10250000178813934,0.02500000037252903));
#12965=IFCDIRECTION((0.,-1.,0.));
#12966=IFCDIRECTION((1.,0.,0.));
#12967=IFCAXIS2PLACEMENT3D(#12964,#12965,#12966);
#12968=IFCDIRECTION((0.,0.,-1.));
#12969=IFCEXTRUDEDAREASOLID(#12963,#12967,#12968,0.01);
#12970=IFCCARTESIANPOINTLIST2D(((0.,0.89999997615814209),(0.60709148645401001,0.89999997615814209),(0.60709148645401001,0.),(0.,0.),(0.,0.02500000037252903),(0.58209148608148098,0.02500000037252903),(0.58209148608148098,0.87499997578561306),(0.,0.87499997578561306)));
#12971=IFCINDEXEDPOLYCURVE(#12970,(IFCLINEINDEX((1,2,3,4,5,6,7,8,1))),$);
#12972=IFCARBITRARYCLOSEDPROFILEDEF(.AREA.,$,#12971);
#12973=IFCCARTESIANPOINT((0.61867207288742065,0.090000001713633537,0.));
#12974=IFCDIRECTION((0.,-1.,0.));
#12975=IFCDIRECTION((1.,0.,0.));
#12976=IFCAXIS2PLACEMENT3D(#12973,#12974,#12975);
#12977=IFCDIRECTION((0.,0.,-1.));
#12978=IFCEXTRUDEDAREASOLID(#12972,#12976,#12977,0.0099999997764825821);
#12979=IFCCARTESIANPOINTLIST2D(((0.,0.),(0.60709148645401001,0.),(0.60709148645401001,0.89999997615814209),(0.,0.89999997615814209)));
#12980=IFCINDEXEDPOLYCURVE(#12979,(IFCLINEINDEX((1,2,3,4,1))),$);
#12981=IFCCARTESIANPOINTLIST2D(((0.02500000037252903,0.05000000074505806),(0.55709148570895195,0.05000000074505806),(0.55709148570895195,0.84999997541308403),(0.02500000037252903,0.84999997541308403)));
#12982=IFCINDEXEDPOLYCURVE(#12981,(IFCLINEINDEX((1,2,3,4,1))),$);
#12983=IFCARBITRARYPROFILEDEFWITHVOIDS(.AREA.,$,#12980,(#12982));
#12984=IFCCARTESIANPOINT((0.61867207288742065,0.05000000074505806,0.));
#12985=IFCDIRECTION((0.,-1.,0.));
#12986=IFCDIRECTION((1.,0.,0.));
#12987=IFCAXIS2PLACEMENT3D(#12984,#12985,#12986);
#12988=IFCDIRECTION((0.,0.,-1.));
#12989=IFCEXTRUDEDAREASOLID(#12983,#12987,#12988,0.040000000968575478);
#12990=IFCCARTESIANPOINTLIST2D(((0.,0.),(0.58209148608148098,0.),(0.58209148608148098,0.84999997541308403),(0.,0.84999997541308403)));
#12991=IFCINDEXEDPOLYCURVE(#12990,(IFCLINEINDEX((1,2,3,4,1))),$);
#12992=IFCCARTESIANPOINTLIST2D(((0.035000000149011612,0.035000000149011612),(0.54709148593246937,0.035000000149011612),(0.54709148593246937,0.81499997526407242),(0.035000000149011612,0.81499997526407242)));
#12993=IFCINDEXEDPOLYCURVE(#12992,(IFCLINEINDEX((1,2,3,4,1))),$);
#12994=IFCARBITRARYPROFILEDEFWITHVOIDS(.AREA.,$,#12991,(#12993));
#12995=IFCCARTESIANPOINT((0.61867207288742065,0.090000001713633537,0.02500000037252903));
#12996=IFCDIRECTION((0.,-1.,0.));
#12997=IFCDIRECTION((1.,0.,0.));
#12998=IFCAXIS2PLACEMENT3D(#12995,#12996,#12997);
#12999=IFCDIRECTION((0.,0.,-1.));
#13000=IFCEXTRUDEDAREASOLID(#12994,#12998,#12999,0.035000000149011612);
#13001=IFCINDEXEDPOLYCURVE(#13002,(IFCLINEINDEX((1,2,3,4,1))),$);
#13002=IFCCARTESIANPOINTLIST2D(((0.035000000149011612,0.035000000149011612),(0.54709148593246937,0.035000000149011612),(0.54709148593246937,0.81499997526407242),(0.035000000149011612,0.81499997526407242)));
#13003=IFCARBITRARYCLOSEDPROFILEDEF(.AREA.,$,#13001);
#13004=IFCCARTESIANPOINT((0.61867207288742065,0.10250000178813934,0.02500000037252903));
#13005=IFCDIRECTION((0.,-1.,0.));
#13006=IFCDIRECTION((1.,0.,0.));
#13007=IFCAXIS2PLACEMENT3D(#13004,#13005,#13006);
#13008=IFCDIRECTION((0.,0.,-1.));
#13009=IFCEXTRUDEDAREASOLID(#13003,#13007,#13008,0.01);
#13010=IFCSHAPEREPRESENTATION(#11,'Body','SweptSolid',(#12938,#12949,#12960,#12969,#12978,#12989,#13000,#13009));
#13011=IFCSHAPEREPRESENTATION(#11,'Body','SweptSolid',(#12938,#12949,#12978,#12989));
#13012=IFCSHAPEASPECT((#13011),'Lining',$,.T.,#12856);
#13013=IFCSHAPEREPRESENTATION(#11,'Body','SweptSolid',(#12960,#13000));
#13014=IFCSHAPEASPECT((#13013),'Framing',$,.T.,#12856);
#13015=IFCSHAPEREPRESENTATION(#11,'Body','SweptSolid',(#12969,#13009));
#13016=IFCSHAPEASPECT((#13015),'Glazing',$,.T.,#12856);
#13017=IFCCARTESIANPOINTLIST2D(((0.05000000074505806,0.05000000074505806),(0.59367207251489162,0.05000000074505806)));
#13018=IFCINDEXEDPOLYCURVE(#13017,$,$);
#13019=IFCCARTESIANPOINTLIST2D(((0.,0.10000000149011612),(0.02500000037252903,0.10000000149011612),(0.02500000037252903,0.090000001713633537),(0.05000000074505806,0.090000001713633537),(0.05000000074505806,0.05000000074505806),(0.,0.05000000074505806)));
#13020=IFCINDEXEDPOLYCURVE(#13019,(IFCLINEINDEX((1,2,3,4,5,6,1))),$);
#13021=IFCCARTESIANPOINTLIST2D(((0.61867207288742065,0.10000000149011612),(0.61867207288742065,0.10000000149011612),(0.61867207288742065,0.090000001713633537),(0.59367207251489162,0.090000001713633537),(0.59367207251489162,0.05000000074505806),(0.61867207288742065,0.05000000074505806)));
#13022=IFCINDEXEDPOLYCURVE(#13021,$,$);
#13023=IFCCARTESIANPOINTLIST2D(((0.02500000037252903,0.090000001713633537),(0.060000000521540642,0.090000001713633537),(0.060000000521540642,0.12500000186264515),(0.02500000037252903,0.12500000186264515)));
#13024=IFCINDEXEDPOLYCURVE(#13023,(IFCLINEINDEX((1,2,3,4,1))),$);
#13025=IFCINDEXEDPOLYCURVE(#13026,(IFCLINEINDEX((1,2,3,4,1))),$);
#13026=IFCCARTESIANPOINTLIST2D(((0.61867207288742065,0.090000001713633537),(0.58367207273840904,0.090000001713633537),(0.58367207273840904,0.12500000186264515),(0.61867207288742065,0.12500000186264515)));
#13027=IFCCARTESIANPOINTLIST2D(((0.060000000521540642,0.090000001713633537),(0.58367207273840904,0.090000001713633537)));
#13028=IFCINDEXEDPOLYCURVE(#13027,$,$);
#13029=IFCINDEXEDPOLYCURVE(#13030,$,$);
#13030=IFCCARTESIANPOINTLIST2D(((0.060000000521540642,0.12500000186264515),(0.58367207273840904,0.12500000186264515)));
#13031=IFCINDEXEDPOLYCURVE(#13032,$,$);
#13032=IFCCARTESIANPOINTLIST2D(((0.060000000521540642,0.10750000178813934),(0.58367207273840904,0.10750000178813934)));
#13033=IFCCARTESIANPOINTLIST2D(((0.64367207325994968,0.05000000074505806),(1.1757635585963726,0.05000000074505806)));
#13034=IFCINDEXEDPOLYCURVE(#13033,$,$);
#13035=IFCCARTESIANPOINTLIST2D(((0.61867207288742065,0.10000000149011612),(0.61867207288742065,0.10000000149011612),(0.61867207288742065,0.090000001713633537),(0.64367207325994968,0.090000001713633537),(0.64367207325994968,0.05000000074505806),(0.61867207288742065,0.05000000074505806)));
#13036=IFCINDEXEDPOLYCURVE(#13035,$,$);
#13037=IFCCARTESIANPOINTLIST2D(((1.2257635593414307,0.10000000149011612),(1.2007635589689016,0.10000000149011612),(1.2007635589689016,0.090000001713633537),(1.1757635585963726,0.090000001713633537),(1.1757635585963726,0.05000000074505806),(1.2257635593414307,0.05000000074505806)));
#13038=IFCINDEXEDPOLYCURVE(#13037,(IFCLINEINDEX((1,2,3,4,5,6,1))),$);
#13039=IFCCARTESIANPOINTLIST2D(((0.61867207288742065,0.090000001713633537),(0.65367207303643227,0.090000001713633537),(0.65367207303643227,0.12500000186264515),(0.61867207288742065,0.12500000186264515)));
#13040=IFCINDEXEDPOLYCURVE(#13039,(IFCLINEINDEX((1,2,3,4,1))),$);
#13041=IFCINDEXEDPOLYCURVE(#13042,(IFCLINEINDEX((1,2,3,4,1))),$);
#13042=IFCCARTESIANPOINTLIST2D(((1.2007635589689016,0.090000001713633537),(1.16576355881989,0.090000001713633537),(1.16576355881989,0.12500000186264515),(1.2007635589689016,0.12500000186264515)));
#13043=IFCCARTESIANPOINTLIST2D(((0.65367207303643227,0.090000001713633537),(1.16576355881989,0.090000001713633537)));
#13044=IFCINDEXEDPOLYCURVE(#13043,$,$);
#13045=IFCINDEXEDPOLYCURVE(#13046,$,$);
#13046=IFCCARTESIANPOINTLIST2D(((0.65367207303643227,0.12500000186264515),(1.16576355881989,0.12500000186264515)));
#13047=IFCINDEXEDPOLYCURVE(#13048,$,$);
#13048=IFCCARTESIANPOINTLIST2D(((0.65367207303643227,0.10750000178813934),(1.16576355881989,0.10750000178813934)));
#13049=IFCSHAPEREPRESENTATION(#24,'Body','Curve2D',(#13018,#13020,#13022,#13024,#13025,#13028,#13029,#13031,#13034,#13036,#13038,#13040,#13041,#13044,#13045,#13047));
#13050=IFCCARTESIANPOINTLIST2D(((0.,0.),(1.2257635593414307,0.),(1.2257635593414307,0.89999997615814209),(0.,0.89999997615814209)));
#13051=IFCINDEXEDPOLYCURVE(#13050,(IFCLINEINDEX((1,2,3,4,1))),$);
#13052=IFCARBITRARYCLOSEDPROFILEDEF(.AREA.,$,#13051);
#13053=IFCCARTESIANPOINT((0.,-0.60000002384185791,0.));
#13054=IFCDIRECTION((0.,-1.,0.));
#13055=IFCDIRECTION((1.,0.,0.));
#13056=IFCAXIS2PLACEMENT3D(#13053,#13054,#13055);
#13057=IFCDIRECTION((0.,0.,-1.));
#13058=IFCEXTRUDEDAREASOLID(#13052,#13056,#13057,1.2);
#13059=IFCSHAPEREPRESENTATION(#11,'Body','SweptSolid',(#13058));
#13065=IFCCARTESIANPOINT((2.9724002528698765,0.099999158954229728,1.));
#13066=IFCDIRECTION((0.,0.,1.));
#13067=IFCDIRECTION((-0.99999999999998868,1.509957883172162E-07,0.));
#13068=IFCAXIS2PLACEMENT3D(#13065,#13066,#13067);
#13069=IFCLOCALPLACEMENT(#18922,#13068);
#13135=IFCRECTANGLEPROFILEDEF(.AREA.,'New Profile',$,0.5,0.5);
#13136=IFCMATERIALPROFILESET($,$,(#13138),$);
#13138=IFCMATERIALPROFILE($,$,#81,#13135,$,$);
#13142=IFCMATERIALPROFILESET($,$,(#13144),$);
#13144=IFCMATERIALPROFILE($,$,#81,#13135,$,$);
#13423=IFCMATERIALPROFILESET($,$,(#13425),$);
#13425=IFCMATERIALPROFILE($,$,#81,#13135,$,$);
#14003=IFCROOFTYPE('3ivp7oz_n2deIdbOPBGvIU',$,'Unnamed',$,$,(#14004),(#14033,#14061),$,$,.HIP_ROOF.);
#14004=IFCPROPERTYSET('1qQvmnXwXFB8Qtth4yID5u',$,'BBIM_Roof',$,(#14005));
#14005=IFCPROPERTYSINGLEVALUE('Data',$,IFCTEXT('{"roof_type": "HIP/GABLE ROOF", "generation_method": "ANGLE", "roof_thickness": 0.10000000149011612, "rafter_edge_angle": 1.5707963705062866, "angle": 0.1745329201221466, "percentage": 17.63269805908203, "path_data": {"edges": [[0, 1], [1, 2], [2, 3], [3, 0]], "verts": [[-5.0, -5.0, 0.0], [-5.0, 5.0, 0.0], [5.0, 5.0, 0.0], [5.0, -5.0, 0.0]]}}'),$);
#14029=IFCCARTESIANPOINT((0.,0.,0.));
#14030=IFCDIRECTION((1.,0.,0.));
#14031=IFCDIRECTION((0.,0.,1.));
#14032=IFCAXIS2PLACEMENT3D(#14029,#14031,#14030);
#14033=IFCREPRESENTATIONMAP(#14032,#14052);
#14034=IFCINDEXEDPOLYGONALFACE((3,1,2));
#14035=IFCINDEXEDPOLYGONALFACE((2,4,3));
#14036=IFCINDEXEDPOLYGONALFACE((1,3,5));
#14037=IFCINDEXEDPOLYGONALFACE((4,5,3));
#14038=IFCINDEXEDPOLYGONALFACE((6,7,8));
#14039=IFCINDEXEDPOLYGONALFACE((8,2,1));
#14040=IFCINDEXEDPOLYGONALFACE((8,1,6));
#14041=IFCINDEXEDPOLYGONALFACE((8,7,9));
#14042=IFCINDEXEDPOLYGONALFACE((2,8,9));
#14043=IFCINDEXEDPOLYGONALFACE((2,9,4));
#14044=IFCINDEXEDPOLYGONALFACE((10,7,6));
#14045=IFCINDEXEDPOLYGONALFACE((6,1,5));
#14046=IFCINDEXEDPOLYGONALFACE((6,5,10));
#14047=IFCINDEXEDPOLYGONALFACE((9,7,10));
#14048=IFCINDEXEDPOLYGONALFACE((4,9,10));
#14049=IFCINDEXEDPOLYGONALFACE((4,10,5));
#14050=IFCCARTESIANPOINTLIST3D(((-5.,-5.,0.),(5.,-5.,0.),(0.,0.,0.88163489103317261),(5.,5.,0.),(-5.,5.,0.),(-5.,-5.,-0.10154265910387039),(0.,0.,0.78009223937988281),(5.,-5.,-0.10154265910387039),(5.,5.,-0.10154265910387039),(-5.,5.,-0.10154265910387039)));
#14051=IFCPOLYGONALFACESET(#14050,.T.,(#14034,#14035,#14036,#14037,#14038,#14039,#14040,#14041,#14042,#14043,#14044,#14045,#14046,#14047,#14048,#14049),$);
#14052=IFCSHAPEREPRESENTATION(#11,'Body','Tessellation',(#14051));
#14054=IFCCARTESIANPOINT((-5.,-5.,-0.10154265910387039));
#14055=IFCBOUNDINGBOX(#14054,10.,10.,0.9831775426864624);
#14056=IFCSHAPEREPRESENTATION(#13,'Box','BoundingBox',(#14055));
#14057=IFCCARTESIANPOINT((0.,0.,0.));
#14058=IFCDIRECTION((1.,0.,0.));
#14059=IFCDIRECTION((0.,0.,1.));
#14060=IFCAXIS2PLACEMENT3D(#14057,#14059,#14058);
#14061=IFCREPRESENTATIONMAP(#14060,#14056);
#14089=IFCDOORTYPE('0VpB7ON3P8EOstV5YzxEzs',$,'Balcony-2F',$,$,(#14090),(#14092,#14100,#14178),$,$,.DOOR.,.SINGLE_SWING_LEFT.,$,$);
#14090=IFCPROPERTYSET('2nFqsFTNz44AiRp1VdRMKk',$,'BBIM_Door',$,(#14091));
#14091=IFCPROPERTYSINGLEVALUE('Data',$,IFCTEXT('{"door_type": "SINGLE_SWING_LEFT", "overall_height": 2.0, "overall_width": 0.9544265270233154, "lining_properties": {"lining_depth": 0.05000000074505806, "lining_thickness": 0.05000000074505806, "lining_offset": 0.0, "lining_to_panel_offset_x": 0.02500000037252903, "lining_to_panel_offset_y": 0.02500000037252903, "transom_thickness": 0.0, "casing_thickness": 0.07500000298023224, "casing_depth": 0.004999999888241291, "threshold_thickness": 0.02500000037252903, "threshold_depth": 0.10000000149011612, "threshold_offset": 0.0}, "panel_properties": {"panel_depth": 0.03500000014901161, "panel_width_ratio": 1.0}}'),$);
#14092=IFCREPRESENTATIONMAP(#14093,#14264);
#14093=IFCAXIS2PLACEMENT3D(#14094,#14095,#14096);
#14094=IFCCARTESIANPOINT((0.,0.,0.));
#14095=IFCDIRECTION((0.,0.,1.));
#14096=IFCDIRECTION((1.,0.,0.));
#14100=IFCREPRESENTATIONMAP(#14101,#14337);
#14101=IFCAXIS2PLACEMENT3D(#14102,#14103,#14104);
#14102=IFCCARTESIANPOINT((0.,0.,0.));
#14103=IFCDIRECTION((0.,0.,1.));
#14104=IFCDIRECTION((1.,0.,0.));
#14178=IFCREPRESENTATIONMAP(#14179,#14355);
#14179=IFCAXIS2PLACEMENT3D(#14180,#14181,#14182);
#14180=IFCCARTESIANPOINT((0.,0.,0.));
#14181=IFCDIRECTION((0.,0.,1.));
#14182=IFCDIRECTION((1.,0.,0.));
#14197=IFCDOOR('1wq22PeVv2g85Py15JXUfW',$,'Door',$,$,#15568,#14206,$,2.,0.95442652702331543,$,.SINGLE_SWING_LEFT.,$);
#14198=IFCRELDEFINESBYTYPE('2Mc2ptSQb65g9s01ZJnWB0',$,$,$,(#14197),#14089);
#14199=IFCCARTESIANPOINT((0.,0.,0.));
#14200=IFCDIRECTION((1.,0.,0.));
#14201=IFCDIRECTION((0.,1.,0.));
#14202=IFCDIRECTION((0.,0.,1.));
#14203=IFCCARTESIANTRANSFORMATIONOPERATOR3D(#14200,#14201,#14199,1.,#14202);
#14204=IFCMAPPEDITEM(#14092,#14203);
#14205=IFCSHAPEREPRESENTATION(#18,'Profile','MappedRepresentation',(#14204));
#14206=IFCPRODUCTDEFINITIONSHAPE($,$,(#14205,#14213,#14220));
#14207=IFCCARTESIANPOINT((0.,0.,0.));
#14208=IFCDIRECTION((1.,0.,0.));
#14209=IFCDIRECTION((0.,1.,0.));
#14210=IFCDIRECTION((0.,0.,1.));
#14211=IFCCARTESIANTRANSFORMATIONOPERATOR3D(#14208,#14209,#14207,1.,#14210);
#14212=IFCMAPPEDITEM(#14100,#14211);
#14213=IFCSHAPEREPRESENTATION(#11,'Body','MappedRepresentation',(#14212));
#14214=IFCCARTESIANPOINT((0.,0.,0.));
#14215=IFCDIRECTION((1.,0.,0.));
#14216=IFCDIRECTION((0.,1.,0.));
#14217=IFCDIRECTION((0.,0.,1.));
#14218=IFCCARTESIANTRANSFORMATIONOPERATOR3D(#14215,#14216,#14214,1.,#14217);
#14219=IFCMAPPEDITEM(#14178,#14218);
#14220=IFCSHAPEREPRESENTATION(#24,'Body','MappedRepresentation',(#14219));
#14221=IFCOPENINGELEMENT('2iZz_fMJv9IhCZRxaldz_3',$,'Opening',$,$,#14375,#14249,$,.OPENING.);
#14237=IFCCARTESIANPOINT((0.,0.,0.));
#14238=IFCDIRECTION((1.,0.,0.));
#14239=IFCDIRECTION((0.,0.,1.));
#14240=IFCAXIS2PLACEMENT3D(#14237,#14239,#14238);
#14241=IFCREPRESENTATIONMAP(#14240,#14365);
#14242=IFCCARTESIANPOINT((0.,0.,0.));
#14243=IFCDIRECTION((1.,0.,0.));
#14244=IFCDIRECTION((0.,1.,0.));
#14245=IFCDIRECTION((0.,0.,1.));
#14246=IFCCARTESIANTRANSFORMATIONOPERATOR3D(#14243,#14244,#14242,1.,#14245);
#14247=IFCMAPPEDITEM(#14241,#14246);
#14248=IFCSHAPEREPRESENTATION(#11,'Body','MappedRepresentation',(#14247));
#14249=IFCPRODUCTDEFINITIONSHAPE($,$,(#14248));
#14250=IFCRELVOIDSELEMENT('2oLvIoZhL2vOHQRlB91Nkv',$,$,$,#6373,#14221);
#14256=IFCRELFILLSELEMENT('3p_I6UmWfCyfkwSpldTcm0',$,$,$,#14221,#14197);
#14262=IFCCARTESIANPOINTLIST3D(((0.,0.,0.),(0.95442652702331543,0.,0.),(0.95442652702331543,0.,2.),(0.,0.,2.)));
#14263=IFCINDEXEDPOLYCURVE(#14262,(IFCLINEINDEX((1,2,3,4,1))),$);
#14264=IFCSHAPEREPRESENTATION(#18,'Profile','Curve3D',(#14263));
#14265=IFCCARTESIANPOINTLIST2D(((0.,0.),(0.,2.),(0.95442652702331543,2.),(0.95442652702331543,0.),(0.9294265266507864,0.),(0.9294265266507864,1.974999999627471),(0.02500000037252903,1.974999999627471),(0.02500000037252903,0.)));
#14266=IFCINDEXEDPOLYCURVE(#14265,(IFCLINEINDEX((1,2,3,4,5,6,7,8,1))),$);
#14267=IFCARBITRARYCLOSEDPROFILEDEF(.AREA.,$,#14266);
#14268=IFCCARTESIANPOINT((0.,0.02500000037252903,0.));
#14269=IFCDIRECTION((0.,-1.,0.));
#14270=IFCDIRECTION((1.,0.,0.));
#14271=IFCAXIS2PLACEMENT3D(#14268,#14269,#14270);
#14272=IFCDIRECTION((0.,0.,-1.));
#14273=IFCEXTRUDEDAREASOLID(#14267,#14271,#14272,0.02500000037252903);
#14274=IFCCARTESIANPOINTLIST2D(((0.,0.),(0.,2.),(0.95442652702331543,2.),(0.95442652702331543,0.),(0.90442652627825737,0.),(0.90442652627825737,1.9499999992549419),(0.05000000074505806,1.9499999992549419),(0.05000000074505806,0.)));
#14275=IFCINDEXEDPOLYCURVE(#14274,(IFCLINEINDEX((1,2,3,4,5,6,7,8,1))),$);
#14276=IFCARBITRARYCLOSEDPROFILEDEF(.AREA.,$,#14275);
#14277=IFCCARTESIANPOINT((0.,0.,0.));
#14278=IFCDIRECTION((0.,-1.,0.));
#14279=IFCDIRECTION((1.,0.,0.));
#14280=IFCAXIS2PLACEMENT3D(#14277,#14278,#14279);
#14281=IFCDIRECTION((0.,0.,-1.));
#14282=IFCEXTRUDEDAREASOLID(#14276,#14280,#14281,0.02500000037252903);
#14283=IFCCARTESIANPOINTLIST2D(((0.,0.),(0.85442652553319931,0.),(0.85442652553319931,0.10000000149011612),(0.,0.10000000149011612)));
#14284=IFCINDEXEDPOLYCURVE(#14283,(IFCLINEINDEX((1,2,3,4,1))),$);
#14285=IFCARBITRARYCLOSEDPROFILEDEF(.AREA.,$,#14284);
#14286=IFCCARTESIANPOINT((0.05000000074505806,0.,0.));
#14287=IFCDIRECTION((0.,0.,1.));
#14288=IFCDIRECTION((1.,0.,0.));
#14289=IFCAXIS2PLACEMENT3D(#14286,#14287,#14288);
#14290=IFCDIRECTION((0.,0.,1.));
#14291=IFCEXTRUDEDAREASOLID(#14285,#14289,#14290,0.02500000037252903);
#14292=IFCCARTESIANPOINTLIST2D(((0.,0.),(0.,2.0250000022351742),(1.0044265314936638,2.0250000022351742),(1.0044265314936638,0.),(0.92942652851343155,0.),(0.92942652851343155,1.9499999992549419),(0.075000002980232239,1.9499999992549419),(0.075000002980232239,0.)));
#14293=IFCINDEXEDPOLYCURVE(#14292,(IFCLINEINDEX((1,2,3,4,5,6,7,8,1))),$);
#14294=IFCARBITRARYCLOSEDPROFILEDEF(.AREA.,$,#14293);
#14295=IFCCARTESIANPOINT((-0.025000002235174179,-0.004999999888241291,0.));
#14296=IFCDIRECTION((0.,-1.,0.));
#14297=IFCDIRECTION((1.,0.,0.));
#14298=IFCAXIS2PLACEMENT3D(#14295,#14296,#14297);
#14299=IFCDIRECTION((0.,0.,-1.));
#14300=IFCEXTRUDEDAREASOLID(#14294,#14298,#14299,0.004999999888241291);
#14301=IFCCARTESIANPOINTLIST2D(((0.,0.),(0.,2.0250000022351742),(1.0044265314936638,2.0250000022351742),(1.0044265314936638,0.),(0.95442652888596058,0.),(0.95442652888596058,1.974999999627471),(0.050000002607703209,1.974999999627471),(0.050000002607703209,0.)));
#14302=IFCINDEXEDPOLYCURVE(#14301,(IFCLINEINDEX((1,2,3,4,5,6,7,8,1))),$);
#14303=IFCARBITRARYCLOSEDPROFILEDEF(.AREA.,$,#14302);
#14304=IFCCARTESIANPOINT((-0.025000002235174179,0.05000000074505806,0.));
#14305=IFCDIRECTION((0.,-1.,0.));
#14306=IFCDIRECTION((1.,0.,0.));
#14307=IFCAXIS2PLACEMENT3D(#14304,#14305,#14306);
#14308=IFCDIRECTION((0.,0.,-1.));
#14309=IFCEXTRUDEDAREASOLID(#14303,#14307,#14308,0.004999999888241291);
#14310=IFCCARTESIANPOINTLIST2D(((0.,0.),(0.90442652627825737,0.),(0.90442652627825737,0.035000000149011612),(0.,0.035000000149011612)));
#14311=IFCINDEXEDPOLYCURVE(#14310,(IFCLINEINDEX((1,2,3,4,1))),$);
#14312=IFCARBITRARYCLOSEDPROFILEDEF(.AREA.,$,#14311);
#14313=IFCCARTESIANPOINT((0.02500000037252903,0.02500000037252903,0.02500000037252903));
#14314=IFCDIRECTION((0.,0.,1.));
#14315=IFCDIRECTION((1.,0.,0.));
#14316=IFCAXIS2PLACEMENT3D(#14313,#14314,#14315);
#14317=IFCDIRECTION((0.,0.,1.));
#14318=IFCEXTRUDEDAREASOLID(#14312,#14316,#14317,1.9499999992549419);
#14319=IFCCARTESIANPOINTLIST2D(((0.,0.),(0.,-0.040000000000000001),(-0.11999999999999988,-0.040000000000000001),(-0.11999999999999988,-0.02),(-0.020000000000000018,-0.02),(-0.020000000000000018,0.)));
#14320=IFCINDEXEDPOLYCURVE(#14319,(IFCLINEINDEX((1,2,3,4,5,6,1))),$);
#14321=IFCARBITRARYCLOSEDPROFILEDEF(.AREA.,$,#14320);
#14322=IFCCARTESIANPOINT((0.87942652665078636,0.02500000037252903,1.015000000372529));
#14323=IFCDIRECTION((0.,0.,1.));
#14324=IFCDIRECTION((1.,0.,0.));
#14325=IFCAXIS2PLACEMENT3D(#14322,#14323,#14324);
#14326=IFCDIRECTION((0.,0.,1.));
#14327=IFCEXTRUDEDAREASOLID(#14321,#14325,#14326,0.02);
#14328=IFCEXTRUDEDAREASOLID(#14329,#14332,#14336,0.02);
#14329=IFCARBITRARYCLOSEDPROFILEDEF(.AREA.,$,#14330);
#14330=IFCINDEXEDPOLYCURVE(#14331,(IFCLINEINDEX((1,2,3,4,5,6,1))),$);
#14331=IFCCARTESIANPOINTLIST2D(((0.,0.),(0.,0.040000000000000008),(-0.11999999999999988,0.040000000000000008),(-0.11999999999999988,0.020000000000000004),(-0.020000000000000018,0.020000000000000004),(-0.020000000000000018,0.)));
#14332=IFCAXIS2PLACEMENT3D(#14333,#14334,#14335);
#14333=IFCCARTESIANPOINT((0.87942652665078636,0.060000000521540642,1.015000000372529));
#14334=IFCDIRECTION((0.,0.,1.));
#14335=IFCDIRECTION((1.,0.,0.));
#14336=IFCDIRECTION((0.,0.,1.));
#14337=IFCSHAPEREPRESENTATION(#11,'Body','SweptSolid',(#14273,#14282,#14318,#14327,#14328,#14291,#14300,#14309));
#14338=IFCSHAPEREPRESENTATION(#11,'Body','SweptSolid',(#14273,#14282,#14291,#14300,#14309));
#14339=IFCSHAPEASPECT((#14338),'Lining',$,.T.,#14206);
#14340=IFCSHAPEREPRESENTATION(#11,'Body','SweptSolid',(#14318,#14327,#14328));
#14341=IFCSHAPEASPECT((#14340),'Framing',$,.T.,#14206);
#14342=IFCCARTESIANPOINTLIST2D(((0.,0.),(0.,0.05000000074505806),(0.02500000037252903,0.05000000074505806),(0.02500000037252903,0.02500000037252903),(0.05000000074505806,0.02500000037252903),(0.05000000074505806,0.)));
#14343=IFCINDEXEDPOLYCURVE(#14342,(IFCLINEINDEX((1,2,3,4,5,6,1))),$);
#14344=IFCINDEXEDPOLYCURVE(#14345,(IFCLINEINDEX((1,2,3,4,5,6,1))),$);
#14345=IFCCARTESIANPOINTLIST2D(((0.95442652702331543,0.),(0.95442652702331543,0.05000000074505806),(0.9294265266507864,0.05000000074505806),(0.9294265266507864,0.02500000037252903),(0.90442652627825737,0.02500000037252903),(0.90442652627825737,0.)));
#14346=IFCDIRECTION((1.,0.));
#14347=IFCCARTESIANPOINT((0.060000000521540642,0.05000000074505806));
#14348=IFCAXIS2PLACEMENT2D(#14347,#14346);
#14349=IFCELLIPSE(#14348,0.86942652612924576,0.90442652627825737);
#14350=IFCCARTESIANPOINT((0.9294265266507864,0.05000000074505806));
#14351=IFCCARTESIANPOINT((0.060000000521540642,0.95442652702331543));
#14352=IFCTRIMMEDCURVE(#14349,(#14350),(#14351),.T.,.CARTESIAN.);
#14353=IFCCARTESIANPOINTLIST2D(((0.02500000037252903,0.05000000074505806),(0.060000000521540642,0.05000000074505806),(0.060000000521540642,0.95442652702331543),(0.02500000037252903,0.95442652702331543)));
#14354=IFCINDEXEDPOLYCURVE(#14353,(IFCLINEINDEX((1,2,3,4,1))),$);
#14355=IFCSHAPEREPRESENTATION(#24,'Body','Curve2D',(#14343,#14344,#14352,#14354));
#14356=IFCCARTESIANPOINTLIST2D(((0.,0.),(0.95442652702331543,0.),(0.95442652702331543,2.),(0.,2.)));
#14357=IFCINDEXEDPOLYCURVE(#14356,(IFCLINEINDEX((1,2,3,4,1))),$);
#14358=IFCARBITRARYCLOSEDPROFILEDEF(.AREA.,$,#14357);
#14359=IFCCARTESIANPOINT((0.,-0.60000002384185791,0.));
#14360=IFCDIRECTION((0.,-1.,0.));
#14361=IFCDIRECTION((1.,0.,0.));
#14362=IFCAXIS2PLACEMENT3D(#14359,#14360,#14361);
#14363=IFCDIRECTION((0.,0.,-1.));
#14364=IFCEXTRUDEDAREASOLID(#14358,#14362,#14363,1.2);
#14365=IFCSHAPEREPRESENTATION(#11,'Body','SweptSolid',(#14364));
#14371=IFCCARTESIANPOINT((1.471346817481485,0.10000015930252593,0.));
#14372=IFCDIRECTION((0.,0.,1.));
#14373=IFCDIRECTION((-0.99999999999999611,8.742277657347468E-08,0.));
#14374=IFCAXIS2PLACEMENT3D(#14371,#14372,#14373);
#14375=IFCLOCALPLACEMENT(#18902,#14374);
#14381=IFCWINDOWTYPE('17Fxg2beH6TgLXroU_x9KG',$,'Bed2-2F',$,$,(#14382),(#14384,#14392,#14478),$,$,.WINDOW.,.SINGLE_PANEL.,$,$);
#14382=IFCPROPERTYSET('0cKdBE95H3pO44Px$MIjF7',$,'BBIM_Window',$,(#14383));
#14383=IFCPROPERTYSINGLEVALUE('Data',$,IFCTEXT('{"window_type": "DOUBLE_PANEL_VERTICAL", "overall_height": 0.8999999761581421, "overall_width": 1.2257635593414307, "lining_properties": {"lining_depth": 0.05000000074505806, "lining_thickness": 0.05000000074505806, "lining_offset": 0.05000000074505806, "lining_to_panel_offset_x": 0.02500000037252903, "lining_to_panel_offset_y": 0.02500000037252903, "mullion_thickness": 0.05000000074505806, "first_mullion_offset": 0.6186720728874207}, "panel_properties": {"frame_depth": [0.03500000014901161, 0.03500000014901161, 0.03500000014901161], "frame_thickness": [0.03500000014901161, 0.03500000014901161, 0.03500000014901161]}}'),$);
#14384=IFCREPRESENTATIONMAP(#14385,#14389);
#14385=IFCAXIS2PLACEMENT3D(#14386,#14387,#14388);
#14386=IFCCARTESIANPOINT((0.,0.,0.));
#14387=IFCDIRECTION((0.,0.,1.));
#14388=IFCDIRECTION((1.,0.,0.));
#14389=IFCSHAPEREPRESENTATION(#18,'Profile','Curve3D',(#14390));
#14390=IFCINDEXEDPOLYCURVE(#14391,(IFCLINEINDEX((1,2,3,4,1))),$);
#14391=IFCCARTESIANPOINTLIST3D(((0.,0.,0.),(1.2257635593414307,0.,0.),(1.2257635593414307,0.,0.89999997615814209),(0.,0.,0.89999997615814209)));
#14392=IFCREPRESENTATIONMAP(#14393,#14397);
#14393=IFCAXIS2PLACEMENT3D(#14394,#14395,#14396);
#14394=IFCCARTESIANPOINT((0.,0.,0.));
#14395=IFCDIRECTION((0.,0.,1.));
#14396=IFCDIRECTION((1.,0.,0.));
#14397=IFCSHAPEREPRESENTATION(#11,'Body','SweptSolid',(#14398,#14407,#14418,#14429,#14438,#14447,#14458,#14469));
#14398=IFCEXTRUDEDAREASOLID(#14399,#14402,#14406,0.0099999997764825821);
#14399=IFCARBITRARYCLOSEDPROFILEDEF(.AREA.,$,#14400);
#14400=IFCINDEXEDPOLYCURVE(#14401,(IFCLINEINDEX((1,2,3,4,5,6,7,8,1))),$);
#14401=IFCCARTESIANPOINTLIST2D(((0.61867207288742065,0.),(0.,0.),(0.,0.89999997615814209),(0.61867207288742065,0.89999997615814209),(0.61867207288742065,0.87499997578561306),(0.02500000037252903,0.87499997578561306),(0.02500000037252903,0.02500000037252903),(0.61867207288742065,0.02500000037252903)));
#14402=IFCAXIS2PLACEMENT3D(#14403,#14404,#14405);
#14403=IFCCARTESIANPOINT((0.,0.090000001713633537,0.));
#14404=IFCDIRECTION((0.,-1.,0.));
#14405=IFCDIRECTION((1.,0.,0.));
#14406=IFCDIRECTION((0.,0.,-1.));
#14407=IFCEXTRUDEDAREASOLID(#14408,#14413,#14417,0.040000000968575478);
#14408=IFCARBITRARYPROFILEDEFWITHVOIDS(.AREA.,$,#14409,(#14411));
#14409=IFCINDEXEDPOLYCURVE(#14410,(IFCLINEINDEX((1,2,3,4,1))),$);
#14410=IFCCARTESIANPOINTLIST2D(((0.,0.),(0.61867207288742065,0.),(0.61867207288742065,0.89999997615814209),(0.,0.89999997615814209)));
#14411=IFCINDEXEDPOLYCURVE(#14412,(IFCLINEINDEX((1,2,3,4,1))),$);
#14412=IFCCARTESIANPOINTLIST2D(((0.05000000074505806,0.05000000074505806),(0.59367207251489162,0.05000000074505806),(0.59367207251489162,0.84999997541308403),(0.05000000074505806,0.84999997541308403)));
#14413=IFCAXIS2PLACEMENT3D(#14414,#14415,#14416);
#14414=IFCCARTESIANPOINT((0.,0.05000000074505806,0.));
#14415=IFCDIRECTION((0.,-1.,0.));
#14416=IFCDIRECTION((1.,0.,0.));
#14417=IFCDIRECTION((0.,0.,-1.));
#14418=IFCEXTRUDEDAREASOLID(#14419,#14424,#14428,0.035000000149011612);
#14419=IFCARBITRARYPROFILEDEFWITHVOIDS(.AREA.,$,#14420,(#14422));
#14420=IFCINDEXEDPOLYCURVE(#14421,(IFCLINEINDEX((1,2,3,4,1))),$);
#14421=IFCCARTESIANPOINTLIST2D(((0.,0.),(0.59367207251489162,0.),(0.59367207251489162,0.84999997541308403),(0.,0.84999997541308403)));
#14422=IFCINDEXEDPOLYCURVE(#14423,(IFCLINEINDEX((1,2,3,4,1))),$);
#14423=IFCCARTESIANPOINTLIST2D(((0.035000000149011612,0.035000000149011612),(0.55867207236588001,0.035000000149011612),(0.55867207236588001,0.81499997526407242),(0.035000000149011612,0.81499997526407242)));
#14424=IFCAXIS2PLACEMENT3D(#14425,#14426,#14427);
#14425=IFCCARTESIANPOINT((0.02500000037252903,0.090000001713633537,0.02500000037252903));
#14426=IFCDIRECTION((0.,-1.,0.));
#14427=IFCDIRECTION((1.,0.,0.));
#14428=IFCDIRECTION((0.,0.,-1.));
#14429=IFCEXTRUDEDAREASOLID(#14430,#14433,#14437,0.01);
#14430=IFCARBITRARYCLOSEDPROFILEDEF(.AREA.,$,#14431);
#14431=IFCINDEXEDPOLYCURVE(#14432,(IFCLINEINDEX((1,2,3,4,1))),$);
#14432=IFCCARTESIANPOINTLIST2D(((0.035000000149011612,0.035000000149011612),(0.55867207236588001,0.035000000149011612),(0.55867207236588001,0.81499997526407242),(0.035000000149011612,0.81499997526407242)));
#14433=IFCAXIS2PLACEMENT3D(#14434,#14435,#14436);
#14434=IFCCARTESIANPOINT((0.02500000037252903,0.10250000178813934,0.02500000037252903));
#14435=IFCDIRECTION((0.,-1.,0.));
#14436=IFCDIRECTION((1.,0.,0.));
#14437=IFCDIRECTION((0.,0.,-1.));
#14438=IFCEXTRUDEDAREASOLID(#14439,#14442,#14446,0.0099999997764825821);
#14439=IFCARBITRARYCLOSEDPROFILEDEF(.AREA.,$,#14440);
#14440=IFCINDEXEDPOLYCURVE(#14441,(IFCLINEINDEX((1,2,3,4,5,6,7,8,1))),$);
#14441=IFCCARTESIANPOINTLIST2D(((0.,0.89999997615814209),(0.60709148645401001,0.89999997615814209),(0.60709148645401001,0.),(0.,0.),(0.,0.02500000037252903),(0.58209148608148098,0.02500000037252903),(0.58209148608148098,0.87499997578561306),(0.,0.87499997578561306)));
#14442=IFCAXIS2PLACEMENT3D(#14443,#14444,#14445);
#14443=IFCCARTESIANPOINT((0.61867207288742065,0.090000001713633537,0.));
#14444=IFCDIRECTION((0.,-1.,0.));
#14445=IFCDIRECTION((1.,0.,0.));
#14446=IFCDIRECTION((0.,0.,-1.));
#14447=IFCEXTRUDEDAREASOLID(#14448,#14453,#14457,0.040000000968575478);
#14448=IFCARBITRARYPROFILEDEFWITHVOIDS(.AREA.,$,#14449,(#14451));
#14449=IFCINDEXEDPOLYCURVE(#14450,(IFCLINEINDEX((1,2,3,4,1))),$);
#14450=IFCCARTESIANPOINTLIST2D(((0.,0.),(0.60709148645401001,0.),(0.60709148645401001,0.89999997615814209),(0.,0.89999997615814209)));
#14451=IFCINDEXEDPOLYCURVE(#14452,(IFCLINEINDEX((1,2,3,4,1))),$);
#14452=IFCCARTESIANPOINTLIST2D(((0.02500000037252903,0.05000000074505806),(0.55709148570895195,0.05000000074505806),(0.55709148570895195,0.84999997541308403),(0.02500000037252903,0.84999997541308403)));
#14453=IFCAXIS2PLACEMENT3D(#14454,#14455,#14456);
#14454=IFCCARTESIANPOINT((0.61867207288742065,0.05000000074505806,0.));
#14455=IFCDIRECTION((0.,-1.,0.));
#14456=IFCDIRECTION((1.,0.,0.));
#14457=IFCDIRECTION((0.,0.,-1.));
#14458=IFCEXTRUDEDAREASOLID(#14459,#14464,#14468,0.035000000149011612);
#14459=IFCARBITRARYPROFILEDEFWITHVOIDS(.AREA.,$,#14460,(#14462));
#14460=IFCINDEXEDPOLYCURVE(#14461,(IFCLINEINDEX((1,2,3,4,1))),$);
#14461=IFCCARTESIANPOINTLIST2D(((0.,0.),(0.58209148608148098,0.),(0.58209148608148098,0.84999997541308403),(0.,0.84999997541308403)));
#14462=IFCINDEXEDPOLYCURVE(#14463,(IFCLINEINDEX((1,2,3,4,1))),$);
#14463=IFCCARTESIANPOINTLIST2D(((0.035000000149011612,0.035000000149011612),(0.54709148593246937,0.035000000149011612),(0.54709148593246937,0.81499997526407242),(0.035000000149011612,0.81499997526407242)));
#14464=IFCAXIS2PLACEMENT3D(#14465,#14466,#14467);
#14465=IFCCARTESIANPOINT((0.61867207288742065,0.090000001713633537,0.02500000037252903));
#14466=IFCDIRECTION((0.,-1.,0.));
#14467=IFCDIRECTION((1.,0.,0.));
#14468=IFCDIRECTION((0.,0.,-1.));
#14469=IFCEXTRUDEDAREASOLID(#14470,#14473,#14477,0.01);
#14470=IFCARBITRARYCLOSEDPROFILEDEF(.AREA.,$,#14471);
#14471=IFCINDEXEDPOLYCURVE(#14472,(IFCLINEINDEX((1,2,3,4,1))),$);
#14472=IFCCARTESIANPOINTLIST2D(((0.035000000149011612,0.035000000149011612),(0.54709148593246937,0.035000000149011612),(0.54709148593246937,0.81499997526407242),(0.035000000149011612,0.81499997526407242)));
#14473=IFCAXIS2PLACEMENT3D(#14474,#14475,#14476);
#14474=IFCCARTESIANPOINT((0.61867207288742065,0.10250000178813934,0.02500000037252903));
#14475=IFCDIRECTION((0.,-1.,0.));
#14476=IFCDIRECTION((1.,0.,0.));
#14477=IFCDIRECTION((0.,0.,-1.));
#14478=IFCREPRESENTATIONMAP(#14479,#14483);
#14479=IFCAXIS2PLACEMENT3D(#14480,#14481,#14482);
#14480=IFCCARTESIANPOINT((0.,0.,0.));
#14481=IFCDIRECTION((0.,0.,1.));
#14482=IFCDIRECTION((1.,0.,0.));
#14483=IFCSHAPEREPRESENTATION(#24,'Body','Curve2D',(#14484,#14486,#14488,#14490,#14492,#14494,#14496,#14498,#14500,#14502,#14504,#14506,#14508,#14510,#14512,#14514));
#14484=IFCINDEXEDPOLYCURVE(#14485,$,$);
#14485=IFCCARTESIANPOINTLIST2D(((0.05000000074505806,0.05000000074505806),(0.59367207251489162,0.05000000074505806)));
#14486=IFCINDEXEDPOLYCURVE(#14487,(IFCLINEINDEX((1,2,3,4,5,6,1))),$);
#14487=IFCCARTESIANPOINTLIST2D(((0.,0.10000000149011612),(0.02500000037252903,0.10000000149011612),(0.02500000037252903,0.090000001713633537),(0.05000000074505806,0.090000001713633537),(0.05000000074505806,0.05000000074505806),(0.,0.05000000074505806)));
#14488=IFCINDEXEDPOLYCURVE(#14489,$,$);
#14489=IFCCARTESIANPOINTLIST2D(((0.61867207288742065,0.10000000149011612),(0.61867207288742065,0.10000000149011612),(0.61867207288742065,0.090000001713633537),(0.59367207251489162,0.090000001713633537),(0.59367207251489162,0.05000000074505806),(0.61867207288742065,0.05000000074505806)));
#14490=IFCINDEXEDPOLYCURVE(#14491,(IFCLINEINDEX((1,2,3,4,1))),$);
#14491=IFCCARTESIANPOINTLIST2D(((0.02500000037252903,0.090000001713633537),(0.060000000521540642,0.090000001713633537),(0.060000000521540642,0.12500000186264515),(0.02500000037252903,0.12500000186264515)));
#14492=IFCINDEXEDPOLYCURVE(#14493,(IFCLINEINDEX((1,2,3,4,1))),$);
#14493=IFCCARTESIANPOINTLIST2D(((0.61867207288742065,0.090000001713633537),(0.58367207273840904,0.090000001713633537),(0.58367207273840904,0.12500000186264515),(0.61867207288742065,0.12500000186264515)));
#14494=IFCINDEXEDPOLYCURVE(#14495,$,$);
#14495=IFCCARTESIANPOINTLIST2D(((0.060000000521540642,0.090000001713633537),(0.58367207273840904,0.090000001713633537)));
#14496=IFCINDEXEDPOLYCURVE(#14497,$,$);
#14497=IFCCARTESIANPOINTLIST2D(((0.060000000521540642,0.12500000186264515),(0.58367207273840904,0.12500000186264515)));
#14498=IFCINDEXEDPOLYCURVE(#14499,$,$);
#14499=IFCCARTESIANPOINTLIST2D(((0.060000000521540642,0.10750000178813934),(0.58367207273840904,0.10750000178813934)));
#14500=IFCINDEXEDPOLYCURVE(#14501,$,$);
#14501=IFCCARTESIANPOINTLIST2D(((0.64367207325994968,0.05000000074505806),(1.1757635585963726,0.05000000074505806)));
#14502=IFCINDEXEDPOLYCURVE(#14503,$,$);
#14503=IFCCARTESIANPOINTLIST2D(((0.61867207288742065,0.10000000149011612),(0.61867207288742065,0.10000000149011612),(0.61867207288742065,0.090000001713633537),(0.64367207325994968,0.090000001713633537),(0.64367207325994968,0.05000000074505806),(0.61867207288742065,0.05000000074505806)));
#14504=IFCINDEXEDPOLYCURVE(#14505,(IFCLINEINDEX((1,2,3,4,5,6,1))),$);
#14505=IFCCARTESIANPOINTLIST2D(((1.2257635593414307,0.10000000149011612),(1.2007635589689016,0.10000000149011612),(1.2007635589689016,0.090000001713633537),(1.1757635585963726,0.090000001713633537),(1.1757635585963726,0.05000000074505806),(1.2257635593414307,0.05000000074505806)));
#14506=IFCINDEXEDPOLYCURVE(#14507,(IFCLINEINDEX((1,2,3,4,1))),$);
#14507=IFCCARTESIANPOINTLIST2D(((0.61867207288742065,0.090000001713633537),(0.65367207303643227,0.090000001713633537),(0.65367207303643227,0.12500000186264515),(0.61867207288742065,0.12500000186264515)));
#14508=IFCINDEXEDPOLYCURVE(#14509,(IFCLINEINDEX((1,2,3,4,1))),$);
#14509=IFCCARTESIANPOINTLIST2D(((1.2007635589689016,0.090000001713633537),(1.16576355881989,0.090000001713633537),(1.16576355881989,0.12500000186264515),(1.2007635589689016,0.12500000186264515)));
#14510=IFCINDEXEDPOLYCURVE(#14511,$,$);
#14511=IFCCARTESIANPOINTLIST2D(((0.65367207303643227,0.090000001713633537),(1.16576355881989,0.090000001713633537)));
#14512=IFCINDEXEDPOLYCURVE(#14513,$,$);
#14513=IFCCARTESIANPOINTLIST2D(((0.65367207303643227,0.12500000186264515),(1.16576355881989,0.12500000186264515)));
#14514=IFCINDEXEDPOLYCURVE(#14515,$,$);
#14515=IFCCARTESIANPOINTLIST2D(((0.65367207303643227,0.10750000178813934),(1.16576355881989,0.10750000178813934)));
#14565=IFCWINDOW('32azKJx1vD$BVuYhM8EXus',$,'Window',$,$,#15573,#14574,$,0.89999997615814209,1.2257635593414307,$,$,$);
#14566=IFCRELDEFINESBYTYPE('1f9ilhHY541QZnUmj8hDnm',$,$,$,(#14565),#14381);
#14567=IFCCARTESIANPOINT((0.,0.,0.));
#14568=IFCDIRECTION((1.,0.,0.));
#14569=IFCDIRECTION((0.,1.,0.));
#14570=IFCDIRECTION((0.,0.,1.));
#14571=IFCCARTESIANTRANSFORMATIONOPERATOR3D(#14568,#14569,#14567,1.,#14570);
#14572=IFCMAPPEDITEM(#14384,#14571);
#14573=IFCSHAPEREPRESENTATION(#18,'Profile','MappedRepresentation',(#14572));
#14574=IFCPRODUCTDEFINITIONSHAPE($,$,(#14573,#14581,#14588));
#14575=IFCCARTESIANPOINT((0.,0.,0.));
#14576=IFCDIRECTION((1.,0.,0.));
#14577=IFCDIRECTION((0.,1.,0.));
#14578=IFCDIRECTION((0.,0.,1.));
#14579=IFCCARTESIANTRANSFORMATIONOPERATOR3D(#14576,#14577,#14575,1.,#14578);
#14580=IFCMAPPEDITEM(#14392,#14579);
#14581=IFCSHAPEREPRESENTATION(#11,'Body','MappedRepresentation',(#14580));
#14582=IFCCARTESIANPOINT((0.,0.,0.));
#14583=IFCDIRECTION((1.,0.,0.));
#14584=IFCDIRECTION((0.,1.,0.));
#14585=IFCDIRECTION((0.,0.,1.));
#14586=IFCCARTESIANTRANSFORMATIONOPERATOR3D(#14583,#14584,#14582,1.,#14585);
#14587=IFCMAPPEDITEM(#14478,#14586);
#14588=IFCSHAPEREPRESENTATION(#24,'Body','MappedRepresentation',(#14587));
#14589=IFCOPENINGELEMENT('3ftxgfOxX9MBQzxo06VknQ',$,'Opening',$,$,#14623,#14617,$,.OPENING.);
#14595=IFCCARTESIANPOINTLIST2D(((0.,0.),(1.2257635593414307,0.),(1.2257635593414307,0.89999997615814209),(0.,0.89999997615814209)));
#14596=IFCINDEXEDPOLYCURVE(#14595,(IFCLINEINDEX((1,2,3,4,1))),$);
#14597=IFCARBITRARYCLOSEDPROFILEDEF(.AREA.,$,#14596);
#14598=IFCCARTESIANPOINT((0.,-0.60000002384185791,0.));
#14599=IFCDIRECTION((0.,-1.,0.));
#14600=IFCDIRECTION((1.,0.,0.));
#14601=IFCAXIS2PLACEMENT3D(#14598,#14599,#14600);
#14602=IFCDIRECTION((0.,0.,-1.));
#14603=IFCEXTRUDEDAREASOLID(#14597,#14601,#14602,1.2);
#14604=IFCSHAPEREPRESENTATION(#11,'Body','SweptSolid',(#14603));
#14605=IFCCARTESIANPOINT((0.,0.,0.));
#14606=IFCDIRECTION((1.,0.,0.));
#14607=IFCDIRECTION((0.,0.,1.));
#14608=IFCAXIS2PLACEMENT3D(#14605,#14607,#14606);
#14609=IFCREPRESENTATIONMAP(#14608,#14604);
#14610=IFCCARTESIANPOINT((0.,0.,0.));
#14611=IFCDIRECTION((1.,0.,0.));
#14612=IFCDIRECTION((0.,1.,0.));
#14613=IFCDIRECTION((0.,0.,1.));
#14614=IFCCARTESIANTRANSFORMATIONOPERATOR3D(#14611,#14612,#14610,1.,#14613);
#14615=IFCMAPPEDITEM(#14609,#14614);
#14616=IFCSHAPEREPRESENTATION(#11,'Body','MappedRepresentation',(#14615));
#14617=IFCPRODUCTDEFINITIONSHAPE($,$,(#14616));
#14618=IFCRELVOIDSELEMENT('2kp3PlWJr3A8IYm8wYFiM$',$,$,$,#6223,#14589);
#14619=IFCCARTESIANPOINT((1.9465970849863905,0.10000007244249209,1.));
#14620=IFCDIRECTION((0.,0.,1.));
#14621=IFCDIRECTION((-0.99999999999999611,8.742277657347468E-08,0.));
#14622=IFCAXIS2PLACEMENT3D(#14619,#14620,#14621);
#14623=IFCLOCALPLACEMENT(#18892,#14622);
#14624=IFCRELFILLSELEMENT('2E$h6ncmjA9uvf_HjzVJp8',$,$,$,#14589,#14565);
#14630=IFCWINDOWTYPE('192o1qAWL9kO3pz7FqDScw',$,'Bed1-2F-3',$,$,(#14631),(#14633,#14641,#14689),$,$,.WINDOW.,.SINGLE_PANEL.,$,$);
#14631=IFCPROPERTYSET('0etZVdf5H3Zf8Z0vI$NtfI',$,'BBIM_Window',$,(#14632));
#14632=IFCPROPERTYSINGLEVALUE('Data',$,IFCTEXT('{"window_type": "SINGLE_PANEL", "overall_height": 1.899999976158142, "overall_width": 1.8783234357833862, "lining_properties": {"lining_depth": 0.05000000074505806, "lining_thickness": 0.05000000074505806, "lining_offset": 0.05000000074505806, "lining_to_panel_offset_x": 0.02500000037252903, "lining_to_panel_offset_y": 0.02500000037252903}, "panel_properties": {"frame_depth": [0.03500000014901161, 0.03500000014901161, 0.03500000014901161], "frame_thickness": [0.03500000014901161, 0.03500000014901161, 0.03500000014901161]}}'),$);
#14633=IFCREPRESENTATIONMAP(#14634,#14960);
#14634=IFCAXIS2PLACEMENT3D(#14635,#14636,#14637);
#14635=IFCCARTESIANPOINT((0.,0.,0.));
#14636=IFCDIRECTION((0.,0.,1.));
#14637=IFCDIRECTION((1.,0.,0.));
#14641=IFCREPRESENTATIONMAP(#14642,#15003);
#14642=IFCAXIS2PLACEMENT3D(#14643,#14644,#14645);
#14643=IFCCARTESIANPOINT((0.,0.,0.));
#14644=IFCDIRECTION((0.,0.,1.));
#14645=IFCDIRECTION((1.,0.,0.));
#14689=IFCREPRESENTATIONMAP(#14690,#15020);
#14690=IFCAXIS2PLACEMENT3D(#14691,#14692,#14693);
#14691=IFCCARTESIANPOINT((0.,0.,0.));
#14692=IFCDIRECTION((0.,0.,1.));
#14693=IFCDIRECTION((1.,0.,0.));
#14711=IFCWINDOW('2f7TUYCIv5BuJuzuxMkEYi',$,'Window',$,$,#15578,#14720,$,1.8999999761581421,1.8783234357833862,$,.SINGLE_PANEL.,$);
#14712=IFCRELDEFINESBYTYPE('0L6ynTfhT2$eL$oKK54T_e',$,$,$,(#14711),#14630);
#14713=IFCCARTESIANPOINT((0.,0.,0.));
#14714=IFCDIRECTION((1.,0.,0.));
#14715=IFCDIRECTION((0.,1.,0.));
#14716=IFCDIRECTION((0.,0.,1.));
#14717=IFCCARTESIANTRANSFORMATIONOPERATOR3D(#14714,#14715,#14713,1.,#14716);
#14718=IFCMAPPEDITEM(#14633,#14717);
#14719=IFCSHAPEREPRESENTATION(#18,'Profile','MappedRepresentation',(#14718));
#14720=IFCPRODUCTDEFINITIONSHAPE($,$,(#14719,#14727,#14734));
#14721=IFCCARTESIANPOINT((0.,0.,0.));
#14722=IFCDIRECTION((1.,0.,0.));
#14723=IFCDIRECTION((0.,1.,0.));
#14724=IFCDIRECTION((0.,0.,1.));
#14725=IFCCARTESIANTRANSFORMATIONOPERATOR3D(#14722,#14723,#14721,1.,#14724);
#14726=IFCMAPPEDITEM(#14641,#14725);
#14727=IFCSHAPEREPRESENTATION(#11,'Body','MappedRepresentation',(#14726));
#14728=IFCCARTESIANPOINT((0.,0.,0.));
#14729=IFCDIRECTION((1.,0.,0.));
#14730=IFCDIRECTION((0.,1.,0.));
#14731=IFCDIRECTION((0.,0.,1.));
#14732=IFCCARTESIANTRANSFORMATIONOPERATOR3D(#14729,#14730,#14728,1.,#14731);
#14733=IFCMAPPEDITEM(#14689,#14732);
#14734=IFCSHAPEREPRESENTATION(#24,'Body','MappedRepresentation',(#14733));
#14735=IFCOPENINGELEMENT('2FnLkSTPX1CwEXkaEubOee',$,'Opening',$,$,#15040,#14763,$,.OPENING.);
#14751=IFCCARTESIANPOINT((0.,0.,0.));
#14752=IFCDIRECTION((1.,0.,0.));
#14753=IFCDIRECTION((0.,0.,1.));
#14754=IFCAXIS2PLACEMENT3D(#14751,#14753,#14752);
#14755=IFCREPRESENTATIONMAP(#14754,#15030);
#14756=IFCCARTESIANPOINT((0.,0.,0.));
#14757=IFCDIRECTION((1.,0.,0.));
#14758=IFCDIRECTION((0.,1.,0.));
#14759=IFCDIRECTION((0.,0.,1.));
#14760=IFCCARTESIANTRANSFORMATIONOPERATOR3D(#14757,#14758,#14756,1.,#14759);
#14761=IFCMAPPEDITEM(#14755,#14760);
#14762=IFCSHAPEREPRESENTATION(#11,'Body','MappedRepresentation',(#14761));
#14763=IFCPRODUCTDEFINITIONSHAPE($,$,(#14762));
#14764=IFCRELVOIDSELEMENT('3xPtOj7Tb1cvPe93b6ERKV',$,$,$,#6523,#14735);
#14770=IFCRELFILLSELEMENT('2Kue0g8UH4SAN612RoP6Iz',$,$,$,#14735,#14711);
#14779=IFCCARTESIANPOINTLIST2D(((0.,0.),(0.75006639957427979,0.),(0.75006639957427979,0.89999997615814209),(0.,0.89999997615814209)));
#14780=IFCINDEXEDPOLYCURVE(#14779,(IFCLINEINDEX((1,2,3,4,1))),$);
#14781=IFCCARTESIANPOINTLIST2D(((0.02500000037252903,0.02500000037252903),(0.72506639920175076,0.02500000037252903),(0.72506639920175076,0.87499997578561306),(0.02500000037252903,0.87499997578561306)));
#14782=IFCINDEXEDPOLYCURVE(#14781,(IFCLINEINDEX((1,2,3,4,1))),$);
#14783=IFCARBITRARYPROFILEDEFWITHVOIDS(.AREA.,$,#14780,(#14782));
#14784=IFCCARTESIANPOINT((0.,0.090000001713633537,0.));
#14785=IFCDIRECTION((0.,-1.,0.));
#14786=IFCDIRECTION((1.,0.,0.));
#14787=IFCAXIS2PLACEMENT3D(#14784,#14785,#14786);
#14788=IFCDIRECTION((0.,0.,-1.));
#14789=IFCEXTRUDEDAREASOLID(#14783,#14787,#14788,0.0099999997764825821);
#14790=IFCCARTESIANPOINTLIST2D(((0.,0.),(0.75006639957427979,0.),(0.75006639957427979,0.89999997615814209),(0.,0.89999997615814209)));
#14791=IFCINDEXEDPOLYCURVE(#14790,(IFCLINEINDEX((1,2,3,4,1))),$);
#14792=IFCCARTESIANPOINTLIST2D(((0.05000000074505806,0.05000000074505806),(0.70006639882922173,0.05000000074505806),(0.70006639882922173,0.84999997541308403),(0.05000000074505806,0.84999997541308403)));
#14793=IFCINDEXEDPOLYCURVE(#14792,(IFCLINEINDEX((1,2,3,4,1))),$);
#14794=IFCARBITRARYPROFILEDEFWITHVOIDS(.AREA.,$,#14791,(#14793));
#14795=IFCCARTESIANPOINT((0.,0.05000000074505806,0.));
#14796=IFCDIRECTION((0.,-1.,0.));
#14797=IFCDIRECTION((1.,0.,0.));
#14798=IFCAXIS2PLACEMENT3D(#14795,#14796,#14797);
#14799=IFCDIRECTION((0.,0.,-1.));
#14800=IFCEXTRUDEDAREASOLID(#14794,#14798,#14799,0.040000000968575478);
#14801=IFCCARTESIANPOINTLIST2D(((0.,0.),(0.70006639882922173,0.),(0.70006639882922173,0.84999997541308403),(0.,0.84999997541308403)));
#14802=IFCINDEXEDPOLYCURVE(#14801,(IFCLINEINDEX((1,2,3,4,1))),$);
#14803=IFCCARTESIANPOINTLIST2D(((0.035000000149011612,0.035000000149011612),(0.66506639868021011,0.035000000149011612),(0.66506639868021011,0.81499997526407242),(0.035000000149011612,0.81499997526407242)));
#14804=IFCINDEXEDPOLYCURVE(#14803,(IFCLINEINDEX((1,2,3,4,1))),$);
#14805=IFCARBITRARYPROFILEDEFWITHVOIDS(.AREA.,$,#14802,(#14804));
#14806=IFCCARTESIANPOINT((0.02500000037252903,0.090000001713633537,0.02500000037252903));
#14807=IFCDIRECTION((0.,-1.,0.));
#14808=IFCDIRECTION((1.,0.,0.));
#14809=IFCAXIS2PLACEMENT3D(#14806,#14807,#14808);
#14810=IFCDIRECTION((0.,0.,-1.));
#14811=IFCEXTRUDEDAREASOLID(#14805,#14809,#14810,0.035000000149011612);
#14812=IFCINDEXEDPOLYCURVE(#14813,(IFCLINEINDEX((1,2,3,4,1))),$);
#14813=IFCCARTESIANPOINTLIST2D(((0.035000000149011612,0.035000000149011612),(0.66506639868021011,0.035000000149011612),(0.66506639868021011,0.81499997526407242),(0.035000000149011612,0.81499997526407242)));
#14814=IFCARBITRARYCLOSEDPROFILEDEF(.AREA.,$,#14812);
#14815=IFCCARTESIANPOINT((0.02500000037252903,0.10250000178813934,0.02500000037252903));
#14816=IFCDIRECTION((0.,-1.,0.));
#14817=IFCDIRECTION((1.,0.,0.));
#14818=IFCAXIS2PLACEMENT3D(#14815,#14816,#14817);
#14819=IFCDIRECTION((0.,0.,-1.));
#14820=IFCEXTRUDEDAREASOLID(#14814,#14818,#14819,0.01);
#14822=IFCSHAPEREPRESENTATION(#11,'Body','SweptSolid',(#14789,#14982,#14800,#14894,#14883,#14971));
#14823=IFCSHAPEASPECT((#14822),'Lining',$,.T.,#14720);
#14824=IFCSHAPEREPRESENTATION(#11,'Body','SweptSolid',(#14905,#14993,#14811));
#14825=IFCSHAPEASPECT((#14824),'Framing',$,.T.,#14720);
#14826=IFCSHAPEREPRESENTATION(#11,'Body','SweptSolid',(#15002,#14914,#14820));
#14827=IFCSHAPEASPECT((#14826),'Glazing',$,.T.,#14720);
#14873=IFCCARTESIANPOINTLIST2D(((0.,0.),(1.8783234357833862,0.),(1.8783234357833862,0.89999997615814209),(0.,0.89999997615814209)));
#14874=IFCINDEXEDPOLYCURVE(#14873,(IFCLINEINDEX((1,2,3,4,1))),$);
#14875=IFCCARTESIANPOINTLIST2D(((0.02500000037252903,0.02500000037252903),(1.8533234354108572,0.02500000037252903),(1.8533234354108572,0.87499997578561306),(0.02500000037252903,0.87499997578561306)));
#14876=IFCINDEXEDPOLYCURVE(#14875,(IFCLINEINDEX((1,2,3,4,1))),$);
#14877=IFCARBITRARYPROFILEDEFWITHVOIDS(.AREA.,$,#14874,(#14876));
#14878=IFCCARTESIANPOINT((0.,0.090000001713633537,0.));
#14879=IFCDIRECTION((0.,-1.,0.));
#14880=IFCDIRECTION((1.,0.,0.));
#14881=IFCAXIS2PLACEMENT3D(#14878,#14879,#14880);
#14882=IFCDIRECTION((0.,0.,-1.));
#14883=IFCEXTRUDEDAREASOLID(#14877,#14881,#14882,0.0099999997764825821);
#14884=IFCCARTESIANPOINTLIST2D(((0.,0.),(1.8783234357833862,0.),(1.8783234357833862,0.89999997615814209),(0.,0.89999997615814209)));
#14885=IFCINDEXEDPOLYCURVE(#14884,(IFCLINEINDEX((1,2,3,4,1))),$);
#14886=IFCCARTESIANPOINTLIST2D(((0.05000000074505806,0.05000000074505806),(1.8283234350383282,0.05000000074505806),(1.8283234350383282,0.84999997541308403),(0.05000000074505806,0.84999997541308403)));
#14887=IFCINDEXEDPOLYCURVE(#14886,(IFCLINEINDEX((1,2,3,4,1))),$);
#14888=IFCARBITRARYPROFILEDEFWITHVOIDS(.AREA.,$,#14885,(#14887));
#14889=IFCCARTESIANPOINT((0.,0.05000000074505806,0.));
#14890=IFCDIRECTION((0.,-1.,0.));
#14891=IFCDIRECTION((1.,0.,0.));
#14892=IFCAXIS2PLACEMENT3D(#14889,#14890,#14891);
#14893=IFCDIRECTION((0.,0.,-1.));
#14894=IFCEXTRUDEDAREASOLID(#14888,#14892,#14893,0.040000000968575478);
#14895=IFCCARTESIANPOINTLIST2D(((0.,0.),(1.8283234350383282,0.),(1.8283234350383282,0.84999997541308403),(0.,0.84999997541308403)));
#14896=IFCINDEXEDPOLYCURVE(#14895,(IFCLINEINDEX((1,2,3,4,1))),$);
#14897=IFCCARTESIANPOINTLIST2D(((0.035000000149011612,0.035000000149011612),(1.7933234348893166,0.035000000149011612),(1.7933234348893166,0.81499997526407242),(0.035000000149011612,0.81499997526407242)));
#14898=IFCINDEXEDPOLYCURVE(#14897,(IFCLINEINDEX((1,2,3,4,1))),$);
#14899=IFCARBITRARYPROFILEDEFWITHVOIDS(.AREA.,$,#14896,(#14898));
#14900=IFCCARTESIANPOINT((0.02500000037252903,0.090000001713633537,0.02500000037252903));
#14901=IFCDIRECTION((0.,-1.,0.));
#14902=IFCDIRECTION((1.,0.,0.));
#14903=IFCAXIS2PLACEMENT3D(#14900,#14901,#14902);
#14904=IFCDIRECTION((0.,0.,-1.));
#14905=IFCEXTRUDEDAREASOLID(#14899,#14903,#14904,0.035000000149011612);
#14906=IFCINDEXEDPOLYCURVE(#14907,(IFCLINEINDEX((1,2,3,4,1))),$);
#14907=IFCCARTESIANPOINTLIST2D(((0.035000000149011612,0.035000000149011612),(1.7933234348893166,0.035000000149011612),(1.7933234348893166,0.81499997526407242),(0.035000000149011612,0.81499997526407242)));
#14908=IFCARBITRARYCLOSEDPROFILEDEF(.AREA.,$,#14906);
#14909=IFCCARTESIANPOINT((0.02500000037252903,0.10250000178813934,0.02500000037252903));
#14910=IFCDIRECTION((0.,-1.,0.));
#14911=IFCDIRECTION((1.,0.,0.));
#14912=IFCAXIS2PLACEMENT3D(#14909,#14910,#14911);
#14913=IFCDIRECTION((0.,0.,-1.));
#14914=IFCEXTRUDEDAREASOLID(#14908,#14912,#14913,0.01);
#14958=IFCCARTESIANPOINTLIST3D(((0.,0.,0.),(1.8783234357833862,0.,0.),(1.8783234357833862,0.,1.8999999761581421),(0.,0.,1.8999999761581421)));
#14959=IFCINDEXEDPOLYCURVE(#14958,(IFCLINEINDEX((1,2,3,4,1))),$);
#14960=IFCSHAPEREPRESENTATION(#18,'Profile','Curve3D',(#14959));
#14961=IFCCARTESIANPOINTLIST2D(((0.,0.),(1.8783234357833862,0.),(1.8783234357833862,1.8999999761581421),(0.,1.8999999761581421)));
#14962=IFCINDEXEDPOLYCURVE(#14961,(IFCLINEINDEX((1,2,3,4,1))),$);
#14963=IFCCARTESIANPOINTLIST2D(((0.02500000037252903,0.02500000037252903),(1.8533234354108572,0.02500000037252903),(1.8533234354108572,1.8749999757856131),(0.02500000037252903,1.8749999757856131)));
#14964=IFCINDEXEDPOLYCURVE(#14963,(IFCLINEINDEX((1,2,3,4,1))),$);
#14965=IFCARBITRARYPROFILEDEFWITHVOIDS(.AREA.,$,#14962,(#14964));
#14966=IFCCARTESIANPOINT((0.,0.090000001713633537,0.));
#14967=IFCDIRECTION((0.,-1.,0.));
#14968=IFCDIRECTION((1.,0.,0.));
#14969=IFCAXIS2PLACEMENT3D(#14966,#14967,#14968);
#14970=IFCDIRECTION((0.,0.,-1.));
#14971=IFCEXTRUDEDAREASOLID(#14965,#14969,#14970,0.0099999997764825821);
#14972=IFCCARTESIANPOINTLIST2D(((0.,0.),(1.8783234357833862,0.),(1.8783234357833862,1.8999999761581421),(0.,1.8999999761581421)));
#14973=IFCINDEXEDPOLYCURVE(#14972,(IFCLINEINDEX((1,2,3,4,1))),$);
#14974=IFCCARTESIANPOINTLIST2D(((0.05000000074505806,0.05000000074505806),(1.8283234350383282,0.05000000074505806),(1.8283234350383282,1.849999975413084),(0.05000000074505806,1.849999975413084)));
#14975=IFCINDEXEDPOLYCURVE(#14974,(IFCLINEINDEX((1,2,3,4,1))),$);
#14976=IFCARBITRARYPROFILEDEFWITHVOIDS(.AREA.,$,#14973,(#14975));
#14977=IFCCARTESIANPOINT((0.,0.05000000074505806,0.));
#14978=IFCDIRECTION((0.,-1.,0.));
#14979=IFCDIRECTION((1.,0.,0.));
#14980=IFCAXIS2PLACEMENT3D(#14977,#14978,#14979);
#14981=IFCDIRECTION((0.,0.,-1.));
#14982=IFCEXTRUDEDAREASOLID(#14976,#14980,#14981,0.040000000968575478);
#14983=IFCCARTESIANPOINTLIST2D(((0.,0.),(1.8283234350383282,0.),(1.8283234350383282,1.849999975413084),(0.,1.849999975413084)));
#14984=IFCINDEXEDPOLYCURVE(#14983,(IFCLINEINDEX((1,2,3,4,1))),$);
#14985=IFCCARTESIANPOINTLIST2D(((0.035000000149011612,0.035000000149011612),(1.7933234348893166,0.035000000149011612),(1.7933234348893166,1.8149999752640724),(0.035000000149011612,1.8149999752640724)));
#14986=IFCINDEXEDPOLYCURVE(#14985,(IFCLINEINDEX((1,2,3,4,1))),$);
#14987=IFCARBITRARYPROFILEDEFWITHVOIDS(.AREA.,$,#14984,(#14986));
#14988=IFCCARTESIANPOINT((0.02500000037252903,0.090000001713633537,0.02500000037252903));
#14989=IFCDIRECTION((0.,-1.,0.));
#14990=IFCDIRECTION((1.,0.,0.));
#14991=IFCAXIS2PLACEMENT3D(#14988,#14989,#14990);
#14992=IFCDIRECTION((0.,0.,-1.));
#14993=IFCEXTRUDEDAREASOLID(#14987,#14991,#14992,0.035000000149011612);
#14994=IFCINDEXEDPOLYCURVE(#14995,(IFCLINEINDEX((1,2,3,4,1))),$);
#14995=IFCCARTESIANPOINTLIST2D(((0.035000000149011612,0.035000000149011612),(1.7933234348893166,0.035000000149011612),(1.7933234348893166,1.8149999752640724),(0.035000000149011612,1.8149999752640724)));
#14996=IFCARBITRARYCLOSEDPROFILEDEF(.AREA.,$,#14994);
#14997=IFCCARTESIANPOINT((0.02500000037252903,0.10250000178813934,0.02500000037252903));
#14998=IFCDIRECTION((0.,-1.,0.));
#14999=IFCDIRECTION((1.,0.,0.));
#15000=IFCAXIS2PLACEMENT3D(#14997,#14998,#14999);
#15001=IFCDIRECTION((0.,0.,-1.));
#15002=IFCEXTRUDEDAREASOLID(#14996,#15000,#15001,0.01);
#15003=IFCSHAPEREPRESENTATION(#11,'Body','SweptSolid',(#14971,#14982,#14993,#15002));
#15004=IFCCARTESIANPOINTLIST2D(((0.05000000074505806,0.05000000074505806),(1.8283234350383282,0.05000000074505806)));
#15005=IFCINDEXEDPOLYCURVE(#15004,$,$);
#15006=IFCCARTESIANPOINTLIST2D(((0.,0.10000000149011612),(0.02500000037252903,0.10000000149011612),(0.02500000037252903,0.090000001713633537),(0.05000000074505806,0.090000001713633537),(0.05000000074505806,0.05000000074505806),(0.,0.05000000074505806)));
#15007=IFCINDEXEDPOLYCURVE(#15006,(IFCLINEINDEX((1,2,3,4,5,6,1))),$);
#15008=IFCCARTESIANPOINTLIST2D(((1.8783234357833862,0.10000000149011612),(1.8533234354108572,0.10000000149011612),(1.8533234354108572,0.090000001713633537),(1.8283234350383282,0.090000001713633537),(1.8283234350383282,0.05000000074505806),(1.8783234357833862,0.05000000074505806)));
#15009=IFCINDEXEDPOLYCURVE(#15008,(IFCLINEINDEX((1,2,3,4,5,6,1))),$);
#15010=IFCCARTESIANPOINTLIST2D(((0.02500000037252903,0.090000001713633537),(0.060000000521540642,0.090000001713633537),(0.060000000521540642,0.12500000186264515),(0.02500000037252903,0.12500000186264515)));
#15011=IFCINDEXEDPOLYCURVE(#15010,(IFCLINEINDEX((1,2,3,4,1))),$);
#15012=IFCINDEXEDPOLYCURVE(#15013,(IFCLINEINDEX((1,2,3,4,1))),$);
#15013=IFCCARTESIANPOINTLIST2D(((1.8533234354108572,0.090000001713633537),(1.8183234352618456,0.090000001713633537),(1.8183234352618456,0.12500000186264515),(1.8533234354108572,0.12500000186264515)));
#15014=IFCCARTESIANPOINTLIST2D(((0.060000000521540642,0.090000001713633537),(1.8183234352618456,0.090000001713633537)));
#15015=IFCINDEXEDPOLYCURVE(#15014,$,$);
#15016=IFCINDEXEDPOLYCURVE(#15017,$,$);
#15017=IFCCARTESIANPOINTLIST2D(((0.060000000521540642,0.12500000186264515),(1.8183234352618456,0.12500000186264515)));
#15018=IFCINDEXEDPOLYCURVE(#15019,$,$);
#15019=IFCCARTESIANPOINTLIST2D(((0.060000000521540642,0.10750000178813934),(1.8183234352618456,0.10750000178813934)));
#15020=IFCSHAPEREPRESENTATION(#24,'Body','Curve2D',(#15005,#15007,#15009,#15011,#15012,#15015,#15016,#15018));
#15021=IFCCARTESIANPOINTLIST2D(((0.,0.),(1.8783234357833862,0.),(1.8783234357833862,1.8999999761581421),(0.,1.8999999761581421)));
#15022=IFCINDEXEDPOLYCURVE(#15021,(IFCLINEINDEX((1,2,3,4,1))),$);
#15023=IFCARBITRARYCLOSEDPROFILEDEF(.AREA.,$,#15022);
#15024=IFCCARTESIANPOINT((0.,-0.60000002384185791,0.));
#15025=IFCDIRECTION((0.,-1.,0.));
#15026=IFCDIRECTION((1.,0.,0.));
#15027=IFCAXIS2PLACEMENT3D(#15024,#15025,#15026);
#15028=IFCDIRECTION((0.,0.,-1.));
#15029=IFCEXTRUDEDAREASOLID(#15023,#15027,#15028,1.2);
#15030=IFCSHAPEREPRESENTATION(#11,'Body','SweptSolid',(#15029));
#15036=IFCCARTESIANPOINT((1.366136925964939,0.,0.));
#15037=IFCDIRECTION((0.,0.,1.));
#15038=IFCDIRECTION((1.,0.,0.));
#15039=IFCAXIS2PLACEMENT3D(#15036,#15037,#15038);
#15040=IFCLOCALPLACEMENT(#18912,#15039);
#15046=IFCWINDOWTYPE('0fWnWnzqXFjRNOu3mGnnPz',$,'Maid-GF',$,$,(#15047),(#15049,#15057,#15105),$,$,.WINDOW.,.SINGLE_PANEL.,$,$);
#15047=IFCPROPERTYSET('2N0QL8TDzACuZCqLEECfo3',$,'BBIM_Window',$,(#15048));
#15048=IFCPROPERTYSINGLEVALUE('Data',$,IFCTEXT('{"window_type": "SINGLE_PANEL", "overall_height": 0.8999999761581421, "overall_width": 0.758299708366394, "lining_properties": {"lining_depth": 0.05000000074505806, "lining_thickness": 0.05000000074505806, "lining_offset": 0.05000000074505806, "lining_to_panel_offset_x": 0.02500000037252903, "lining_to_panel_offset_y": 0.02500000037252903}, "panel_properties": {"frame_depth": [0.03500000014901161, 0.03500000014901161, 0.03500000014901161], "frame_thickness": [0.03500000014901161, 0.03500000014901161, 0.03500000014901161]}}'),$);
#15049=IFCREPRESENTATIONMAP(#15050,#15303);
#15050=IFCAXIS2PLACEMENT3D(#15051,#15052,#15053);
#15051=IFCCARTESIANPOINT((0.,0.,0.));
#15052=IFCDIRECTION((0.,0.,1.));
#15053=IFCDIRECTION((1.,0.,0.));
#15057=IFCREPRESENTATIONMAP(#15058,#15346);
#15058=IFCAXIS2PLACEMENT3D(#15059,#15060,#15061);
#15059=IFCCARTESIANPOINT((0.,0.,0.));
#15060=IFCDIRECTION((0.,0.,1.));
#15061=IFCDIRECTION((1.,0.,0.));
#15105=IFCREPRESENTATIONMAP(#15106,#15363);
#15106=IFCAXIS2PLACEMENT3D(#15107,#15108,#15109);
#15107=IFCCARTESIANPOINT((0.,0.,0.));
#15108=IFCDIRECTION((0.,0.,1.));
#15109=IFCDIRECTION((1.,0.,0.));
#15127=IFCWINDOW('3tsvJs$4T1aQ3ZlPV4A2gy',$,'Window',$,$,#15388,#15136,$,0.89999997615814209,0.75829970836639404,$,.SINGLE_PANEL.,$);
#15128=IFCRELDEFINESBYTYPE('1fF9Z1g$b8oewXk9ZYHpV3',$,$,$,(#15127),#15046);
#15129=IFCCARTESIANPOINT((0.,0.,0.));
#15130=IFCDIRECTION((1.,0.,0.));
#15131=IFCDIRECTION((0.,1.,0.));
#15132=IFCDIRECTION((0.,0.,1.));
#15133=IFCCARTESIANTRANSFORMATIONOPERATOR3D(#15130,#15131,#15129,1.,#15132);
#15134=IFCMAPPEDITEM(#15049,#15133);
#15135=IFCSHAPEREPRESENTATION(#18,'Profile','MappedRepresentation',(#15134));
#15136=IFCPRODUCTDEFINITIONSHAPE($,$,(#15135,#15143,#15150));
#15137=IFCCARTESIANPOINT((0.,0.,0.));
#15138=IFCDIRECTION((1.,0.,0.));
#15139=IFCDIRECTION((0.,1.,0.));
#15140=IFCDIRECTION((0.,0.,1.));
#15141=IFCCARTESIANTRANSFORMATIONOPERATOR3D(#15138,#15139,#15137,1.,#15140);
#15142=IFCMAPPEDITEM(#15057,#15141);
#15143=IFCSHAPEREPRESENTATION(#11,'Body','MappedRepresentation',(#15142));
#15144=IFCCARTESIANPOINT((0.,0.,0.));
#15145=IFCDIRECTION((1.,0.,0.));
#15146=IFCDIRECTION((0.,1.,0.));
#15147=IFCDIRECTION((0.,0.,1.));
#15148=IFCCARTESIANTRANSFORMATIONOPERATOR3D(#15145,#15146,#15144,1.,#15147);
#15149=IFCMAPPEDITEM(#15105,#15148);
#15150=IFCSHAPEREPRESENTATION(#24,'Body','MappedRepresentation',(#15149));
#15151=IFCOPENINGELEMENT('3rDxwppgPD_9WJwm59ktWL',$,'Opening',$,$,#15383,#15179,$,.OPENING.);
#15167=IFCCARTESIANPOINT((0.,0.,0.));
#15168=IFCDIRECTION((1.,0.,0.));
#15169=IFCDIRECTION((0.,0.,1.));
#15170=IFCAXIS2PLACEMENT3D(#15167,#15169,#15168);
#15171=IFCREPRESENTATIONMAP(#15170,#15373);
#15172=IFCCARTESIANPOINT((0.,0.,0.));
#15173=IFCDIRECTION((1.,0.,0.));
#15174=IFCDIRECTION((0.,1.,0.));
#15175=IFCDIRECTION((0.,0.,1.));
#15176=IFCCARTESIANTRANSFORMATIONOPERATOR3D(#15173,#15174,#15172,1.,#15175);
#15177=IFCMAPPEDITEM(#15171,#15176);
#15178=IFCSHAPEREPRESENTATION(#11,'Body','MappedRepresentation',(#15177));
#15179=IFCPRODUCTDEFINITIONSHAPE($,$,(#15178));
#15180=IFCRELVOIDSELEMENT('3FVYyzpdP9nA7d6ZcVuhfD',$,$,$,#253,#15151);
#15186=IFCRELFILLSELEMENT('3xLRjkROTDIRfc1RhkRAVt',$,$,$,#15151,#15127);
#15210=IFCCARTESIANPOINTLIST2D(((0.,0.),(0.75829970836639404,0.),(0.75829970836639404,0.89999997615814209),(0.,0.89999997615814209)));
#15211=IFCINDEXEDPOLYCURVE(#15210,(IFCLINEINDEX((1,2,3,4,1))),$);
#15212=IFCCARTESIANPOINTLIST2D(((0.02500000037252903,0.02500000037252903),(0.73329970799386501,0.02500000037252903),(0.73329970799386501,0.87499997578561306),(0.02500000037252903,0.87499997578561306)));
#15213=IFCINDEXEDPOLYCURVE(#15212,(IFCLINEINDEX((1,2,3,4,1))),$);
#15214=IFCARBITRARYPROFILEDEFWITHVOIDS(.AREA.,$,#15211,(#15213));
#15215=IFCCARTESIANPOINT((0.,0.090000001713633537,0.));
#15216=IFCDIRECTION((0.,-1.,0.));
#15217=IFCDIRECTION((1.,0.,0.));
#15218=IFCAXIS2PLACEMENT3D(#15215,#15216,#15217);
#15219=IFCDIRECTION((0.,0.,-1.));
#15220=IFCEXTRUDEDAREASOLID(#15214,#15218,#15219,0.0099999997764825821);
#15221=IFCCARTESIANPOINTLIST2D(((0.,0.),(0.75829970836639404,0.),(0.75829970836639404,0.89999997615814209),(0.,0.89999997615814209)));
#15222=IFCINDEXEDPOLYCURVE(#15221,(IFCLINEINDEX((1,2,3,4,1))),$);
#15223=IFCCARTESIANPOINTLIST2D(((0.05000000074505806,0.05000000074505806),(0.70829970762133598,0.05000000074505806),(0.70829970762133598,0.84999997541308403),(0.05000000074505806,0.84999997541308403)));
#15224=IFCINDEXEDPOLYCURVE(#15223,(IFCLINEINDEX((1,2,3,4,1))),$);
#15225=IFCARBITRARYPROFILEDEFWITHVOIDS(.AREA.,$,#15222,(#15224));
#15226=IFCCARTESIANPOINT((0.,0.05000000074505806,0.));
#15227=IFCDIRECTION((0.,-1.,0.));
#15228=IFCDIRECTION((1.,0.,0.));
#15229=IFCAXIS2PLACEMENT3D(#15226,#15227,#15228);
#15230=IFCDIRECTION((0.,0.,-1.));
#15231=IFCEXTRUDEDAREASOLID(#15225,#15229,#15230,0.040000000968575478);
#15232=IFCCARTESIANPOINTLIST2D(((0.,0.),(0.70829970762133598,0.),(0.70829970762133598,0.84999997541308403),(0.,0.84999997541308403)));
#15233=IFCINDEXEDPOLYCURVE(#15232,(IFCLINEINDEX((1,2,3,4,1))),$);
#15234=IFCCARTESIANPOINTLIST2D(((0.035000000149011612,0.035000000149011612),(0.67329970747232437,0.035000000149011612),(0.67329970747232437,0.81499997526407242),(0.035000000149011612,0.81499997526407242)));
#15235=IFCINDEXEDPOLYCURVE(#15234,(IFCLINEINDEX((1,2,3,4,1))),$);
#15236=IFCARBITRARYPROFILEDEFWITHVOIDS(.AREA.,$,#15233,(#15235));
#15237=IFCCARTESIANPOINT((0.02500000037252903,0.090000001713633537,0.02500000037252903));
#15238=IFCDIRECTION((0.,-1.,0.));
#15239=IFCDIRECTION((1.,0.,0.));
#15240=IFCAXIS2PLACEMENT3D(#15237,#15238,#15239);
#15241=IFCDIRECTION((0.,0.,-1.));
#15242=IFCEXTRUDEDAREASOLID(#15236,#15240,#15241,0.035000000149011612);
#15243=IFCINDEXEDPOLYCURVE(#15244,(IFCLINEINDEX((1,2,3,4,1))),$);
#15244=IFCCARTESIANPOINTLIST2D(((0.035000000149011612,0.035000000149011612),(0.67329970747232437,0.035000000149011612),(0.67329970747232437,0.81499997526407242),(0.035000000149011612,0.81499997526407242)));
#15245=IFCARBITRARYCLOSEDPROFILEDEF(.AREA.,$,#15243);
#15246=IFCCARTESIANPOINT((0.02500000037252903,0.10250000178813934,0.02500000037252903));
#15247=IFCDIRECTION((0.,-1.,0.));
#15248=IFCDIRECTION((1.,0.,0.));
#15249=IFCAXIS2PLACEMENT3D(#15246,#15247,#15248);
#15250=IFCDIRECTION((0.,0.,-1.));
#15251=IFCEXTRUDEDAREASOLID(#15245,#15249,#15250,0.01);
#15253=IFCSHAPEREPRESENTATION(#11,'Body','SweptSolid',(#15220,#15231,#15314,#15325));
#15254=IFCSHAPEASPECT((#15253),'Lining',$,.T.,#15136);
#15255=IFCSHAPEREPRESENTATION(#11,'Body','SweptSolid',(#15242,#15336));
#15256=IFCSHAPEASPECT((#15255),'Framing',$,.T.,#15136);
#15257=IFCSHAPEREPRESENTATION(#11,'Body','SweptSolid',(#15345,#15251));
#15258=IFCSHAPEASPECT((#15257),'Glazing',$,.T.,#15136);
#15301=IFCCARTESIANPOINTLIST3D(((0.,0.,0.),(0.75829970836639404,0.,0.),(0.75829970836639404,0.,0.89999997615814209),(0.,0.,0.89999997615814209)));
#15302=IFCINDEXEDPOLYCURVE(#15301,(IFCLINEINDEX((1,2,3,4,1))),$);
#15303=IFCSHAPEREPRESENTATION(#18,'Profile','Curve3D',(#15302));
#15304=IFCCARTESIANPOINTLIST2D(((0.,0.),(0.75829970836639404,0.),(0.75829970836639404,0.89999997615814209),(0.,0.89999997615814209)));
#15305=IFCINDEXEDPOLYCURVE(#15304,(IFCLINEINDEX((1,2,3,4,1))),$);
#15306=IFCCARTESIANPOINTLIST2D(((0.02500000037252903,0.02500000037252903),(0.73329970799386501,0.02500000037252903),(0.73329970799386501,0.87499997578561306),(0.02500000037252903,0.87499997578561306)));
#15307=IFCINDEXEDPOLYCURVE(#15306,(IFCLINEINDEX((1,2,3,4,1))),$);
#15308=IFCARBITRARYPROFILEDEFWITHVOIDS(.AREA.,$,#15305,(#15307));
#15309=IFCCARTESIANPOINT((0.,0.090000001713633537,0.));
#15310=IFCDIRECTION((0.,-1.,0.));
#15311=IFCDIRECTION((1.,0.,0.));
#15312=IFCAXIS2PLACEMENT3D(#15309,#15310,#15311);
#15313=IFCDIRECTION((0.,0.,-1.));
#15314=IFCEXTRUDEDAREASOLID(#15308,#15312,#15313,0.0099999997764825821);
#15315=IFCCARTESIANPOINTLIST2D(((0.,0.),(0.75829970836639404,0.),(0.75829970836639404,0.89999997615814209),(0.,0.89999997615814209)));
#15316=IFCINDEXEDPOLYCURVE(#15315,(IFCLINEINDEX((1,2,3,4,1))),$);
#15317=IFCCARTESIANPOINTLIST2D(((0.05000000074505806,0.05000000074505806),(0.70829970762133598,0.05000000074505806),(0.70829970762133598,0.84999997541308403),(0.05000000074505806,0.84999997541308403)));
#15318=IFCINDEXEDPOLYCURVE(#15317,(IFCLINEINDEX((1,2,3,4,1))),$);
#15319=IFCARBITRARYPROFILEDEFWITHVOIDS(.AREA.,$,#15316,(#15318));
#15320=IFCCARTESIANPOINT((0.,0.05000000074505806,0.));
#15321=IFCDIRECTION((0.,-1.,0.));
#15322=IFCDIRECTION((1.,0.,0.));
#15323=IFCAXIS2PLACEMENT3D(#15320,#15321,#15322);
#15324=IFCDIRECTION((0.,0.,-1.));
#15325=IFCEXTRUDEDAREASOLID(#15319,#15323,#15324,0.040000000968575478);
#15326=IFCCARTESIANPOINTLIST2D(((0.,0.),(0.70829970762133598,0.),(0.70829970762133598,0.84999997541308403),(0.,0.84999997541308403)));
#15327=IFCINDEXEDPOLYCURVE(#15326,(IFCLINEINDEX((1,2,3,4,1))),$);
#15328=IFCCARTESIANPOINTLIST2D(((0.035000000149011612,0.035000000149011612),(0.67329970747232437,0.035000000149011612),(0.67329970747232437,0.81499997526407242),(0.035000000149011612,0.81499997526407242)));
#15329=IFCINDEXEDPOLYCURVE(#15328,(IFCLINEINDEX((1,2,3,4,1))),$);
#15330=IFCARBITRARYPROFILEDEFWITHVOIDS(.AREA.,$,#15327,(#15329));
#15331=IFCCARTESIANPOINT((0.02500000037252903,0.090000001713633537,0.02500000037252903));
#15332=IFCDIRECTION((0.,-1.,0.));
#15333=IFCDIRECTION((1.,0.,0.));
#15334=IFCAXIS2PLACEMENT3D(#15331,#15332,#15333);
#15335=IFCDIRECTION((0.,0.,-1.));
#15336=IFCEXTRUDEDAREASOLID(#15330,#15334,#15335,0.035000000149011612);
#15337=IFCINDEXEDPOLYCURVE(#15338,(IFCLINEINDEX((1,2,3,4,1))),$);
#15338=IFCCARTESIANPOINTLIST2D(((0.035000000149011612,0.035000000149011612),(0.67329970747232437,0.035000000149011612),(0.67329970747232437,0.81499997526407242),(0.035000000149011612,0.81499997526407242)));
#15339=IFCARBITRARYCLOSEDPROFILEDEF(.AREA.,$,#15337);
#15340=IFCCARTESIANPOINT((0.02500000037252903,0.10250000178813934,0.02500000037252903));
#15341=IFCDIRECTION((0.,-1.,0.));
#15342=IFCDIRECTION((1.,0.,0.));
#15343=IFCAXIS2PLACEMENT3D(#15340,#15341,#15342);
#15344=IFCDIRECTION((0.,0.,-1.));
#15345=IFCEXTRUDEDAREASOLID(#15339,#15343,#15344,0.01);
#15346=IFCSHAPEREPRESENTATION(#11,'Body','SweptSolid',(#15314,#15325,#15336,#15345));
#15347=IFCCARTESIANPOINTLIST2D(((0.05000000074505806,0.05000000074505806),(0.70829970762133598,0.05000000074505806)));
#15348=IFCINDEXEDPOLYCURVE(#15347,$,$);
#15349=IFCCARTESIANPOINTLIST2D(((0.,0.10000000149011612),(0.02500000037252903,0.10000000149011612),(0.02500000037252903,0.090000001713633537),(0.05000000074505806,0.090000001713633537),(0.05000000074505806,0.05000000074505806),(0.,0.05000000074505806)));
#15350=IFCINDEXEDPOLYCURVE(#15349,(IFCLINEINDEX((1,2,3,4,5,6,1))),$);
#15351=IFCCARTESIANPOINTLIST2D(((0.75829970836639404,0.10000000149011612),(0.73329970799386501,0.10000000149011612),(0.73329970799386501,0.090000001713633537),(0.70829970762133598,0.090000001713633537),(0.70829970762133598,0.05000000074505806),(0.75829970836639404,0.05000000074505806)));
#15352=IFCINDEXEDPOLYCURVE(#15351,(IFCLINEINDEX((1,2,3,4,5,6,1))),$);
#15353=IFCCARTESIANPOINTLIST2D(((0.02500000037252903,0.090000001713633537),(0.060000000521540642,0.090000001713633537),(0.060000000521540642,0.12500000186264515),(0.02500000037252903,0.12500000186264515)));
#15354=IFCINDEXEDPOLYCURVE(#15353,(IFCLINEINDEX((1,2,3,4,1))),$);
#15355=IFCINDEXEDPOLYCURVE(#15356,(IFCLINEINDEX((1,2,3,4,1))),$);
#15356=IFCCARTESIANPOINTLIST2D(((0.73329970799386501,0.090000001713633537),(0.6982997078448534,0.090000001713633537),(0.6982997078448534,0.12500000186264515),(0.73329970799386501,0.12500000186264515)));
#15357=IFCCARTESIANPOINTLIST2D(((0.060000000521540642,0.090000001713633537),(0.6982997078448534,0.090000001713633537)));
#15358=IFCINDEXEDPOLYCURVE(#15357,$,$);
#15359=IFCINDEXEDPOLYCURVE(#15360,$,$);
#15360=IFCCARTESIANPOINTLIST2D(((0.060000000521540642,0.12500000186264515),(0.6982997078448534,0.12500000186264515)));
#15361=IFCINDEXEDPOLYCURVE(#15362,$,$);
#15362=IFCCARTESIANPOINTLIST2D(((0.060000000521540642,0.10750000178813934),(0.6982997078448534,0.10750000178813934)));
#15363=IFCSHAPEREPRESENTATION(#24,'Body','Curve2D',(#15348,#15350,#15352,#15354,#15355,#15358,#15359,#15361));
#15364=IFCCARTESIANPOINTLIST2D(((0.,0.),(0.75829970836639404,0.),(0.75829970836639404,0.89999997615814209),(0.,0.89999997615814209)));
#15365=IFCINDEXEDPOLYCURVE(#15364,(IFCLINEINDEX((1,2,3,4,1))),$);
#15366=IFCARBITRARYCLOSEDPROFILEDEF(.AREA.,$,#15365);
#15367=IFCCARTESIANPOINT((0.,-0.60000002384185791,0.));
#15368=IFCDIRECTION((0.,-1.,0.));
#15369=IFCDIRECTION((1.,0.,0.));
#15370=IFCAXIS2PLACEMENT3D(#15367,#15368,#15369);
#15371=IFCDIRECTION((0.,0.,-1.));
#15372=IFCEXTRUDEDAREASOLID(#15366,#15370,#15371,1.2);
#15373=IFCSHAPEREPRESENTATION(#11,'Body','SweptSolid',(#15372));
#15379=IFCCARTESIANPOINT((0.8150702714921283,-1.5943708397969658E-07,1.));
#15380=IFCDIRECTION((0.,0.,1.));
#15381=IFCDIRECTION((0.99999999999997158,-2.3841857910149749E-07,0.));
#15382=IFCAXIS2PLACEMENT3D(#15379,#15380,#15381);
#15383=IFCLOCALPLACEMENT(#264,#15382);
#15384=IFCCARTESIANPOINT((-1.1188966420050406E-16,0.,0.));
#15385=IFCDIRECTION((0.,0.,1.));
#15386=IFCDIRECTION((1.,0.,0.));
#15387=IFCAXIS2PLACEMENT3D(#15384,#15385,#15386);
#15388=IFCLOCALPLACEMENT(#15383,#15387);
#15504=IFCCARTESIANPOINT((3.977500706575654E-08,1.2212453270876722E-15,0.));
#15505=IFCDIRECTION((0.,0.,1.));
#15506=IFCDIRECTION((1.,0.,0.));
#15507=IFCAXIS2PLACEMENT3D(#15504,#15505,#15506);
#15508=IFCLOCALPLACEMENT(#8519,#15507);
#15519=IFCCARTESIANPOINT((-4.4408920985006262E-16,0.,0.));
#15520=IFCDIRECTION((0.,0.,1.));
#15521=IFCDIRECTION((1.,0.,0.));
#15522=IFCAXIS2PLACEMENT3D(#15519,#15520,#15521);
#15523=IFCLOCALPLACEMENT(#10578,#15522);
#15529=IFCCARTESIANPOINT((-2.5780324541813116E-09,-4.4408920985006262E-16,0.));
#15530=IFCDIRECTION((0.,0.,1.));
#15531=IFCDIRECTION((1.,0.,0.));
#15532=IFCAXIS2PLACEMENT3D(#15529,#15530,#15531);
#15533=IFCLOCALPLACEMENT(#11169,#15532);
#15539=IFCCARTESIANPOINT((7.9272055364398852E-08,-2.6201263381153694E-13,0.));
#15540=IFCDIRECTION((0.,0.,1.));
#15541=IFCDIRECTION((1.,5.2939559203393771E-23,0.));
#15542=IFCAXIS2PLACEMENT3D(#15539,#15540,#15541);
#15543=IFCLOCALPLACEMENT(#11578,#15542);
#15544=IFCCARTESIANPOINT((-5.3290705182007514E-15,-1.7433749999185011E-08,0.));
#15545=IFCDIRECTION((0.,0.,1.));
#15546=IFCDIRECTION((0.99999999999999989,-5.2939559203393771E-23,0.));
#15547=IFCAXIS2PLACEMENT3D(#15544,#15545,#15546);
#15548=IFCLOCALPLACEMENT(#11983,#15547);
#15549=IFCCARTESIANPOINT((-5.2180482157382357E-15,-1.7433749999185011E-08,0.));
#15550=IFCDIRECTION((0.,0.,1.));
#15551=IFCDIRECTION((0.99999999999999989,-5.2939559203393771E-23,0.));
#15552=IFCAXIS2PLACEMENT3D(#15549,#15550,#15551);
#15553=IFCLOCALPLACEMENT(#12356,#15552);
#15554=IFCCARTESIANPOINT((-6.2172489379008766E-15,-1.7433749555095801E-08,0.));
#15555=IFCDIRECTION((0.,0.,1.));
#15556=IFCDIRECTION((0.99999999999999989,-5.2939559203393771E-23,0.));
#15557=IFCAXIS2PLACEMENT3D(#15554,#15555,#15556);
#15558=IFCLOCALPLACEMENT(#12641,#15557);
#15559=IFCCARTESIANPOINT((8.8265414061039493E-08,-2.3842276597463297E-08,0.));
#15560=IFCDIRECTION((0.,0.,1.));
#15561=IFCDIRECTION((1.,0.,0.));
#15562=IFCAXIS2PLACEMENT3D(#15559,#15560,#15561);
#15563=IFCLOCALPLACEMENT(#13069,#15562);
#15564=IFCCARTESIANPOINT((-5.2781710058180664E-08,-5.3290705182007514E-15,0.));
#15565=IFCDIRECTION((0.,0.,1.));
#15566=IFCDIRECTION((0.99999999999999989,1.3234889800848443E-23,0.));
#15567=IFCAXIS2PLACEMENT3D(#15564,#15565,#15566);
#15568=IFCLOCALPLACEMENT(#14375,#15567);
#15569=IFCCARTESIANPOINT((2.0900115682565001E-07,-1.5099260064488362E-08,0.));
#15570=IFCDIRECTION((0.,0.,1.));
#15571=IFCDIRECTION((0.99999999999999989,1.3234889800848443E-23,0.));
#15572=IFCAXIS2PLACEMENT3D(#15569,#15570,#15571);
#15573=IFCLOCALPLACEMENT(#14623,#15572);
#15574=IFCCARTESIANPOINT((-1.7433749999185011E-08,0.,0.));
#15575=IFCDIRECTION((0.,0.,1.));
#15576=IFCDIRECTION((1.,0.,0.));
#15577=IFCAXIS2PLACEMENT3D(#15574,#15575,#15576);
#15578=IFCLOCALPLACEMENT(#15040,#15577);
#15579=IFCSLAB('2Y2Ulejef4shUsXkVSg7GL',$,'Slab',$,$,#18957,#15593,$,$);
#15580=IFCMATERIALLAYERSETUSAGE(#1279,.AXIS3.,.POSITIVE.,-0.10000000149011612,$);
#15581=IFCRELASSOCIATESMATERIAL('0hAxzRmQX52vPVAMmbLFJx',$,$,$,(#15579),#15580);
#15587=IFCCARTESIANPOINTLIST2D(((0.,0.),(4.0000028610229492,0.),(4.0000009536743164,-9.5),(-3.4999988079071045,-9.4999990463256836),(-3.4999997615814209,-0.88840866088867188),(2.384185791015625E-07,-0.88840961456298828),(0.,0.)));
#15588=IFCINDEXEDPOLYCURVE(#15587,$,$);
#15589=IFCDIRECTION((0.,0.,1.));
#15590=IFCARBITRARYCLOSEDPROFILEDEF(.AREA.,$,#15588);
#15591=IFCEXTRUDEDAREASOLID(#15590,#15600,#15589,0.10000000000000001);
#15592=IFCSHAPEREPRESENTATION(#11,'Body','SweptSolid',(#15591));
#15593=IFCPRODUCTDEFINITIONSHAPE($,$,(#15592));
#15594=IFCPROPERTYSET('10lJNxO9P2muUDw2Nuidsx',$,'EPset_Parametric',$,(#15596));
#15595=IFCRELDEFINESBYPROPERTIES('2ByFSYq758EPwbY1_PvM9Y',$,$,$,(#15579),#15594);
#15596=IFCPROPERTYSINGLEVALUE('Engine',$,IFCLABEL('Bonsai.DumbLayer3'),$);
#15597=IFCCARTESIANPOINT((-0.,-0.,-0.10000000149011612));
#15598=IFCDIRECTION((0.,0.,1.));
#15599=IFCDIRECTION((1.,0.,0.));
#15600=IFCAXIS2PLACEMENT3D(#15597,#15598,#15599);
#15622=IFCROOFTYPE('2d_GcdNAjCie99oATsOx1D',$,'roof',$,$,$,$,$,$,.HIP_ROOF.);
#15623=IFCMATERIALPROFILESET($,$,(#15625),$);
#15624=IFCRELASSOCIATESMATERIAL('3y7bZeWgr67uT_bZWQyPcx',$,$,$,(#15622),#15623);
#15625=IFCMATERIALPROFILE($,$,#81,#13135,$,$);
#15626=IFCROOFTYPE('3v4_MU6$T7wACAiquXxWrv',$,'',$,$,(#15627),(#15629,#15653),$,$,.HIP_ROOF.);
#15627=IFCPROPERTYSET('2GhIyEIRnC_hWtJGUhWx5R',$,'BBIM_Roof',$,(#15628));
#15628=IFCPROPERTYSINGLEVALUE('Data',$,IFCTEXT('{"roof_type": "HIP/GABLE ROOF", "generation_method": "ANGLE", "roof_thickness": 0.10000000149011612, "rafter_edge_angle": 1.5707963705062866, "angle": 0.1745329201221466, "percentage": 17.63269805908203, "path_data": {"edges": [[0, 1], [1, 2], [2, 3], [3, 0]], "verts": [[-5.0, -5.0, 0.0], [-5.0, 5.0, 0.0], [5.0, 5.0, 0.0], [5.0, -5.0, 0.0]]}}'),$);
#15629=IFCREPRESENTATIONMAP(#15630,#15634);
#15630=IFCAXIS2PLACEMENT3D(#15631,#15632,#15633);
#15631=IFCCARTESIANPOINT((0.,0.,0.));
#15632=IFCDIRECTION((0.,0.,1.));
#15633=IFCDIRECTION((1.,0.,0.));
#15634=IFCSHAPEREPRESENTATION(#11,'Body','Tessellation',(#15635));
#15635=IFCPOLYGONALFACESET(#15636,.T.,(#15637,#15638,#15639,#15640,#15641,#15642,#15643,#15644,#15645,#15646,#15647,#15648,#15649,#15650,#15651,#15652),$);
#15636=IFCCARTESIANPOINTLIST3D(((-5.,-5.,0.),(5.,-5.,0.),(0.,0.,0.88163489103317261),(5.,5.,0.),(-5.,5.,0.),(-5.,-5.,-0.10154265910387039),(0.,0.,0.78009223937988281),(5.,-5.,-0.10154265910387039),(5.,5.,-0.10154265910387039),(-5.,5.,-0.10154265910387039)));
#15637=IFCINDEXEDPOLYGONALFACE((3,1,2));
#15638=IFCINDEXEDPOLYGONALFACE((2,4,3));
#15639=IFCINDEXEDPOLYGONALFACE((1,3,5));
#15640=IFCINDEXEDPOLYGONALFACE((4,5,3));
#15641=IFCINDEXEDPOLYGONALFACE((6,7,8));
#15642=IFCINDEXEDPOLYGONALFACE((8,2,1));
#15643=IFCINDEXEDPOLYGONALFACE((8,1,6));
#15644=IFCINDEXEDPOLYGONALFACE((8,7,9));
#15645=IFCINDEXEDPOLYGONALFACE((2,8,9));
#15646=IFCINDEXEDPOLYGONALFACE((2,9,4));
#15647=IFCINDEXEDPOLYGONALFACE((10,7,6));
#15648=IFCINDEXEDPOLYGONALFACE((6,1,5));
#15649=IFCINDEXEDPOLYGONALFACE((6,5,10));
#15650=IFCINDEXEDPOLYGONALFACE((9,7,10));
#15651=IFCINDEXEDPOLYGONALFACE((4,9,10));
#15652=IFCINDEXEDPOLYGONALFACE((4,10,5));
#15653=IFCREPRESENTATIONMAP(#15654,#15658);
#15654=IFCAXIS2PLACEMENT3D(#15655,#15656,#15657);
#15655=IFCCARTESIANPOINT((0.,0.,0.));
#15656=IFCDIRECTION((0.,0.,1.));
#15657=IFCDIRECTION((1.,0.,0.));
#15658=IFCSHAPEREPRESENTATION(#13,'Box','BoundingBox',(#15659));
#15659=IFCBOUNDINGBOX(#15660,10.,10.,0.9831775426864624);
#15660=IFCCARTESIANPOINT((-5.,-5.,-0.10154265910387039));
#15666=IFCROOFTYPE('1C3vsbHhL0b8lr6iYY3jnV',$,'Unnamed',$,$,$,$,$,$,.GABLE_ROOF.);
#15667=IFCMATERIALPROFILESET($,$,(#15669),$);
#15668=IFCRELASSOCIATESMATERIAL('3ICqGZrf5DbgRUtr1HZF8u',$,$,$,(#15666),#15667);
#15669=IFCMATERIALPROFILE($,$,#81,#13135,$,$);
#15670=IFCROOFTYPE('3C_OL56IH30BDPZlvV5zQt',$,'Unnamed',$,$,$,$,$,$,.FREEFORM.);
#15671=IFCMATERIALPROFILESET($,$,(#15673),$);
#15672=IFCRELASSOCIATESMATERIAL('21XSvHu4bCows65FNaDuRJ',$,$,$,(#15670),#15671);
#15673=IFCMATERIALPROFILE($,$,#81,#13135,$,$);
#16023=IFCROOF('1d4K2pWCL67wGDxvmowmLf',$,'Plane',$,$,#18990,#16024,$,.HIP_ROOF.);
#16024=IFCPRODUCTDEFINITIONSHAPE($,$,(#18146,#18149));
#16025=IFCPROPERTYSET('3NZyMQQPL4hQ5YgjcwGXHM',$,'BBIM_Roof',$,(#16027));
#16026=IFCRELDEFINESBYPROPERTIES('3t5jl7pwX3o8qK$2fgqgt7',$,$,$,(#16023),#16025);
#16027=IFCPROPERTYSINGLEVALUE('Data',$,IFCTEXT('{"roof_type": "HIP/GABLE ROOF", "generation_method": "ANGLE", "roof_thickness": 0.10000000149011612, "rafter_edge_angle": 1.5707963705062866, "angle": 0.3490658402442932, "percentage": 36.39702224731445, "path_data": {"edges": [[0, 1], [1, 2], [2, 3], [3, 0]], "verts": [[-6.250003337860107, -8.25, 0.0], [-6.250003337860107, 2.75, 0.0], [2.75, 2.75, 0.0], [2.75, -8.25, 0.0]], "gable_roof_angles": [0.0, 0.0, 0.0, 0.0]}}'),$);
#18132=IFCINDEXEDPOLYGONALFACE((3,1,8));
#18133=IFCINDEXEDPOLYGONALFACE((5,3,8,7));
#18134=IFCINDEXEDPOLYGONALFACE((1,2,7,8));
#18135=IFCINDEXEDPOLYGONALFACE((2,5,7));
#18136=IFCINDEXEDPOLYGONALFACE((4,10,9));
#18137=IFCINDEXEDPOLYGONALFACE((1,3,4,9));
#18138=IFCINDEXEDPOLYGONALFACE((6,12,10,4));
#18139=IFCINDEXEDPOLYGONALFACE((3,5,6,4));
#18140=IFCINDEXEDPOLYGONALFACE((9,10,12,11));
#18141=IFCINDEXEDPOLYGONALFACE((2,1,9,11));
#18142=IFCINDEXEDPOLYGONALFACE((11,12,6));
#18143=IFCINDEXEDPOLYGONALFACE((5,2,11,6));
#18144=IFCCARTESIANPOINTLIST3D(((2.75,-8.25,0.),(2.75,2.75,0.),(-6.2500033378601074,-8.25,0.),(-6.2500033378601074,-8.25,-0.10641777515411377),(-6.2500033378601074,2.75,0.),(-6.2500033378601074,2.75,-0.10641777515411377),(-1.7500016689300537,-1.7500019073486328,1.637866735458374),(-1.7500016689300537,-3.7499980926513672,1.637866735458374),(2.75,-8.25,-0.10641777515411377),(-1.7500016689300537,-3.7499980926513672,1.5314489603042603),(2.75,2.75,-0.10641777515411377),(-1.7500016689300537,-1.7500019073486328,1.5314489603042603)));
#18145=IFCPOLYGONALFACESET(#18144,.T.,(#18132,#18133,#18134,#18135,#18136,#18137,#18138,#18139,#18140,#18141,#18142,#18143),$);
#18146=IFCSHAPEREPRESENTATION(#11,'Body','Tessellation',(#18145));
#18147=IFCCARTESIANPOINT((-6.2500033378601074,-8.25,-0.10641777515411377));
#18148=IFCBOUNDINGBOX(#18147,9.0000038146972656,11.,1.7442845106124878);
#18149=IFCSHAPEREPRESENTATION(#13,'Box','BoundingBox',(#18148));
#18165=IFCSURFACESTYLE('roof',.BOTH.,(#18166));
#18166=IFCSURFACESTYLESHADING(#18167,$);
#18167=IFCCOLOURRGB($,0.19181063771247864,0.49607431888580322,0.82696312665939331);
#18168=IFCSTYLEDITEM(#18145,(#18165),'roof');
#18169=IFCSURFACESTYLE('door .003',.BOTH.,(#18170));
#18170=IFCSURFACESTYLESHADING(#18171,$);
#18171=IFCCOLOURRGB($,0.30702111124992371,0.7654682993888855,0.82707726955413818);
#18172=IFCSTYLEDITEM(#8417,(#18169),'door .003');
#18173=IFCSTYLEDITEM(#8426,(#18169),'door .003');
#18174=IFCSTYLEDITEM(#8462,(#18169),'door .003');
#18175=IFCSTYLEDITEM(#8471,(#18169),'door .003');
#18176=IFCSTYLEDITEM(#8472,(#18169),'door .003');
#18177=IFCSTYLEDITEM(#8435,(#18169),'door .003');
#18178=IFCSTYLEDITEM(#8444,(#18169),'door .003');
#18179=IFCSTYLEDITEM(#8453,(#18169),'door .003');
#18203=IFCSURFACESTYLE('door.004',.BOTH.,(#18204));
#18204=IFCSURFACESTYLESHADING(#18205,$);
#18205=IFCCOLOURRGB($,0.82709962129592896,0.33710500597953796,0.76309782266616821);
#18206=IFCSTYLEDITEM(#10476,(#18203),'door.004');
#18207=IFCSTYLEDITEM(#10485,(#18203),'door.004');
#18208=IFCSTYLEDITEM(#10521,(#18203),'door.004');
#18209=IFCSTYLEDITEM(#10530,(#18203),'door.004');
#18210=IFCSTYLEDITEM(#10531,(#18203),'door.004');
#18211=IFCSTYLEDITEM(#10494,(#18203),'door.004');
#18212=IFCSTYLEDITEM(#10503,(#18203),'door.004');
#18213=IFCSTYLEDITEM(#10512,(#18203),'door.004');
#18214=IFCSURFACESTYLE('door.005',.BOTH.,(#18215));
#18215=IFCSURFACESTYLESHADING(#18216,$);
#18216=IFCCOLOURRGB($,0.82711338996887207,0.73580843210220337,0.30032840371131897);
#18217=IFCSTYLEDITEM(#11067,(#18214),'door.005');
#18218=IFCSTYLEDITEM(#11076,(#18214),'door.005');
#18219=IFCSTYLEDITEM(#11112,(#18214),'door.005');
#18220=IFCSTYLEDITEM(#11121,(#18214),'door.005');
#18221=IFCSTYLEDITEM(#11122,(#18214),'door.005');
#18222=IFCSTYLEDITEM(#11085,(#18214),'door.005');
#18223=IFCSTYLEDITEM(#11094,(#18214),'door.005');
#18224=IFCSTYLEDITEM(#11103,(#18214),'door.005');
#18225=IFCSURFACESTYLE('door.006',.BOTH.,(#18226));
#18226=IFCSURFACESTYLESHADING(#18227,$);
#18227=IFCCOLOURRGB($,0.82714122533798218,0.17666585743427277,0.17303484678268433);
#18228=IFCSTYLEDITEM(#11476,(#18225),'door.006');
#18229=IFCSTYLEDITEM(#11485,(#18225),'door.006');
#18230=IFCSTYLEDITEM(#11521,(#18225),'door.006');
#18231=IFCSTYLEDITEM(#11530,(#18225),'door.006');
#18232=IFCSTYLEDITEM(#11531,(#18225),'door.006');
#18233=IFCSTYLEDITEM(#11494,(#18225),'door.006');
#18234=IFCSTYLEDITEM(#11503,(#18225),'door.006');
#18235=IFCSTYLEDITEM(#11512,(#18225),'door.006');
#18236=IFCSURFACESTYLE('door.007',.BOTH.,(#18237));
#18237=IFCSURFACESTYLESHADING(#18238,$);
#18238=IFCCOLOURRGB($,0.25083431601524353,0.82715636491775513,0.30653974413871765);
#18239=IFCSTYLEDITEM(#14273,(#18236),'door.007');
#18240=IFCSTYLEDITEM(#14282,(#18236),'door.007');
#18241=IFCSTYLEDITEM(#14318,(#18236),'door.007');
#18242=IFCSTYLEDITEM(#14327,(#18236),'door.007');
#18243=IFCSTYLEDITEM(#14328,(#18236),'door.007');
#18244=IFCSTYLEDITEM(#14291,(#18236),'door.007');
#18245=IFCSTYLEDITEM(#14300,(#18236),'door.007');
#18246=IFCSTYLEDITEM(#14309,(#18236),'door.007');
#18247=IFCSURFACESTYLE('slab .001',.BOTH.,(#18248));
#18248=IFCSURFACESTYLESHADING(#18249,$);
#18249=IFCCOLOURRGB($,0.017524350434541702,0.48880714178085327,0.82730633020401001);
#18250=IFCSTYLEDITEM(#15591,(#18247),'slab .001');
#18251=IFCSURFACESTYLE('wall.008',.BOTH.,(#18252));
#18252=IFCSURFACESTYLESHADING(#18253,$);
#18253=IFCCOLOURRGB($,0.42961537837982178,0.26461315155029297,0.82766866683959961);
#18254=IFCSTYLEDITEM(#6443,(#18251),'wall.008');
#18255=IFCSURFACESTYLE('wall.009',.BOTH.,(#18256));
#18256=IFCSURFACESTYLESHADING(#18257,$);
#18257=IFCCOLOURRGB($,0.82824957370758057,0.077337451279163361,0.12757126986980438);
#18258=IFCSTYLEDITEM(#8308,(#18255),'wall.009');
#18259=IFCSURFACESTYLE('wall.011',.BOTH.,(#18260));
#18260=IFCSURFACESTYLESHADING(#18261,$);
#18261=IFCCOLOURRGB($,0.68588507175445557,0.82850587368011475,0.36582797765731812);
#18262=IFCSTYLEDITEM(#8886,(#18259),'wall.011');
#18266=IFCSURFACESTYLE('wall.012',.BOTH.,(#18267));
#18267=IFCSURFACESTYLESHADING(#18268,$);
#18268=IFCCOLOURRGB($,0.076653152704238892,0.6512262225151062,0.82857584953308105);
#18269=IFCSTYLEDITEM(#9325,(#18266),'wall.012');
#18270=IFCSURFACESTYLE('wall.013',.BOTH.,(#18271));
#18271=IFCSURFACESTYLESHADING(#18272,$);
#18272=IFCCOLOURRGB($,0.45029556751251221,0.82890093326568604,0.25758478045463562);
#18273=IFCSTYLEDITEM(#10756,(#18270),'wall.013');
#18274=IFCSURFACESTYLE('wall.017',.BOTH.,(#18275));
#18275=IFCSURFACESTYLESHADING(#18276,$);
#18276=IFCCOLOURRGB($,0.16619594395160675,0.82891571521759033,0.39883309602737427);
#18277=IFCSTYLEDITEM(#11272,(#18310),'wall.017');
#18278=IFCSURFACESTYLE('wall.018',.BOTH.,(#18279));
#18279=IFCSURFACESTYLESHADING(#18280,$);
#18280=IFCCOLOURRGB($,0.0013576707569882274,0.055844038724899292,0.82892197370529175);
#18281=IFCSTYLEDITEM(#6368,(#18278),'wall.018');
#18282=IFCSURFACESTYLE('wall.019',.BOTH.,(#18283));
#18283=IFCSURFACESTYLESHADING(#18284,$);
#18284=IFCCOLOURRGB($,0.46249338984489441,0.38071215152740479,0.87894946336746216);
#18285=IFCSTYLEDITEM(#8281,(#18282),'wall.019');
#18290=IFCSURFACESTYLE('wall.021',.BOTH.,(#18291));
#18291=IFCSURFACESTYLESHADING(#18292,$);
#18292=IFCCOLOURRGB($,0.84785711765289307,0.15147002041339874,0.25102317333221436);
#18293=IFCSTYLEDITEM(#9312,(#18290),'wall.021');
#18294=IFCSURFACESTYLE('wall.022',.BOTH.,(#18295));
#18295=IFCSURFACESTYLESHADING(#18296,$);
#18296=IFCCOLOURRGB($,0.59375596046447754,0.019704202190041542,0.069665752351284027);
#18297=IFCSTYLEDITEM(#10958,(#18294),'wall.022');
#18298=IFCSURFACESTYLE('wall.023',.BOTH.,(#18299));
#18299=IFCSURFACESTYLESHADING(#18300,$);
#18300=IFCCOLOURRGB($,0.78654515743255615,0.15689429640769958,0.052135884761810303);
#18301=IFCSTYLEDITEM(#8321,(#18298),'wall.023');
#18302=IFCSURFACESTYLE('wall.024',.BOTH.,(#18303));
#18303=IFCSURFACESTYLESHADING(#18304,$);
#18304=IFCCOLOURRGB($,0.56872409582138062,0.019315749406814575,0.12098351866006851);
#18305=IFCSTYLEDITEM(#11254,(#18302),'wall.024');
#18306=IFCSURFACESTYLE('wall.025',.BOTH.,(#18307));
#18307=IFCSURFACESTYLESHADING(#18308,$);
#18308=IFCCOLOURRGB($,0.16771765053272247,0.56870579719543457,0.25846973061561584);
#18309=IFCSTYLEDITEM(#11240,(#18306),'wall.025');
#18310=IFCSURFACESTYLE('wall.026',.BOTH.,(#18311));
#18311=IFCSURFACESTYLESHADING(#18312,$);
#18312=IFCCOLOURRGB($,0.70938104391098022,0.65832138061523438,0.099251218140125275);
#18313=IFCSTYLEDITEM(#10944,(#18310),'wall.026');
#18314=IFCSURFACESTYLE('window.003',.BOTH.,(#18315));
#18315=IFCSURFACESTYLESHADING(#18316,$);
#18316=IFCCOLOURRGB($,0.14837518334388733,0.0059346612542867661,0.34630727767944336);
#18317=IFCSTYLEDITEM(#11914,(#18314),'window.003');
#18318=IFCSTYLEDITEM(#11925,(#18314),'window.003');
#18319=IFCSTYLEDITEM(#11936,(#18314),'window.003');
#18320=IFCSTYLEDITEM(#11945,(#18314),'window.003');
#18321=IFCSURFACESTYLE('window.004',.BOTH.,(#18322));
#18322=IFCSURFACESTYLESHADING(#18323,$);
#18323=IFCCOLOURRGB($,0.33007523417472839,0.0622980035841465,0.57701212167739868);
#18324=IFCSTYLEDITEM(#12287,(#18321),'window.0034');
#18325=IFCSTYLEDITEM(#12298,(#18321),'window.0034');
#18326=IFCSTYLEDITEM(#12309,(#18321),'window.0034');
#18327=IFCSTYLEDITEM(#12318,(#18321),'window.0034');
#18328=IFCSURFACESTYLE('window.005',.BOTH.,(#18329));
#18329=IFCSURFACESTYLESHADING(#18330,$);
#18330=IFCCOLOURRGB($,0.53923732042312622,0.18307948112487793,0.57696592807769775);
#18331=IFCSTYLEDITEM(#12566,(#18328),'window.005');
#18332=IFCSTYLEDITEM(#12577,(#18328),'window.005');
#18333=IFCSTYLEDITEM(#12588,(#18328),'window.005');
#18334=IFCSTYLEDITEM(#12597,(#18328),'window.005');
#18335=IFCSURFACESTYLE('window.006',.BOTH.,(#18336));
#18336=IFCSURFACESTYLESHADING(#18337,$);
#18337=IFCCOLOURRGB($,0.57695949077606201,0.49193263053894043,0.33139404654502869);
#18338=IFCSTYLEDITEM(#12938,(#18335),'window.006');
#18339=IFCSTYLEDITEM(#12949,(#18335),'window.006');
#18340=IFCSTYLEDITEM(#12960,(#18335),'window.006');
#18341=IFCSTYLEDITEM(#12969,(#18335),'window.006');
#18342=IFCSTYLEDITEM(#12978,(#18335),'window.006');
#18343=IFCSTYLEDITEM(#12989,(#18335),'window.006');
#18344=IFCSTYLEDITEM(#13000,(#18335),'window.006');
#18345=IFCSTYLEDITEM(#13009,(#18335),'window.006');
#18346=IFCSURFACESTYLE('window.007',.BOTH.,(#18347));
#18347=IFCSURFACESTYLESHADING(#18348,$);
#18348=IFCCOLOURRGB($,0.1657455712556839,0.23134241998195648,0.57694119215011597);
#18349=IFCSTYLEDITEM(#14971,(#18346),'window.007');
#18350=IFCSTYLEDITEM(#14982,(#18346),'window.007');
#18351=IFCSTYLEDITEM(#14993,(#18346),'window.007');
#18352=IFCSTYLEDITEM(#15002,(#18346),'window.007');
#18353=IFCSURFACESTYLE('window.008',.BOTH.,(#18354));
#18354=IFCSURFACESTYLESHADING(#18355,$);
#18355=IFCCOLOURRGB($,0.72862905263900757,0.1121143102645874,0.);
#18356=IFCSTYLEDITEM(#14398,(#18353),'window.008');
#18357=IFCSTYLEDITEM(#14407,(#18353),'window.008');
#18358=IFCSTYLEDITEM(#14418,(#18353),'window.008');
#18359=IFCSTYLEDITEM(#14429,(#18353),'window.008');
#18360=IFCSTYLEDITEM(#14438,(#18353),'window.008');
#18361=IFCSTYLEDITEM(#14447,(#18353),'window.008');
#18362=IFCSTYLEDITEM(#14458,(#18353),'window.008');
#18363=IFCSTYLEDITEM(#14469,(#18353),'window.008');
#18364=IFCSURFACESTYLE('wall.020',.BOTH.,(#18365));
#18365=IFCSURFACESTYLESHADING(#18366,$);
#18366=IFCCOLOURRGB($,0.40068405866622925,0.7286946177482605,0.47211223840713501);
#18367=IFCSTYLEDITEM(#8294,(#18364),'wall.020');
#18368=IFCDOORTYPE('0WsCZo3vPFMQ60yRfUdg8K',$,'Bath-GF',$,$,(#18369),(#18371,#18379,#18457),$,$,.DOOR.,.SINGLE_SWING_LEFT.,$,$);
#18369=IFCPROPERTYSET('15A9IBFh16iPHzcZU13q68',$,'BBIM_Door',$,(#18370));
#18370=IFCPROPERTYSINGLEVALUE('Data',$,IFCTEXT('{"door_type": "SINGLE_SWING_LEFT", "overall_height": 2.0, "overall_width": 0.763680100440979, "lining_properties": {"lining_depth": 0.05000000074505806, "lining_thickness": 0.05000000074505806, "lining_offset": 0.0, "lining_to_panel_offset_x": 0.02500000037252903, "lining_to_panel_offset_y": 0.02500000037252903, "transom_thickness": 0.0, "casing_thickness": 0.07500000298023224, "casing_depth": 0.004999999888241291, "threshold_thickness": 0.02500000037252903, "threshold_depth": 0.10000000149011612, "threshold_offset": 0.0}, "panel_properties": {"panel_depth": 0.03500000014901161, "panel_width_ratio": 1.0}}'),$);
#18371=IFCREPRESENTATIONMAP(#18372,#18554);
#18372=IFCAXIS2PLACEMENT3D(#18373,#18374,#18375);
#18373=IFCCARTESIANPOINT((0.,0.,0.));
#18374=IFCDIRECTION((0.,0.,1.));
#18375=IFCDIRECTION((1.,0.,0.));
#18379=IFCREPRESENTATIONMAP(#18380,#18627);
#18380=IFCAXIS2PLACEMENT3D(#18381,#18382,#18383);
#18381=IFCCARTESIANPOINT((0.,0.,0.));
#18382=IFCDIRECTION((0.,0.,1.));
#18383=IFCDIRECTION((1.,0.,0.));
#18457=IFCREPRESENTATIONMAP(#18458,#18645);
#18458=IFCAXIS2PLACEMENT3D(#18459,#18460,#18461);
#18459=IFCCARTESIANPOINT((0.,0.,0.));
#18460=IFCDIRECTION((0.,0.,1.));
#18461=IFCDIRECTION((1.,0.,0.));
#18487=IFCDOOR('1sQnTij9v1BxoIsMYvo13o',$,'Door',$,$,#18670,#18496,$,2.,0.763680100440979,$,.SINGLE_SWING_LEFT.,$);
#18488=IFCRELDEFINESBYTYPE('37o0G1z5b6axr1uxQkF3rJ',$,$,$,(#18487),#18368);
#18489=IFCCARTESIANPOINT((0.,0.,0.));
#18490=IFCDIRECTION((1.,0.,0.));
#18491=IFCDIRECTION((0.,1.,0.));
#18492=IFCDIRECTION((0.,0.,1.));
#18493=IFCCARTESIANTRANSFORMATIONOPERATOR3D(#18490,#18491,#18489,1.,#18492);
#18494=IFCMAPPEDITEM(#18371,#18493);
#18495=IFCSHAPEREPRESENTATION(#18,'Profile','MappedRepresentation',(#18494));
#18496=IFCPRODUCTDEFINITIONSHAPE($,$,(#18495,#18503,#18510));
#18497=IFCCARTESIANPOINT((0.,0.,0.));
#18498=IFCDIRECTION((1.,0.,0.));
#18499=IFCDIRECTION((0.,1.,0.));
#18500=IFCDIRECTION((0.,0.,1.));
#18501=IFCCARTESIANTRANSFORMATIONOPERATOR3D(#18498,#18499,#18497,1.,#18500);
#18502=IFCMAPPEDITEM(#18379,#18501);
#18503=IFCSHAPEREPRESENTATION(#11,'Body','MappedRepresentation',(#18502));
#18504=IFCCARTESIANPOINT((0.,0.,0.));
#18505=IFCDIRECTION((1.,0.,0.));
#18506=IFCDIRECTION((0.,1.,0.));
#18507=IFCDIRECTION((0.,0.,1.));
#18508=IFCCARTESIANTRANSFORMATIONOPERATOR3D(#18505,#18506,#18504,1.,#18507);
#18509=IFCMAPPEDITEM(#18457,#18508);
#18510=IFCSHAPEREPRESENTATION(#24,'Body','MappedRepresentation',(#18509));
#18511=IFCOPENINGELEMENT('3uRrkOfBb0RxVEuFIFBCkD',$,'Opening',$,$,#18665,#18539,$,.OPENING.);
#18527=IFCCARTESIANPOINT((0.,0.,0.));
#18528=IFCDIRECTION((1.,0.,0.));
#18529=IFCDIRECTION((0.,0.,1.));
#18530=IFCAXIS2PLACEMENT3D(#18527,#18529,#18528);
#18531=IFCREPRESENTATIONMAP(#18530,#18655);
#18532=IFCCARTESIANPOINT((0.,0.,0.));
#18533=IFCDIRECTION((1.,0.,0.));
#18534=IFCDIRECTION((0.,1.,0.));
#18535=IFCDIRECTION((0.,0.,1.));
#18536=IFCCARTESIANTRANSFORMATIONOPERATOR3D(#18533,#18534,#18532,1.,#18535);
#18537=IFCMAPPEDITEM(#18531,#18536);
#18538=IFCSHAPEREPRESENTATION(#11,'Body','MappedRepresentation',(#18537));
#18539=IFCPRODUCTDEFINITIONSHAPE($,$,(#18538));
#18540=IFCRELVOIDSELEMENT('3wBDVqAc18pQH5zJASMmk2',$,$,$,#801,#18511);
#18546=IFCRELFILLSELEMENT('3IMcdltXrFlf_x2$45Hx58',$,$,$,#18511,#18487);
#18552=IFCCARTESIANPOINTLIST3D(((0.,0.,0.),(0.763680100440979,0.,0.),(0.763680100440979,0.,2.),(0.,0.,2.)));
#18553=IFCINDEXEDPOLYCURVE(#18552,(IFCLINEINDEX((1,2,3,4,1))),$);
#18554=IFCSHAPEREPRESENTATION(#18,'Profile','Curve3D',(#18553));
#18555=IFCCARTESIANPOINTLIST2D(((0.,0.),(0.,2.),(0.763680100440979,2.),(0.763680100440979,0.),(0.73868010006844997,0.),(0.73868010006844997,1.974999999627471),(0.02500000037252903,1.974999999627471),(0.02500000037252903,0.)));
#18556=IFCINDEXEDPOLYCURVE(#18555,(IFCLINEINDEX((1,2,3,4,5,6,7,8,1))),$);
#18557=IFCARBITRARYCLOSEDPROFILEDEF(.AREA.,$,#18556);
#18558=IFCCARTESIANPOINT((0.,0.02500000037252903,0.));
#18559=IFCDIRECTION((0.,-1.,0.));
#18560=IFCDIRECTION((1.,0.,0.));
#18561=IFCAXIS2PLACEMENT3D(#18558,#18559,#18560);
#18562=IFCDIRECTION((0.,0.,-1.));
#18563=IFCEXTRUDEDAREASOLID(#18557,#18561,#18562,0.02500000037252903);
#18564=IFCCARTESIANPOINTLIST2D(((0.,0.),(0.,2.),(0.763680100440979,2.),(0.763680100440979,0.),(0.71368009969592094,0.),(0.71368009969592094,1.9499999992549419),(0.05000000074505806,1.9499999992549419),(0.05000000074505806,0.)));
#18565=IFCINDEXEDPOLYCURVE(#18564,(IFCLINEINDEX((1,2,3,4,5,6,7,8,1))),$);
#18566=IFCARBITRARYCLOSEDPROFILEDEF(.AREA.,$,#18565);
#18567=IFCCARTESIANPOINT((0.,0.,0.));
#18568=IFCDIRECTION((0.,-1.,0.));
#18569=IFCDIRECTION((1.,0.,0.));
#18570=IFCAXIS2PLACEMENT3D(#18567,#18568,#18569);
#18571=IFCDIRECTION((0.,0.,-1.));
#18572=IFCEXTRUDEDAREASOLID(#18566,#18570,#18571,0.02500000037252903);
#18573=IFCCARTESIANPOINTLIST2D(((0.,0.),(0.66368009895086288,0.),(0.66368009895086288,0.10000000149011612),(0.,0.10000000149011612)));
#18574=IFCINDEXEDPOLYCURVE(#18573,(IFCLINEINDEX((1,2,3,4,1))),$);
#18575=IFCARBITRARYCLOSEDPROFILEDEF(.AREA.,$,#18574);
#18576=IFCCARTESIANPOINT((0.05000000074505806,0.,0.));
#18577=IFCDIRECTION((0.,0.,1.));
#18578=IFCDIRECTION((1.,0.,0.));
#18579=IFCAXIS2PLACEMENT3D(#18576,#18577,#18578);
#18580=IFCDIRECTION((0.,0.,1.));
#18581=IFCEXTRUDEDAREASOLID(#18575,#18579,#18580,0.02500000037252903);
#18582=IFCCARTESIANPOINTLIST2D(((0.,0.),(0.,2.0250000022351742),(0.81368010491132736,2.0250000022351742),(0.81368010491132736,0.),(0.73868010193109512,0.),(0.73868010193109512,1.9499999992549419),(0.075000002980232239,1.9499999992549419),(0.075000002980232239,0.)));
#18583=IFCINDEXEDPOLYCURVE(#18582,(IFCLINEINDEX((1,2,3,4,5,6,7,8,1))),$);
#18584=IFCARBITRARYCLOSEDPROFILEDEF(.AREA.,$,#18583);
#18585=IFCCARTESIANPOINT((-0.025000002235174179,-0.004999999888241291,0.));
#18586=IFCDIRECTION((0.,-1.,0.));
#18587=IFCDIRECTION((1.,0.,0.));
#18588=IFCAXIS2PLACEMENT3D(#18585,#18586,#18587);
#18589=IFCDIRECTION((0.,0.,-1.));
#18590=IFCEXTRUDEDAREASOLID(#18584,#18588,#18589,0.004999999888241291);
#18591=IFCCARTESIANPOINTLIST2D(((0.,0.),(0.,2.0250000022351742),(0.81368010491132736,2.0250000022351742),(0.81368010491132736,0.),(0.76368010230362415,0.),(0.76368010230362415,1.974999999627471),(0.050000002607703209,1.974999999627471),(0.050000002607703209,0.)));
#18592=IFCINDEXEDPOLYCURVE(#18591,(IFCLINEINDEX((1,2,3,4,5,6,7,8,1))),$);
#18593=IFCARBITRARYCLOSEDPROFILEDEF(.AREA.,$,#18592);
#18594=IFCCARTESIANPOINT((-0.025000002235174179,0.05000000074505806,0.));
#18595=IFCDIRECTION((0.,-1.,0.));
#18596=IFCDIRECTION((1.,0.,0.));
#18597=IFCAXIS2PLACEMENT3D(#18594,#18595,#18596);
#18598=IFCDIRECTION((0.,0.,-1.));
#18599=IFCEXTRUDEDAREASOLID(#18593,#18597,#18598,0.004999999888241291);
#18600=IFCCARTESIANPOINTLIST2D(((0.,0.),(0.71368009969592094,0.),(0.71368009969592094,0.035000000149011612),(0.,0.035000000149011612)));
#18601=IFCINDEXEDPOLYCURVE(#18600,(IFCLINEINDEX((1,2,3,4,1))),$);
#18602=IFCARBITRARYCLOSEDPROFILEDEF(.AREA.,$,#18601);
#18603=IFCCARTESIANPOINT((0.02500000037252903,0.02500000037252903,0.02500000037252903));
#18604=IFCDIRECTION((0.,0.,1.));
#18605=IFCDIRECTION((1.,0.,0.));
#18606=IFCAXIS2PLACEMENT3D(#18603,#18604,#18605);
#18607=IFCDIRECTION((0.,0.,1.));
#18608=IFCEXTRUDEDAREASOLID(#18602,#18606,#18607,1.9499999992549419);
#18609=IFCCARTESIANPOINTLIST2D(((0.,0.),(0.,-0.040000000000000001),(-0.11999999999999988,-0.040000000000000001),(-0.11999999999999988,-0.02),(-0.020000000000000018,-0.02),(-0.020000000000000018,0.)));
#18610=IFCINDEXEDPOLYCURVE(#18609,(IFCLINEINDEX((1,2,3,4,5,6,1))),$);
#18611=IFCARBITRARYCLOSEDPROFILEDEF(.AREA.,$,#18610);
#18612=IFCCARTESIANPOINT((0.68868010006844993,0.02500000037252903,1.015000000372529));
#18613=IFCDIRECTION((0.,0.,1.));
#18614=IFCDIRECTION((1.,0.,0.));
#18615=IFCAXIS2PLACEMENT3D(#18612,#18613,#18614);
#18616=IFCDIRECTION((0.,0.,1.));
#18617=IFCEXTRUDEDAREASOLID(#18611,#18615,#18616,0.02);
#18618=IFCEXTRUDEDAREASOLID(#18619,#18622,#18626,0.02);
#18619=IFCARBITRARYCLOSEDPROFILEDEF(.AREA.,$,#18620);
#18620=IFCINDEXEDPOLYCURVE(#18621,(IFCLINEINDEX((1,2,3,4,5,6,1))),$);
#18621=IFCCARTESIANPOINTLIST2D(((0.,0.),(0.,0.040000000000000008),(-0.11999999999999988,0.040000000000000008),(-0.11999999999999988,0.020000000000000004),(-0.020000000000000018,0.020000000000000004),(-0.020000000000000018,0.)));
#18622=IFCAXIS2PLACEMENT3D(#18623,#18624,#18625);
#18623=IFCCARTESIANPOINT((0.68868010006844993,0.060000000521540642,1.015000000372529));
#18624=IFCDIRECTION((0.,0.,1.));
#18625=IFCDIRECTION((1.,0.,0.));
#18626=IFCDIRECTION((0.,0.,1.));
#18627=IFCSHAPEREPRESENTATION(#11,'Body','SweptSolid',(#18563,#18572,#18608,#18617,#18618,#18581,#18590,#18599));
#18628=IFCSHAPEREPRESENTATION(#11,'Body','SweptSolid',(#18563,#18572,#18581,#18590,#18599));
#18629=IFCSHAPEASPECT((#18628),'Lining',$,.T.,#18496);
#18630=IFCSHAPEREPRESENTATION(#11,'Body','SweptSolid',(#18608,#18617,#18618));
#18631=IFCSHAPEASPECT((#18630),'Framing',$,.T.,#18496);
#18632=IFCCARTESIANPOINTLIST2D(((0.,0.),(0.,0.05000000074505806),(0.02500000037252903,0.05000000074505806),(0.02500000037252903,0.02500000037252903),(0.05000000074505806,0.02500000037252903),(0.05000000074505806,0.)));
#18633=IFCINDEXEDPOLYCURVE(#18632,(IFCLINEINDEX((1,2,3,4,5,6,1))),$);
#18634=IFCINDEXEDPOLYCURVE(#18635,(IFCLINEINDEX((1,2,3,4,5,6,1))),$);
#18635=IFCCARTESIANPOINTLIST2D(((0.763680100440979,0.),(0.763680100440979,0.05000000074505806),(0.73868010006844997,0.05000000074505806),(0.73868010006844997,0.02500000037252903),(0.71368009969592094,0.02500000037252903),(0.71368009969592094,0.)));
#18636=IFCDIRECTION((1.,0.));
#18637=IFCCARTESIANPOINT((0.060000000521540642,0.05000000074505806));
#18638=IFCAXIS2PLACEMENT2D(#18637,#18636);
#18639=IFCELLIPSE(#18638,0.67868009954690933,0.71368009969592094);
#18640=IFCCARTESIANPOINT((0.73868010006844997,0.05000000074505806));
#18641=IFCCARTESIANPOINT((0.060000000521540642,0.763680100440979));
#18642=IFCTRIMMEDCURVE(#18639,(#18640),(#18641),.T.,.CARTESIAN.);
#18643=IFCCARTESIANPOINTLIST2D(((0.02500000037252903,0.05000000074505806),(0.060000000521540642,0.05000000074505806),(0.060000000521540642,0.763680100440979),(0.02500000037252903,0.763680100440979)));
#18644=IFCINDEXEDPOLYCURVE(#18643,(IFCLINEINDEX((1,2,3,4,1))),$);
#18645=IFCSHAPEREPRESENTATION(#24,'Body','Curve2D',(#18633,#18634,#18642,#18644));
#18646=IFCCARTESIANPOINTLIST2D(((0.,0.),(0.763680100440979,0.),(0.763680100440979,2.),(0.,2.)));
#18647=IFCINDEXEDPOLYCURVE(#18646,(IFCLINEINDEX((1,2,3,4,1))),$);
#18648=IFCARBITRARYCLOSEDPROFILEDEF(.AREA.,$,#18647);
#18649=IFCCARTESIANPOINT((0.,-0.60000002384185791,0.));
#18650=IFCDIRECTION((0.,-1.,0.));
#18651=IFCDIRECTION((1.,0.,0.));
#18652=IFCAXIS2PLACEMENT3D(#18649,#18650,#18651);
#18653=IFCDIRECTION((0.,0.,-1.));
#18654=IFCEXTRUDEDAREASOLID(#18648,#18652,#18653,1.2);
#18655=IFCSHAPEREPRESENTATION(#11,'Body','SweptSolid',(#18654));
#18661=IFCCARTESIANPOINT((0.063904523849486417,1.2442669783396809E-08,0.));
#18662=IFCDIRECTION((0.,0.,1.));
#18663=IFCDIRECTION((0.99999999999999289,-1.1920928955077312E-07,0.));
#18664=IFCAXIS2PLACEMENT3D(#18661,#18662,#18663);
#18665=IFCLOCALPLACEMENT(#1633,#18664);
#18666=IFCCARTESIANPOINT((-4.4408920985006262E-16,0.,0.));
#18667=IFCDIRECTION((0.,0.,1.));
#18668=IFCDIRECTION((1.,0.,0.));
#18669=IFCAXIS2PLACEMENT3D(#18666,#18667,#18668);
#18670=IFCLOCALPLACEMENT(#18665,#18669);
#18671=IFCSURFACESTYLE('0',.BOTH.,(#18672));
#18672=IFCSURFACESTYLESHADING(#18673,$);
#18673=IFCCOLOURRGB($,1.,0.13528907299041748,0.10666698217391968);
#18674=IFCSTYLEDITEM(#1521,(#18671),'0');
#18675=IFCSTYLEDITEM(#1530,(#18671),'0');
#18676=IFCSTYLEDITEM(#1566,(#18671),'0');
#18677=IFCSTYLEDITEM(#1575,(#18671),'0');
#18678=IFCSTYLEDITEM(#1576,(#18671),'0');
#18679=IFCSTYLEDITEM(#1539,(#18671),'0');
#18680=IFCSTYLEDITEM(#1548,(#18671),'0');
#18681=IFCSTYLEDITEM(#1557,(#18671),'0');
#18682=IFCSURFACESTYLE('1',.BOTH.,(#18683));
#18683=IFCSURFACESTYLESHADING(#18684,$);
#18684=IFCCOLOURRGB($,1.,0.75899547338485718,0.38085669279098511);
#18685=IFCSTYLEDITEM(#2003,(#18682),'1');
#18686=IFCSTYLEDITEM(#2012,(#18682),'1');
#18687=IFCSTYLEDITEM(#2048,(#18682),'1');
#18688=IFCSTYLEDITEM(#2057,(#18682),'1');
#18689=IFCSTYLEDITEM(#2058,(#18682),'1');
#18690=IFCSTYLEDITEM(#2021,(#18682),'1');
#18691=IFCSTYLEDITEM(#2030,(#18682),'1');
#18692=IFCSTYLEDITEM(#2039,(#18682),'1');
#18693=IFCSURFACESTYLE('2',.BOTH.,(#18694));
#18694=IFCSURFACESTYLESHADING(#18695,$);
#18695=IFCCOLOURRGB($,1.,0.46748107671737671,0.6325753927230835);
#18696=IFCSTYLEDITEM(#4917,(#18693),'2');
#18697=IFCSTYLEDITEM(#4953,(#18693),'2');
#18698=IFCSTYLEDITEM(#4962,(#18693),'2');
#18699=IFCSTYLEDITEM(#4963,(#18693),'2');
#18700=IFCSTYLEDITEM(#4926,(#18693),'2');
#18701=IFCSTYLEDITEM(#4935,(#18693),'2');
#18702=IFCSTYLEDITEM(#4944,(#18693),'2');
#18703=IFCSURFACESTYLE('8',.BOTH.,(#18704));
#18704=IFCSURFACESTYLESHADING(#18705,$);
#18705=IFCCOLOURRGB($,0.63355815410614014,0.64157354831695557,1.);
#18706=IFCSTYLEDITEM(#18563,(#18703),'8');
#18707=IFCSTYLEDITEM(#18572,(#18703),'8');
#18708=IFCSTYLEDITEM(#18608,(#18703),'8');
#18709=IFCSTYLEDITEM(#18617,(#18703),'8');
#18710=IFCSTYLEDITEM(#18618,(#18703),'8');
#18711=IFCSTYLEDITEM(#18581,(#18703),'8');
#18712=IFCSTYLEDITEM(#18590,(#18703),'8');
#18713=IFCSTYLEDITEM(#18599,(#18703),'8');
#18714=IFCSURFACESTYLE('slab',.BOTH.,(#18715));
#18715=IFCSURFACESTYLESHADING(#18716,$);
#18716=IFCCOLOURRGB($,1.,0.22592815756797791,0.085028506815433502);
#18717=IFCSTYLEDITEM(#1297,(#18714),'slab');
#18718=IFCSTYLEDITEM(#485,(#18321),'window.005');
#18719=IFCSTYLEDITEM(#751,(#18328),'window.005');
#18720=IFCSTYLEDITEM(#1219,(#18335),'window.006');
#18721=IFCSTYLEDITEM(#1273,(#18346),'window.007');
#18722=IFCSTYLEDITEM(#5412,(#18203),'door.004');
#18723=IFCSTYLEDITEM(#5430,(#18236),'door.006');
#18724=IFCSTYLEDITEM(#689,(#18335),'window.006');
#18725=IFCSURFACESTYLE('9',.BOTH.,(#18726));
#18726=IFCSURFACESTYLESHADING(#18727,$);
#18727=IFCCOLOURRGB($,0.026139374822378159,1.,0.69271248579025269);
#18728=IFCSTYLEDITEM(#581,(#18725),'9');
#18729=IFCSURFACESTYLE('7',.BOTH.,(#18730));
#18730=IFCSURFACESTYLESHADING(#18731,$);
#18731=IFCCOLOURRGB($,0.48832598328590393,0.65548884868621826,1.);
#18732=IFCSTYLEDITEM(#764,(#18729),'7');
#18733=IFCSTYLEDITEM(#875,(#18236),'door.007');
#18734=IFCSTYLEDITEM(#1201,(#18740),'slab .001');
#18735=IFCSTYLEDITEM(#1260,(#18775),'slab .001');
#18736=IFCSTYLEDITEM(#1028,(#18251),'wall.008');
#18740=IFCSURFACESTYLE('7',.BOTH.,(#18741));
#18741=IFCSURFACESTYLESHADING(#18742,$);
#18742=IFCCOLOURRGB($,1.,0.35654190182685852,0.39991718530654907);
#18743=IFCSURFACESTYLE('w1',.BOTH.,(#18744));
#18744=IFCSURFACESTYLESHADING(#18745,$);
#18745=IFCCOLOURRGB($,0.59496653079986572,0.05104895681142807,1.);
#18746=IFCSTYLEDITEM(#3673,(#18743),'w1');
#18747=IFCSTYLEDITEM(#3684,(#18743),'w1');
#18748=IFCSTYLEDITEM(#3695,(#18743),'w1');
#18749=IFCSTYLEDITEM(#3704,(#18743),'w1');
#18750=IFCSURFACESTYLE('w2',.BOTH.,(#18751));
#18751=IFCSURFACESTYLESHADING(#18752,$);
#18752=IFCCOLOURRGB($,1.,0.1768801361322403,0.81131553649902344);
#18753=IFCSTYLEDITEM(#4383,(#18750),'w2');
#18754=IFCSTYLEDITEM(#4394,(#18750),'w2');
#18755=IFCSTYLEDITEM(#4405,(#18750),'w2');
#18756=IFCSTYLEDITEM(#4414,(#18750),'w2');
#18757=IFCSTYLEDITEM(#4423,(#18750),'w2');
#18758=IFCSTYLEDITEM(#4434,(#18750),'w2');
#18759=IFCSTYLEDITEM(#4445,(#18750),'w2');
#18760=IFCSTYLEDITEM(#4454,(#18750),'w2');
#18761=IFCSURFACESTYLE('w3',.BOTH.,(#18762));
#18762=IFCSURFACESTYLESHADING(#18763,$);
#18763=IFCCOLOURRGB($,0.61532449722290039,0.346160888671875,1.);
#18764=IFCSTYLEDITEM(#5328,(#18750),'w2');
#18765=IFCSTYLEDITEM(#5339,(#18750),'w2');
#18766=IFCSTYLEDITEM(#5350,(#18750),'w2');
#18767=IFCSTYLEDITEM(#5359,(#18750),'w2');
#18768=IFCSURFACESTYLE('w4',.BOTH.,(#18769));
#18769=IFCSURFACESTYLESHADING(#18770,$);
#18770=IFCCOLOURRGB($,0.38521736860275269,0.2244444340467453,1.);
#18771=IFCSTYLEDITEM(#15314,(#18274),'w4');
#18772=IFCSTYLEDITEM(#15325,(#18274),'w4');
#18773=IFCSTYLEDITEM(#15336,(#18274),'w4');
#18774=IFCSTYLEDITEM(#15345,(#18274),'w4');
#18775=IFCSURFACESTYLE('w5',.BOTH.,(#18776));
#18776=IFCSURFACESTYLESHADING(#18777,$);
#18777=IFCCOLOURRGB($,0.80483424663543701,1.,0.3834909200668335);
#18873=IFCCARTESIANPOINT((0.,0.,3.));
#18874=IFCDIRECTION((0.,0.,1.));
#18875=IFCDIRECTION((1.,0.,0.));
#18876=IFCAXIS2PLACEMENT3D(#18873,#18874,#18875);
#18877=IFCLOCALPLACEMENT(#56,#18876);
#18878=IFCCARTESIANPOINT((0.31747940182685852,6.3999323844909668,0.099999904632568359));
#18879=IFCDIRECTION((0.,0.,1.));
#18880=IFCDIRECTION((1.,0.,0.));
#18881=IFCAXIS2PLACEMENT3D(#18878,#18879,#18880);
#18882=IFCLOCALPLACEMENT(#18877,#18881);
#18883=IFCCARTESIANPOINT((4.1174798011779785,6.3999323844909668,0.099999904632568359));
#18884=IFCDIRECTION((0.,0.,1.));
#18885=IFCDIRECTION((-2.8212997449371656E-07,-0.99999999999996025,0.));
#18886=IFCAXIS2PLACEMENT3D(#18883,#18884,#18885);
#18887=IFCLOCALPLACEMENT(#18877,#18886);
#18888=IFCCARTESIANPOINT((4.1174769401550293,-2.9000678062438965,0.099999904632568359));
#18889=IFCDIRECTION((0.,0.,1.));
#18890=IFCDIRECTION((-0.99999999999998868,-1.5099580252808492E-07,0.));
#18891=IFCAXIS2PLACEMENT3D(#18888,#18889,#18890);
#18892=IFCLOCALPLACEMENT(#18877,#18891);
#18893=IFCCARTESIANPOINT((1.9468315839767456,-2.9000680446624756,0.099999904632568359));
#18894=IFCDIRECTION((0.,0.,1.));
#18895=IFCDIRECTION((6.7154434191237091E-07,0.99999999999977462,0.));
#18896=IFCAXIS2PLACEMENT3D(#18893,#18894,#18895);
#18897=IFCLOCALPLACEMENT(#18877,#18896);
#18898=IFCCARTESIANPOINT((1.9468321800231934,-2.0135748386383057,0.099999904632568359));
#18899=IFCDIRECTION((0.,0.,1.));
#18900=IFCDIRECTION((-0.99999999999998868,-1.5099580252808492E-07,0.));
#18901=IFCAXIS2PLACEMENT3D(#18898,#18899,#18900);
#18902=IFCLOCALPLACEMENT(#18877,#18901);
#18903=IFCCARTESIANPOINT((0.31747749447822571,-2.0135750770568848,0.099999904632568359));
#18904=IFCDIRECTION((0.,0.,1.));
#18905=IFCDIRECTION((3.1391647326016301E-07,0.99999999999995071,0.));
#18906=IFCAXIS2PLACEMENT3D(#18903,#18904,#18905);
#18907=IFCLOCALPLACEMENT(#18877,#18906);
#18908=IFCCARTESIANPOINT((-3.1825237274169922,-1.5000683069229126,0.099999904632568359));
#18909=IFCDIRECTION((0.,0.,1.));
#18910=IFCDIRECTION((1.,0.,0.));
#18911=IFCAXIS2PLACEMENT3D(#18908,#18909,#18910);
#18912=IFCLOCALPLACEMENT(#18877,#18911);
#18913=IFCCARTESIANPOINT((-3.1825237274169922,-1.5000683069229126,0.099999904632568359));
#18914=IFCDIRECTION((0.,0.,1.));
#18915=IFCDIRECTION((-2.8212997449371656E-07,0.99999999999996025,0.));
#18916=IFCAXIS2PLACEMENT3D(#18913,#18914,#18915);
#18917=IFCLOCALPLACEMENT(#18877,#18916);
#18918=IFCCARTESIANPOINT((-3.182525634765625,5.5115237236022949,0.099999904632568359));
#18919=IFCDIRECTION((0.,0.,1.));
#18920=IFCDIRECTION((0.99999999999997158,-2.3841857910155572E-07,0.));
#18921=IFCAXIS2PLACEMENT3D(#18918,#18919,#18920);
#18922=IFCLOCALPLACEMENT(#18877,#18921);
#18923=IFCCARTESIANPOINT((0.31747922301292419,5.5115227699279785,0.099999904632568359));
#18924=IFCDIRECTION((0.,0.,1.));
#18925=IFCDIRECTION((3.1391647326016301E-07,0.99999999999995071,0.));
#18926=IFCAXIS2PLACEMENT3D(#18923,#18924,#18925);
#18927=IFCLOCALPLACEMENT(#18877,#18926);
#18928=IFCCARTESIANPOINT((0.21747618913650513,2.7078688144683838,0.099999904632568359));
#18929=IFCDIRECTION((0.,0.,1.));
#18930=IFCDIRECTION((3.1391647326016301E-07,-0.99999999999995071,0.));
#18931=IFCAXIS2PLACEMENT3D(#18928,#18929,#18930);
#18932=IFCLOCALPLACEMENT(#18877,#18931);
#18933=IFCCARTESIANPOINT((0.31747928261756897,2.7078688144683838,0.099999904632568359));
#18934=IFCDIRECTION((0.,0.,1.));
#18935=IFCDIRECTION((-0.99999999999992428,3.8941436741876494E-07,0.));
#18936=IFCAXIS2PLACEMENT3D(#18933,#18934,#18935);
#18937=IFCLOCALPLACEMENT(#18877,#18936);
#18938=IFCCARTESIANPOINT((0.31747928261756897,2.7078688144683838,0.099999904632568359));
#18939=IFCDIRECTION((0.,0.,1.));
#18940=IFCDIRECTION((3.1391647326016301E-07,0.99999999999995071,0.));
#18941=IFCAXIS2PLACEMENT3D(#18938,#18939,#18940);
#18942=IFCLOCALPLACEMENT(#18877,#18941);
#18943=IFCCARTESIANPOINT((0.21747688949108124,0.46863427758216858,0.099999904632568359));
#18944=IFCDIRECTION((0.,0.,1.));
#18945=IFCDIRECTION((1.,0.,0.));
#18946=IFCAXIS2PLACEMENT3D(#18943,#18944,#18945);
#18947=IFCLOCALPLACEMENT(#18877,#18946);
#18948=IFCCARTESIANPOINT((4.1174793243408203,5.0907764434814453,0.099999904632568359));
#18949=IFCDIRECTION((0.,0.,1.));
#18950=IFCDIRECTION((-0.99999999999998868,1.5099580252808492E-07,0.));
#18951=IFCAXIS2PLACEMENT3D(#18948,#18949,#18950);
#18952=IFCLOCALPLACEMENT(#18877,#18951);
#18953=IFCCARTESIANPOINT((0.21747684478759766,6.4999322891235352,0.099999904632568359));
#18954=IFCDIRECTION((0.,0.,1.));
#18955=IFCDIRECTION((1.,0.,0.));
#18956=IFCAXIS2PLACEMENT3D(#18953,#18954,#18955);
#18957=IFCLOCALPLACEMENT(#18877,#18956);
#18963=IFCBUILDINGSTOREY('0M4rZilK91xP3BRLE6GotT',$,'Roof',$,$,#18984,$,$,$,$);
#18980=IFCCARTESIANPOINT((0.,0.,6.));
#18981=IFCDIRECTION((0.,0.,1.));
#18982=IFCDIRECTION((1.,0.,0.));
#18983=IFCAXIS2PLACEMENT3D(#18980,#18981,#18982);
#18984=IFCLOCALPLACEMENT(#56,#18983);
#18985=IFCRELCONTAINEDINSPATIALSTRUCTURE('01I_TpiArEbOfp2OflaXZ8',$,$,$,(#16023),#18963);
#18986=IFCCARTESIANPOINT((2.2174797058105469,4.4999322891235352,0.12253236770629883));
#18987=IFCDIRECTION((0.,0.,1.));
#18988=IFCDIRECTION((1.,0.,0.));
#18989=IFCAXIS2PLACEMENT3D(#18986,#18987,#18988);
#18990=IFCLOCALPLACEMENT(#18984,#18989);
ENDSEC;
END-ISO-10303-21;
